//////
Buffer size (Samples)
32022528
Sampling Rate (Hz)
1000000000
///
1	-140406.0966139838	-254642.2550454480	-230347.7454561988	-191599.1798244036	-68047.6947189179	23217.1437687868	33536.2048987513	36212.2655680401	-192943.9640303226	-346368.2283582358	-322469.2797430609	-289894.7623682927	-127381.4991955663	300.0951200355	22669.0959024847	41571.5013490503	-170660.3447163197	-322184.6720079064	-310519.4713791491	-318406.5658426468	-177190.8125189866	-54288.1291660671	-20966.8307141772	30323.6460671687	-106460.5519874009	-208408.3830753150	-207900.4425634354	-230862.1642423734	-144127.7521494868	-61708.3605092015	-34142.3203604662	16950.3240878422	-43396.7972137615	-88607.5235464233	-90491.5572177187	-106972.2783560374	-71247.3558374904	-35616.9920396041	-21678.9306498225	7399.1263120763	-222.3591711435	-2396.8488783896	-4994.3594699332	-11404.6645641468	-11926.7787947285	-9754.4984630820	-7757.2510842367	178.9985240391	16877.3314436637	31479.9125295792	29677.5640229279	29515.2299251327	15000.4579086323	3459.6953454768	1241.0664002542	-2564.0707062228	28426.3227018179	59127.8076114415	58020.1867984939	54566.3536640205	28213.3384917018	6146.3085038133	2243.9855741558	-12110.2943877510	
2	-147398.0182971188	-271314.8330945015	-245222.0005616046	-205767.2998099338	-75295.3184108388	20655.4859748737	33061.3682587458	36960.3408020753	-199418.4274061061	-362401.4277778444	-336095.4396714713	-301706.0021434910	-132826.5877871978	-743.8692220677	23499.1969713322	43058.1920687836	-171203.2324933247	-325845.7351864288	-311619.6105881460	-316716.5591583525	-174772.5251422998	-51072.2533156658	-17657.6622557719	33042.0179883362	-103854.4731359123	-204509.2275767860	-202239.4007888447	-222696.5247165995	-138195.9058862561	-57249.9386192121	-30487.6928642236	19395.5678912046	-40780.3682947205	-83918.1916530762	-85135.8234293058	-100219.7943497778	-66820.3238180321	-32709.0809100393	-19623.2508923718	8728.5836670984	1418.9692316609	781.6933588754	-1781.6464648887	-7939.4487580743	-9903.0981968694	-8729.7370711019	-7165.0667639981	459.9398853207	17590.2012952881	33116.0023473475	31071.8326927843	30521.3904451266	15357.9534747538	3256.6247421815	968.7994641772	-2877.0658716264	29423.1812214201	61197.3054569583	59327.6717051196	55040.0930684798	27758.1270825339	5180.5642647576	1269.5250443688	-12625.7884719158	
3	-138173.2716507579	-255404.4241583925	-232475.4361729342	-194235.4375799437	-69978.6662659488	20295.9794544641	31030.3113258266	35365.9482654211	-191622.1908176644	-349931.0099919657	-327754.4732957997	-294933.6512635105	-130405.5297270721	-3046.3276313475	19866.3442846236	40948.5548743684	-171809.4194846828	-329074.9392767492	-318376.5492783081	-324646.9388500496	-180049.4719527453	-56158.7907513111	-22432.3953706591	30392.7215999936	-107871.5995659056	-213502.3296729103	-213369.6686073005	-234490.6369365966	-145255.4328782537	-61971.0616246163	-34324.7218178402	17187.2785489016	-44241.0830994980	-91014.1433830583	-93012.7966591520	-108337.6093050492	-71404.7463185917	-35331.4389519778	-21436.4815979550	7676.4676577689	-480.1896914572	-2654.1697295104	-5138.6658482428	-11085.7727369932	-11457.5779691097	-9227.8485945894	-7362.6087284552	309.6915781290	17081.6331102904	32424.9100833014	30710.4892645578	30574.8480769538	15629.0932783321	3886.3370976832	1554.4501610866	-2539.3503293681	29386.8728085428	61664.5013290643	60747.9874218550	57259.2040583429	29758.4375409712	6983.4458191433	2820.7324323676	-12019.2574007898	
4	-144861.2243150822	-263911.8683237001	-241884.2255821901	-203609.0333095501	-75253.6316323308	18485.0744415931	29154.0630356229	32480.7341341695	-199422.9756641324	-359110.8866418042	-338139.9727651733	-304449.4621496467	-134418.5150623961	-3964.3214187212	18309.9049629061	37037.4686850457	-170316.5926277900	-322781.2199961227	-314818.9340993940	-320848.3711617021	-176650.4458990870	-56072.1438027629	-24114.2969659360	25679.1923775662	-100927.5126990599	-199076.0245707022	-201597.1927423094	-222937.9970870507	-138013.3623828824	-61199.2920134225	-35503.3435631316	13442.2539012535	-39583.8866657873	-81940.6670174197	-85369.0072748785	-100807.8865988344	-66857.4946487673	-34712.5630785927	-21987.7249056664	5828.6991557943	1718.5722441401	1091.8939036918	-1741.2604956111	-7795.3887173430	-9655.7787397672	-8921.6184476129	-7372.6002534216	72.9159082006	17216.0840538261	32156.4814880324	30710.3582477936	30418.8362342911	15387.7356930721	3769.3279151477	1661.2140173318	-2075.7920943656	27858.7191966855	58144.9842750704	57720.3925766261	54012.8383567968	27606.9497283912	6311.2529119500	2733.3401385425	-10767.4982732157	
5	-143900.5552351145	-262250.1804229822	-242625.6846370155	-209016.2580723171	-81073.8909357812	13475.6597035687	24985.9727731677	31573.1402122905	-195960.6167887807	-352948.8441507179	-335410.9802289188	-308761.7947944647	-141393.9344861218	-11408.6774920456	11904.9068385856	34339.9826392220	-173372.6579657921	-327471.1427714889	-321377.9177069343	-331645.0082961595	-184827.4737234987	-61700.0199479566	-28520.5873475074	22569.1817130740	-106969.0161166539	-208818.2720674645	-211627.8013148743	-234069.4135018947	-144141.1978826906	-63561.2711241286	-36967.5305674805	11283.5871516452	-42989.1455545296	-87369.5516956063	-90711.6149260920	-106218.9589768803	-69499.7122006108	-35414.8890511080	-22251.1457633826	4788.0535722851	533.5967848635	-854.0905332646	-3332.0391334501	-9021.6634809094	-9944.6441305321	-8678.6642173910	-7078.2036116574	-186.4547458589	17355.6152568592	32458.6957372010	31247.0769618189	31448.8595568720	16252.7997070063	4425.7936232892	2138.1289732029	-1895.0823220453	29990.3241497985	61910.1595786566	61736.6293389454	58787.5220874504	30559.7112612721	7703.5382790515	3669.9311954384	-10265.1915871227	
6	-142295.1491230174	-257746.2110264374	-235809.7579883762	-199904.6986331622	-74138.7203958413	18613.2565443927	29247.2860606133	32648.2528919641	-195500.5762513191	-350334.7856558983	-329722.7725930944	-299916.2488178323	-133938.2876325067	-4729.1667995731	17678.6887011544	36873.1723206862	-170798.9121178690	-322563.6866955663	-314644.8357586259	-324671.3559264278	-181044.2801187964	-58430.7612141053	-25494.6949187772	25537.2666522768	-103670.2477745667	-203607.6694487081	-205856.8449141804	-229812.5535642907	-143377.5313029627	-63367.8150212251	-36666.4771021201	13353.0683189035	-41475.1575181073	-85254.5217976545	-88479.3130366222	-105243.7065006236	-70102.7663075195	-36040.3397078457	-22676.9596803850	5758.1377520226	662.3652598571	-802.3100327370	-3557.8097899079	-9685.1015794880	-10752.5727847595	-9257.4328252910	-7523.8192522464	65.2211283257	17014.2038664780	31691.9738054410	30234.7306706079	30460.2715688156	15678.8499106629	4030.5374956031	1845.0266082678	-2034.5249984011	27825.1415293633	57997.5029299373	57685.3807009865	54820.9645149815	28542.1766496387	6822.3638918202	3117.1416622698	-10864.2805135185	
7	-142837.7726960220	-256037.9670382051	-238096.3383388095	-206119.7992992933	-80976.1655444567	12177.8795238152	22640.0006135680	28651.3515704944	-209740.9442772288	-370507.5140980749	-353549.1528344046	-324041.8955735163	-146506.9863476113	-10354.1330533305	12171.3384247490	32482.4170783768	-180465.2387549165	-333443.2197572908	-328403.3455017668	-336002.4798252031	-182855.4113554058	-59813.3074715400	-27999.8138070798	17984.8129117102	-104380.2054933327	-200003.2317878214	-205043.1292460108	-228157.8651259513	-139524.7385320734	-64628.0906082118	-38954.0295282121	5852.3182039844	-41300.4531070127	-82604.8315096172	-86866.8868306712	-102043.1196407729	-66041.9244641772	-35136.4572041283	-22724.9383504013	2249.4528162174	1281.3466699444	485.6304171863	-2138.7565024223	-7837.6589610914	-9108.1532641021	-8729.1537967271	-7164.1407379205	-687.5945804154	17500.2083033544	32142.6248860802	30993.1965896009	30874.7571020002	15582.2188889022	3983.7013192712	2009.0019516261	-1464.1192660367	29151.6286914013	59191.2488528076	59179.7615498689	56107.8289004541	28671.3346603991	7284.7294974338	3595.7561176931	-8756.7544728511	
8	-133799.5758525998	-234865.2016730222	-219492.0265343198	-191994.6807387599	-76009.5357078617	11474.8229126695	20599.9930319055	25553.2400919753	-202635.7284441753	-351602.8668897097	-338059.5556768035	-314275.8886383986	-143590.6147122426	-12979.8186166938	8451.7892253853	27571.1433600745	-181130.8313347403	-328996.2654940921	-327749.1541274943	-340300.8303134593	-185704.2964013335	-65840.4253845293	-33504.2490436733	10728.4060741238	-107716.2427870779	-203079.7985178434	-210805.8256387503	-237766.8744593806	-144874.5128089825	-71399.5548323980	-44531.0973284807	-627.4570152613	-44295.6088983356	-86559.3781727664	-92096.4051337858	-108842.4726972212	-69551.6907966791	-38816.7777694503	-25458.5552121307	-1098.7644138526	-486.1657313251	-2562.8222741190	-5382.1329953713	-11168.1973710508	-10711.6159833477	-9774.8223520641	-7817.1736417562	-1420.3982736154	16994.8995097451	30619.6502692105	29834.1273053770	30295.8265481101	15387.1147492166	4470.3199427603	2413.1330393403	-906.9591587522	28340.4813071598	56339.4630360226	57471.6423687724	55955.0225471268	29342.4955511320	9090.7373588993	5309.6616741814	-6862.2643488984	
9	-145932.1125507643	-253924.1085206015	-233900.9393536950	-206655.8269588210	-83604.6709356613	12701.6776559302	24134.2990154931	28484.6176671623	-211237.4857730158	-362811.5720372858	-343129.3221971732	-321165.0656457854	-148755.5772576107	-9956.0009493317	13857.6081308759	31663.2630048446	-180222.9317500480	-324193.3020403636	-317379.6523767268	-332667.6425356549	-184774.8621900182	-60481.8228017476	-27375.1525506044	16301.7797020897	-103503.0768558935	-193635.8472645258	-197483.2326222339	-225524.8850129509	-140294.5191255356	-65156.2781411886	-38811.0366951666	4361.0408162653	-40596.4028833701	-79169.2036906018	-83189.7442140733	-100829.4260000959	-66557.6321279819	-35857.0748343166	-23057.0047476576	1220.9685711259	1590.7981321150	1107.7582332038	-1744.5926937436	-7616.3461343214	-9119.9898461483	-8939.5876213146	-7376.2364145641	-931.4918627286	17524.8235302347	31203.1940393963	29946.8337490407	30626.4272242341	15857.3682567472	4130.0890223283	2022.7995531146	-1292.0625019986	28386.1905358628	55774.5204376119	55652.7188389374	54052.9453574683	28390.4916548750	7245.0832753741	3601.0169170904	-8071.6635938299	
10	-141308.6142435725	-247233.9716419640	-227404.0477313971	-200787.8063883026	-81038.9165247666	13222.2780432575	24587.3015477104	30460.8232464345	-204974.7821843422	-353979.4989057704	-334641.8529105510	-314909.9055095213	-147640.2987157041	-11134.2683240998	13073.8840076586	33629.1523847212	-182748.9698442297	-329562.3601224738	-321826.0422332678	-338826.8342247058	-190167.1452597372	-62508.1024878486	-28010.4341783384	18165.9059382195	-110597.4178198548	-205944.9765205295	-208377.6052798830	-236762.6390211291	-147270.0960214009	-66311.6992217479	-38582.5594021809	5820.7628289684	-45106.6852665723	-86968.6379618748	-90117.9718927875	-107815.8733261784	-70628.6178390413	-36450.5369180097	-22801.9420627878	1905.4347339473	-90.4977136096	-1627.8415465512	-4136.3108931312	-9878.6809346220	-10208.6823376343	-8976.1090562244	-7234.2087030730	-927.8594599402	17478.3647652053	31374.5862312932	29999.5455069631	30868.6035860754	16139.6928772144	4321.8018325099	2014.7512231389	-1517.8808898535	30015.8380540100	58911.9452925141	58561.7620954848	57367.7693743604	30563.7933025150	8127.6408078713	3953.9935935102	-8515.8738917802	
11	-144698.6102353943	-250722.5183151062	-229445.9574359651	-201987.1573852008	-80749.5373926756	15218.8598566609	26497.1123888782	30081.3337340512	-202323.8679779435	-346426.4479616350	-326017.9472841120	-306441.9004380916	-142630.4300442488	-8535.1556014566	14924.3591401653	32388.0738630004	-175301.4461629013	-315217.1225627158	-307881.0793161614	-326491.0854968103	-184020.9314822365	-61326.3665189706	-27630.1128355638	17311.2970778572	-104504.6019092559	-195134.3980078025	-198222.2740001039	-228044.9298513846	-142994.0809689978	-65873.1556034552	-38696.4075510840	5656.1637876935	-41649.7258360115	-81034.6060923110	-84694.7836752926	-103613.1772192377	-68941.4008927715	-36859.2852022176	-23400.5025312180	1657.1373822829	896.9879125096	-214.0950211051	-3020.6036590240	-9210.5396310997	-10158.3264651685	-9424.3061404771	-7643.3263602424	-939.6103393211	17243.2142891404	30630.2167104359	29273.7787587538	30185.6081528604	15768.7217309014	4114.5059348219	1907.2988985754	-1469.2332308055	28123.0621622378	55202.3887463226	54942.2211782905	53763.3396159104	28543.7781791619	7277.2320856117	3484.1796295408	-8600.3997885489	
12	-146954.4959488520	-259323.3344325595	-235801.5363624009	-207126.4213703553	-82854.9800450483	15337.8664080487	28221.5908390493	33887.9044472691	-209701.4697842719	-364974.2358289764	-340367.1491040307	-317955.9746898184	-147962.1573352360	-6873.2986627414	19004.9662427651	39290.7336615023	-182647.2943977440	-331919.5766200595	-318765.4332929617	-333952.0917204288	-187938.5605223922	-56665.2172020897	-21447.5843965848	25652.5873365151	-108565.9615380772	-203859.9783782217	-202635.5494152117	-230126.6117453313	-144679.2336694967	-61553.1661790100	-33783.1850986905	11818.6632930417	-43156.0857886048	-84179.3301315874	-85721.7960985466	-103243.3940505884	-68897.9779765045	-34094.5269410335	-20679.7300750272	4839.1445032697	973.5224132211	110.4793015717	-2317.7473078952	-8172.1030014870	-9587.1027656530	-8533.3655956207	-6999.5718893899	-353.9971869804	17814.4491647880	32087.9421537238	30223.5456958301	30894.0142839441	16154.0388846252	3820.5812148248	1475.2070352472	-2115.9714331111	30229.3947341072	59727.0430886656	58213.4677417098	56379.7276337458	29724.5375195862	6509.8298947541	2356.7717996530	-10339.4847277517	
13	-138197.9534797503	-247529.7199341664	-221832.9975547215	-188034.1444033401	-68884.4886290052	22457.6613454128	33853.6700872586	36743.0371548430	-205560.2627180465	-363437.6714572941	-334476.4640433135	-303796.5120295312	-134562.1882344829	3230.5951360242	27978.2195774175	46313.7542829848	-181999.4850974914	-336481.3775951730	-319145.1923725697	-328947.7419666555	-182842.2229890157	-50386.9737674677	-15005.9799730989	34085.1003713386	-108187.3260594541	-207597.8930253102	-204303.2494333989	-231385.4470972435	-146966.3172886288	-61506.4126424997	-32659.7387779004	17700.9036328425	-44071.3079751855	-88003.5388566449	-88572.0292434126	-106226.0978061445	-71609.0960313939	-34740.2714568943	-20499.4782183343	7873.8243406642	-264.3397408225	-2315.1564828361	-4752.5594491478	-11140.7670799757	-11851.1942212682	-9543.7031150070	-7574.8176253917	195.4444461099	17078.6482426372	31261.6348770466	29026.0294482684	29074.9318030107	14786.2620834932	2930.3975071550	673.8251081239	-2780.5938919001	28007.7069712922	57073.5406363920	55268.5104076730	52941.4025665931	27822.4239105670	5796.7627520226	1746.3820130628	-11909.8724388031	
14	-145903.1681106501	-262989.9193897496	-237827.8690521872	-202001.1497995411	-76139.3471845821	19527.5430746754	31670.0753039860	35615.9093218374	-211593.0533614336	-376052.9924073452	-348713.8257916427	-315079.0830965001	-140023.7641260553	57.1814512583	24914.2258260185	43705.3603563092	-181270.8234083205	-336469.5652790436	-321392.9519458301	-326851.9049439195	-179367.1591909296	-49909.4049019490	-16185.9078428786	31499.8506621339	-105304.7044780475	-202815.1034551676	-201115.1740414748	-224087.3330195542	-140079.0547374648	-58826.3740456718	-31901.4060931105	16218.9541432831	-41396.5462844158	-83187.1812883730	-84684.8879488840	-100316.3658364511	-66938.9933027149	-32947.4482224514	-19924.5653609859	7196.9461678978	1457.8990590624	789.1800982109	-1860.1600163485	-7915.9947147208	-9773.8700604774	-8753.8311418761	-7220.7219617389	128.4530270689	17639.2057581463	32338.1832210124	30284.8685375496	29917.3963699555	15084.9475729087	3046.0106265189	847.1176911454	-2568.3743294721	28833.2378915244	58537.1002434286	56844.2404896953	53333.3243576522	27291.3682947205	5268.4071213865	1471.4366975649	-11447.9922244740	
15	-136885.7462906114	-246020.0756697285	-224063.0893980638	-189767.1081708477	-70921.6722617277	18862.0329597963	29428.4437416059	34183.5497489767	-204033.2378155778	-361902.1748938747	-338731.8516074683	-307085.6911144554	-137258.3419592607	-2369.0738400166	21086.4950384929	41525.3766608308	-182375.1963507691	-338027.1681895945	-326268.6800222643	-333413.7675306584	-183750.0426229934	-54852.3800074747	-20932.0848972323	27950.0267461707	-110610.1872401829	-212260.1869533848	-212524.2748794848	-237007.7761216104	-147741.4332040244	-64233.2616687852	-36198.6449929250	12966.9663516884	-45491.2035996658	-90560.0102727680	-92740.6771992517	-109038.2992033608	-71855.1241096268	-35898.2369511864	-22019.4469593406	5490.9459030842	-576.5512239383	-2862.7691465208	-5324.9087622314	-11429.0759215512	-11581.1720758586	-9522.0303186557	-7593.1743402645	-271.6373632962	17171.5447904675	31508.9561588642	29784.4111585444	29725.0439130852	15139.6069626983	3494.3790311621	1300.0605953409	-2231.8416314914	29217.9913730734	59269.1015035415	58279.3307621435	55538.4463787494	29065.0336113376	6938.1496916171	2875.3131785223	-10598.5204735866	
16	-142853.8962630308	-255494.6197876695	-232500.8985714057	-197299.2490206894	-74157.6001944631	19265.7851032873	30188.9441633090	33351.6523497458	-208002.2552543010	-367008.0877332358	-342868.6744771681	-310299.9037007946	-137929.2612780602	-893.1374192568	22480.2288468918	40269.0687765813	-178546.5693042098	-330284.1182457550	-318750.4803008682	-326354.0742687148	-179774.8909977376	-53188.6485494212	-20078.7516948069	27110.0541238968	-103609.1029894954	-199871.3129986489	-200955.5628637439	-226655.9427153284	-142625.2451783944	-63252.1124038677	-36117.6761290052	12554.0825618764	-41035.9724483963	-82737.7776855094	-85481.2472629269	-102625.7467492885	-68803.3064852344	-35446.5813717143	-22149.6635378693	5340.6536218502	1144.9910802795	59.7428520322	-2759.8462842159	-9142.7914308327	-10604.2264505788	-9445.5142959357	-7707.4585172039	-143.2948564211	17236.2050466472	31407.1774960428	29652.2117209485	29501.9445180593	14920.9450227040	3240.6594347579	1174.9222257531	-2161.7879952513	27717.3270197781	56426.0280612449	55491.4451785943	52483.8654757051	27159.0547584501	5886.4890377174	2269.5588605622	-10589.9544920376	
17	-141397.4537345709	-256140.7312262167	-233416.2876694807	-199121.7482762135	-75708.5212420456	17684.6334440554	29395.1766226576	35012.5222133618	-205645.4688699156	-366921.0321883394	-343114.9699111825	-312681.3328496738	-141091.5202967111	-3952.6222309494	20608.6058274974	41863.8079711883	-181683.0625349754	-337831.1286124568	-325234.4590008634	-333372.1286894027	-184667.6610955887	-54710.2485050524	-20368.8449051868	29032.1881225617	-109434.3236451538	-210166.2065575835	-209503.9391398455	-233588.1535189227	-145803.0596629973	-62033.9130801915	-34272.9133849770	14493.7405376615	-44278.2820274527	-88246.2921373353	-90008.0065274047	-106048.6117463306	-70165.4885800397	-34480.9763086787	-20901.5005626039	6339.4656251999	112.5096042386	-1480.0337482412	-3877.3875061956	-9927.8522190378	-10762.8464670872	-9043.9265537062	-7270.3285047327	-122.6388772304	17439.6098466679	32186.5040181712	30377.3264991446	30252.6544372762	15412.4809524095	3449.9696343774	1203.8215246466	-2458.1562989655	30011.7587738232	60911.9562068304	59522.2218348283	56485.2913978559	29292.1617141532	6436.7419516660	2293.5678542306	-11179.2661276461	
18	-141384.0649532729	-255705.5750731485	-231716.1910544976	-194549.2620265333	-71073.6919848427	21520.0766030714	32442.3301675620	35180.0700117118	-196474.7169962346	-351048.0544846428	-327108.7299860898	-295548.8171217463	-131277.7405036854	-706.9814080887	22376.4743110850	40809.9737334916	-172446.9694165308	-323817.1302073341	-312262.0663922598	-321269.8724637855	-179428.8666898503	-54758.3656955503	-21073.6806847979	29472.6323008602	-104802.3925596380	-204372.8281000176	-204279.8730243908	-228576.5495221364	-143693.4133440058	-62008.0127330359	-34539.2226572493	15860.2636953585	-41970.9371902181	-85444.9303970005	-87570.2127792034	-104481.9720236953	-70132.5026381427	-35351.3764299933	-21667.3414246371	6886.4971829832	540.8127448276	-929.6903959612	-3594.7900637951	-9900.7029781034	-11031.4010536582	-9386.7021446901	-7576.4931178450	133.2962724242	17017.2465024623	31525.1412645498	29721.9491068288	29732.4493316705	15230.6668575323	3545.6725405315	1303.5803294481	-2425.5991382067	27524.4816379269	56875.4159541683	55836.5410710860	52715.7654231421	27378.0258647912	5911.5451172375	2167.2645847323	-11428.9988318224	
19	-147556.7096883794	-266431.2858907330	-243938.6974759769	-209071.8936298846	-80711.1827713290	16297.8548981517	28387.0239181616	33742.8386965576	-204897.8631803211	-364956.0436222899	-342863.4709234699	-313020.3357176548	-141880.1448370347	-5980.3847731197	18141.4048799645	38580.7449055865	-176142.6994236058	-328647.6704130292	-318688.4488520082	-327393.6148401526	-181727.1962818176	-56112.5414578137	-22812.2644977936	26183.0780880260	-104519.8168899095	-202123.5881229614	-203065.4839143243	-226098.7654311365	-140553.8839307128	-60826.1024518739	-34375.2086381188	13107.8974661838	-40958.9641412446	-82647.0533014758	-85275.0674385233	-101133.9720836531	-67152.8732652213	-33979.4868622490	-21127.0453530714	5561.4890666970	1602.4889457822	1189.7787637503	-1453.9532858867	-7433.2226612465	-9330.6877268403	-8601.8204613952	-7135.8993308711	-172.6044194887	17564.5799986809	32460.9456652517	30834.2920633874	30780.3719691337	15765.3447413021	3768.0180892652	1553.5768928674	-2190.5593592111	29384.3097499360	59796.3539718039	58796.2319217271	55592.8868086867	28691.2724871690	6328.9676857492	2463.3816233372	-10609.9855311860	
20	-137903.6072524943	-249454.7513640397	-227807.9724933647	-193122.1577449476	-71939.1971132323	18677.8288664780	29351.5450073148	33647.3028288085	-196563.0774914460	-351176.5178594270	-329843.0031437868	-300645.4392677555	-135390.9415131747	-4630.5486547471	18518.9424744980	38936.2047298702	-176775.5715955967	-331039.5523311589	-321423.9694335188	-331624.9987748625	-185521.1300664332	-58653.4766994036	-24590.2206126887	26657.2146259034	-108894.5720412829	-211016.0346036390	-212060.4940072189	-236557.4976416603	-147940.6519260441	-64384.3526027676	-36667.1415053802	13481.2556859971	-44562.5386098187	-89761.7413590832	-92295.9617019618	-108893.1212496403	-72207.9927810821	-36210.8275793841	-22381.8210439850	5797.8206262791	-320.5093604103	-2417.0279483244	-4946.4823404323	-11034.9195776174	-11432.5801016085	-9399.8290493493	-7531.1015585028	-91.7971588002	17206.2001760760	31887.9487760617	30317.4027474658	30484.2762215400	15752.7139413853	3979.3660992661	1672.2230399799	-2203.8840866030	28778.5300468470	59127.8309520098	58524.8317074779	56056.3209510505	29592.1924804937	7321.9105929426	3285.3273825227	-10727.1650757866	
21	-148361.6174653044	-266723.3268049294	-242616.0535812788	-206333.3141578329	-78059.6419560629	18636.4300602376	30622.0757396793	34080.1072754781	-203746.6301723587	-361887.9939812372	-337996.9643311109	-307243.4413712746	-138117.1189402661	-3586.6513624408	20391.4183544784	39121.9240994340	-174881.8606061333	-326171.4114963066	-315154.9588389774	-324080.9504109107	-180711.6932179745	-55343.0012571150	-21899.0987274958	27685.9783512407	-104044.7782651014	-201516.9550056760	-201914.1070406434	-225298.3463081990	-140991.9152336755	-60653.6351988200	-34021.6380448164	14669.9610314339	-40676.9991176212	-82484.4100553211	-84972.9286862049	-101272.4840422343	-67842.0589435038	-34276.3658824188	-21247.5836830871	6367.6990118956	1604.4562498001	943.4643281130	-1846.8254259002	-8059.5389295936	-9937.9518279131	-8980.4707126183	-7410.2653332054	43.0803904052	17512.2237224994	32198.8103675013	30454.9158242597	30334.8691880916	15495.3127328361	3537.3669556632	1335.8932941209	-2319.6527294784	28806.8953996387	58707.2019538245	57569.6814372682	54320.9279337347	28075.9424964825	5977.7021506859	2175.6447620875	-11062.6813982956	
22	-142191.0985476225	-255467.6206630532	-234536.4941011528	-200906.4619258042	-77203.3958982876	16239.3554617549	27510.9500511640	33144.5440110162	-199377.9002122506	-353743.4526653236	-333812.1142835444	-306310.7239953073	-139964.7944007419	-7790.9478257307	15813.4820096652	37069.6072784760	-178122.1277370731	-330927.2155842287	-322366.5532175348	-333101.9691607109	-186110.0743146825	-59919.3043857125	-25920.9460719653	24013.1890549053	-109837.0189536566	-210760.0981269187	-212165.6714153236	-236048.7232258490	-146356.3470866510	-63863.4393217175	-36453.2280104806	11455.3686774511	-44602.8786314435	-88827.5504864575	-91517.0863002446	-107705.9499012695	-70799.7889315922	-35688.7173170088	-22133.6757063028	4709.4242033608	85.8947271121	-1547.5574495555	-3993.0047856309	-9849.7979342543	-10496.5695660255	-8948.2552423094	-7235.9090080583	-345.4852463865	17462.5779471252	32176.2085461835	30736.3685545376	31045.0428898056	16137.1864367485	4230.6452417498	1927.5537481613	-1976.7206646521	30290.6034601640	61264.3776011688	60588.4682353623	57982.5458996866	30448.3491032313	7522.7524802539	3362.8930033257	-10226.6729492437	
23	-143493.8594179697	-258728.4457002271	-234771.0985216408	-198842.7054833397	-73773.3050242629	20189.8898265621	31586.6048661742	34391.9100733084	-199842.8498606981	-355944.6624676228	-331838.5673146105	-301409.2018478991	-134522.9282205327	-1797.9681843982	21772.8774133010	40051.2557839281	-173332.3619671751	-324440.0616765797	-312915.5850671128	-322881.2919204880	-180452.6180708781	-55217.9730499728	-21427.5855317856	28647.2926339857	-103969.1809895833	-202266.1523177683	-202305.0265852840	-227184.7161698164	-143092.0511629813	-62011.8124700211	-34686.4415711339	15269.0386857652	-41326.0263224690	-84051.7414899911	-86269.2698830024	-103338.0025482061	-69557.2272939850	-35205.9814490599	-21663.3247843518	6674.0688895018	822.0413788693	-459.2947834724	-3166.4129722675	-9537.4760318736	-10907.6758262183	-9400.9167456111	-7618.4875527629	114.2514299933	17010.1459502510	31389.2084662398	29590.0496760281	29636.1559951794	15176.3236321630	3513.8490462714	1299.1769923974	-2311.0814436637	27750.2245958845	57208.0906491830	56187.8570676244	53243.6737796591	27661.0693571725	5986.3760402677	2237.7853171367	-11361.4915579432	
24	-147349.7567972148	-271160.2545238152	-245618.0840228479	-207825.7178816113	-77568.3352649735	19168.2236265669	32178.5072429010	37472.7369272033	-201974.0764361889	-366572.7140782889	-340486.7998159296	-307943.4269124536	-137584.7579863776	-2720.6391530363	22600.1946799453	43955.8295589905	-176098.6822636864	-333812.2474208158	-319162.4728071438	-325153.8164092479	-180287.0860774015	-52426.3635420664	-17925.4509575259	33629.0558037142	-107735.6278599866	-210697.1767305817	-207948.8689062900	-228755.5787155842	-142138.4813271457	-58028.7136695766	-30565.7642299821	19537.6421888990	-42645.5597319487	-86787.2807683391	-87715.1568086067	-102794.9990196901	-68401.6825694711	-32881.9904707086	-19493.3161174533	8714.2604866174	926.9265976752	-16.9177509034	-2432.6138688363	-8439.4707625831	-10093.0007114991	-8612.9934685981	-7035.8040719334	389.2770059878	17615.4417709932	33097.5008094302	31054.5673036183	30741.0997907473	15675.3713675572	3465.3291133042	1101.6553995987	-2846.7375627558	30259.2544258842	62528.8656515813	60566.4749496355	56719.7601958221	29019.0528298078	5713.7168893099	1502.3834840272	-12617.3721719909	
25	-138555.8746982125	-254568.9713941385	-232772.3118094861	-195296.9536726145	-71174.4058782617	19861.3052650934	30417.7507484731	34316.3576362241	-193835.8262093486	-351966.3417114352	-331071.8572165196	-298838.1443094062	-132794.2730797518	-3430.9875997298	19326.0329987689	39753.6248780858	-172611.1192980142	-329571.1262561157	-320580.8869985530	-328681.3141678259	-183479.5959534488	-58205.6152508634	-24442.2471410127	28376.8600994900	-107040.4927431089	-212062.7026873081	-213502.0101078840	-236826.3682307655	-148166.4208557176	-64625.0167891804	-36847.4505458157	15425.5069860818	-43734.7879862577	-90242.6864247570	-92960.6768425029	-109445.7703716583	-72886.5534193927	-36719.8338379781	-22775.6020261736	6733.4423945542	-409.6755004477	-2673.4490228879	-5296.7957837682	-11569.3154659120	-11993.4876746770	-9692.6736567457	-7749.3296689131	173.7774436796	16879.4598362753	31873.2626281098	30337.4585032137	30342.6160582950	15613.8127997889	3919.0583069519	1681.9239955072	-2260.1484005260	28531.0516426436	60053.5543297519	59554.6914122458	56387.3018864719	29430.9801309878	7042.3955855078	3057.8152190858	-11559.5068631683	
26	-150411.1866725825	-275586.8564090880	-254226.3203884465	-217667.9576308279	-83948.3717992533	14739.6093769986	27044.7681522208	32086.6318921479	-200806.5708051532	-363635.5547354663	-344318.7977623753	-314272.6011627814	-142639.7347187580	-9226.3977919545	14580.5908740247	35331.6117443320	-171757.8988242277	-327204.2603776941	-320644.7130650022	-329986.8338389774	-184482.9499372442	-60704.2208755036	-27492.9732788117	24460.4279637135	-103674.9801289892	-204744.8154689099	-207630.8931682096	-230065.6425426500	-142915.9168965049	-62892.4354644330	-36540.1363510089	13150.8545463993	-40394.1860070510	-83555.1721228255	-87157.7068833541	-103176.4474380036	-68695.6525186269	-35343.9599112225	-22412.3285696869	5704.5391234571	1476.5128749360	702.6523647352	-2088.4507836483	-8289.9990936381	-10044.2225403316	-9036.2650663933	-7480.5162395673	44.0438701154	17442.1994605798	32758.0030128789	31453.8441936876	31422.6411116574	16173.0379802619	4188.7142081974	1959.2684330232	-2007.8063013638	29038.7189338706	60592.1158394490	60310.4557771329	57124.6092051196	29671.5854128693	7150.7250245827	3285.4906106101	-10561.9475169481	
27	-142860.7517008026	-262558.4799860898	-240662.3561872442	-204349.0344157713	-76660.3197209165	17461.2940439930	29101.1808936509	34167.5484798702	-193238.4063529275	-350933.5272678034	-330750.4198124520	-302405.3414026526	-137606.9439354694	-7987.6598724498	15868.5965570239	37799.0097681232	-174518.3855185949	-332227.5383649910	-323632.4016362481	-334732.0498718902	-189116.1065809670	-61915.7141752206	-27087.5300118716	27296.6782595053	-110194.4835405874	-216053.5148165691	-216951.6687462027	-240304.7352493844	-149963.1744162110	-64319.6129614751	-36300.5727887567	15264.0250193864	-44806.3649440794	-91319.5332356021	-93790.7357090608	-110148.6907237305	-73132.3437420056	-36274.8079402101	-22309.3091353687	6745.3774902469	-479.9488969765	-2683.9448368349	-5126.1918959053	-11285.6411746131	-11681.2793763191	-9388.6558822589	-7494.5141870123	210.6114055705	17359.9545190186	32734.0120205375	31274.1899053067	31566.4732008666	16529.7525831814	4446.2247627670	2015.6377680113	-2217.9380606053	30098.1493098858	62635.0976642444	61947.7021766676	59260.9361009849	31313.1671743093	7822.1671443304	3488.3486855254	-11302.0603295280	
28	-147083.4438575243	-269591.1769264438	-246432.3820260536	-207861.2824441593	-77134.8422190778	18954.6256585364	30536.5838040020	33778.6573172487	-197069.7928598267	-356871.8064092878	-335209.0012810981	-303179.9089051308	-135434.7219177699	-4507.5732794113	18743.8387635105	37995.2297322685	-169744.7413081191	-323886.3989241574	-315216.3942954160	-324433.0342019218	-182247.7864803179	-58679.6890718934	-25196.7924970821	27823.4351306680	-102738.8266680257	-203537.4114383474	-205091.0740518675	-228131.5773365551	-143166.4022997810	-62470.8611037829	-35694.2503347643	15737.9182395594	-40437.1067388558	-84024.5347785159	-86972.3326817920	-103571.9469983132	-69738.1916121051	-35618.5406084117	-22319.5210731645	6993.5291045104	1061.6154077529	-21.5780110802	-2843.7498381140	-9301.8184228303	-10904.1359692776	-9439.6730171959	-7713.6343114447	312.7177956718	17175.3664670072	32298.9427333157	30740.7714998641	30733.6422958237	15825.2018678850	3956.4052916747	1735.1242415340	-2236.5745924869	28255.9330911039	59133.2793683247	58513.9792665963	55281.0653839697	28788.9057863264	6628.4502909951	2814.9776047662	-11461.2904625144	
29	-146703.4752514230	-268878.5201747969	-248120.4578057048	-211820.5737091088	-81301.2766592319	14989.1555365023	26855.1418581319	33443.2560347515	-200340.1962738232	-362351.1581426676	-343345.3312567952	-313229.5515127350	-142466.6798713706	-9425.5727507834	14382.9521616782	37001.8297908273	-175475.5468090464	-332827.9133609938	-325693.0178094622	-334518.9558980478	-186845.3816133442	-61262.9291528764	-27560.3242847036	25033.1551817520	-107480.0087668281	-210492.8920160207	-212704.2302578985	-234513.5592572829	-145050.7838911406	-63178.4650516037	-36406.8294570622	13056.0835631715	-43083.6567776286	-87885.9145731405	-90995.2066175412	-106431.5364343502	-70068.8711297247	-35370.9649876487	-22138.2195614288	5609.4989367485	414.1645491574	-1108.2546687132	-3642.1435289556	-9610.8401885073	-10540.3230066034	-8994.2940080184	-7327.9450706702	-88.4929509625	17531.1547530539	32912.9901469366	31593.2098052971	31583.4652804426	16299.2145409632	4284.5078015077	2008.4919966344	-2101.5622092047	30480.7750363744	63155.6080139582	62674.8810127670	59425.6434130372	30931.2404107508	7580.8710737641	3437.3690611809	-10853.5054971300	
30	-143767.9243592511	-259610.4577257611	-240347.1539226384	-204906.0972775166	-77312.7959736346	16654.6859740743	26851.7569121339	30816.0445696230	-191945.9474060262	-343204.1142525662	-327069.7758158257	-299910.8374084645	-135865.1892497682	-9154.0332086211	12438.0010172838	32218.1470115039	-169899.5129268994	-320294.5801076043	-317278.0129259002	-330268.1868544545	-185794.3846671943	-65070.8858803402	-32255.2946055977	19619.6558622730	-105141.4193837538	-205397.3328616654	-210592.8924567105	-235392.5640229279	-146343.4811282857	-67003.7183552779	-40373.3929563587	9107.1238088386	-42432.1085925508	-86541.1592189099	-91056.1853495139	-108275.0979820207	-71699.4597803147	-37944.7276627254	-24451.4909293857	3569.4195936061	159.5930275086	-1674.6587982061	-4500.9412913309	-10821.6467027213	-11365.6247661646	-9790.1671892987	-7896.8798455887	-361.0293393451	16789.5737600729	31246.4447718806	30274.6105072029	30677.0101048862	15932.2630837890	4536.9599761768	2354.2305087219	-1582.6482526301	27935.1616302123	58154.8005713977	58703.5595210971	56357.2207595853	29664.0975283400	8047.3746422519	4295.8410848762	-9643.2462176628	
31	-150151.1454615950	-269382.2294384753	-249458.6084346620	-216306.3525657937	-85255.4897212363	13266.0058718662	24921.5655878262	30550.8391132643	-202467.8363761912	-358314.7922852312	-340723.8058716664	-314706.8634741142	-144616.8352339953	-11154.1399884481	12014.4779235418	32391.4405948212	-175120.6099515941	-325015.5275705903	-319950.7281893547	-332752.2222195574	-186240.4220298910	-63097.6093690042	-30046.5771836627	19267.6174473171	-105277.5649892476	-201883.6082387999	-205625.2242831047	-229790.4884781114	-142060.3550020785	-63793.7671938955	-37723.3728714985	8561.2252174469	-41401.3007182943	-82752.1688161534	-86671.2871438507	-103204.2654930929	-68075.2864843150	-35601.1740504685	-22784.6472023695	3321.5970966440	1378.7627310373	803.7233727456	-1941.1712904116	-7907.9970520753	-9469.7476666427	-8796.7829008378	-7291.9543361474	-433.2435885137	17576.7700638750	32291.1795326090	31178.5225141500	31624.0082481933	16453.3570656258	4541.7564734427	2340.2852471860	-1569.3326837906	29768.9415411550	60139.4364557352	60058.8860632115	57439.3051032073	29898.2973966328	7429.5888924197	3664.8831372714	-9412.6180189147	
32	-141084.4989517380	-250879.7519176500	-230460.5795260137	-198840.0870377254	-76830.0194453105	16267.6761999552	27037.4201702002	31912.3122501759	-196161.7421305401	-344811.7094555433	-326005.5611999152	-302218.4326174373	-139426.4996952146	-8909.8288844653	14135.5358077913	34658.7380174357	-176967.8549920856	-326940.3403903652	-320124.7685459437	-335611.7564334708	-189955.8356377110	-64008.0136663789	-29536.5521193080	21280.6458123481	-109907.3565859635	-209729.7331208829	-212159.2125493652	-238529.6770413629	-148780.1095778572	-66099.8266910095	-38406.3556536199	9659.7842888606	-45366.9095476784	-89947.8926615663	-93063.3085138063	-110679.9343622090	-73056.2056812004	-37358.1902730478	-23377.6956562580	3775.8206322749	-730.7998119324	-3099.5495790963	-5650.2002909951	-11781.7026013686	-11689.1590560246	-9615.9570242549	-7645.5554559590	-444.2536104582	17248.4031581766	31540.9509595245	30216.7801038069	30954.8292372170	16277.5996548430	4508.7624102632	2195.9657581063	-1715.3210489815	29635.3028737769	59773.9730539700	59557.3612756619	57724.5226560501	30757.2036985962	8028.4186192920	3931.0987694663	-9773.0972275518	
33	-150090.6552107316	-266253.3158466439	-241853.1469005820	-208046.4097255532	-80099.8470396841	18485.5622112033	30764.4442362577	33896.8702813219	-204230.5007544688	-357923.6386973570	-333958.2792404147	-307383.9724843710	-140174.7125833413	-4503.7106936717	19853.9678826106	37893.9654982892	-174852.5652780443	-322032.3030716376	-311328.8772054474	-325098.4993714425	-183587.6739615311	-57818.5370409232	-23688.4772600090	25550.8473914364	-103914.5676393819	-198443.8784625624	-198807.1087034728	-224574.4767223875	-141349.2622693624	-61290.9086173334	-34486.6954563987	13019.4909113984	-40521.2278775742	-81052.3923887583	-83546.7311152948	-100980.9078268899	-68049.1867415340	-34732.8328676612	-21579.5714696853	5451.2883979678	1435.9372361857	643.3633052331	-2114.5250343758	-8423.3997515749	-10124.1323368349	-9142.5018736809	-7526.5241549949	-116.9683502814	17445.3255847883	31715.4416460812	30041.0485987865	30385.3779878965	15789.7794392748	3801.3964219190	1543.7946825435	-2132.9405898248	28906.7435555369	58225.6652026973	57149.8248872794	54764.3480279883	28736.8221212267	6431.1754035159	2531.2963833461	-10546.1844631380	
34	-146329.5664781994	-266567.0946483676	-239892.4878785335	-200717.7882470741	-72619.9545579912	22892.8762451234	35023.9006739256	39244.2739551356	-197050.2184741942	-354055.0486617421	-327270.5256159664	-294948.5420434015	-130859.4144802059	312.3238600026	24554.4612912510	44950.9137497202	-177092.3964868732	-332235.7827309574	-316608.5269410335	-324517.3971524047	-181471.4003331655	-53024.8035732844	-18034.8529035559	34574.4730269890	-110715.3315276046	-213285.8172336675	-209295.4895143819	-230720.9340624201	-143497.4939622506	-57682.5218955855	-29798.1827293585	20135.7391096668	-44646.5850101529	-89185.3039210396	-89485.8094261640	-105222.7629249009	-70061.7363765909	-33294.7141232572	-19465.6876309078	8824.9005729966	-11.9266806168	-1470.9579436077	-3768.4646728703	-10031.7846805849	-11091.4736535479	-9004.3031845581	-7244.9832188140	317.1180279084	17748.8049812932	32987.7160858755	30850.3739907105	30829.6973290803	15927.5993370667	3630.8881727264	1189.6829032361	-2914.3908158656	30587.7692414540	62029.1937426052	59837.3157077417	56393.2666512775	29210.5340010632	5780.2279535207	1548.1709626423	-12618.8563211499	
35	-145741.3635510601	-260419.7917805865	-237966.3097019698	-199323.8490642588	-72763.5790523472	21126.8069279227	31187.7729348539	33998.5664252366	-194227.6331882355	-343106.6675100729	-322726.6725475265	-291266.1955633234	-129138.0432565474	-2613.3052071342	18666.9603379221	36773.3463101976	-169673.2192676356	-315693.4992395354	-308474.0274616670	-317904.4120689035	-177453.7284561669	-58010.1809336227	-25901.0306594158	24295.6771382946	-104029.2662965272	-200493.7194455104	-202892.4207947605	-225771.6479148679	-140288.1246082758	-62195.3854976097	-36181.1281038149	12268.4108297758	-41353.6456794417	-83294.0705153572	-86614.5036754125	-103143.1822986617	-68625.1694417130	-35717.4143782777	-22625.4361709357	4956.1343134433	615.9317960156	-735.5098240838	-3526.2829098315	-9962.3939416651	-10997.5309731949	-9635.6015974754	-7830.3431504221	-274.0720552731	16869.8496028796	30960.7778563891	29599.5662063907	29625.4619108148	15164.6787601529	3832.0783928115	1773.3287695462	-2042.0882598651	28000.6411826074	57122.0049954832	56712.9235708062	53414.1723566609	27602.4631889150	6342.7917166315	2871.3914214393	-10628.2592364975	
36	-149398.1193050093	-269487.2519276430	-244826.8934799901	-206778.7836672982	-77537.5150134305	19640.1997553722	31811.5994000224	36714.8538289045	-202812.1951895865	-360942.9624894075	-336512.1884992965	-304227.9187591935	-136237.1061942393	-2563.4232510313	21436.4609494916	41547.4235797998	-176541.6603271297	-328785.9549217351	-316317.9819207278	-323861.5205705183	-180290.9823374345	-54433.1246432512	-20777.7838231885	29501.9455933023	-106922.8754247010	-205353.1846739895	-203976.4420947653	-225202.2546487273	-139663.7292596012	-58283.2912439642	-31778.9022208365	15881.6646001215	-42214.2869959548	-84456.5263764310	-85989.3850719094	-101316.6859161150	-67250.4660169241	-33094.3419862417	-20110.3434492118	6806.9149258922	969.6806837986	55.8728135393	-2405.5622092047	-8468.6373553019	-9975.1197616878	-8720.5190405954	-7167.9026515333	9.3771075163	17643.7000641548	32504.1065579832	30677.5620473187	30527.0796699124	15675.3586165340	3622.3198168489	1364.2028192153	-2524.8045855718	30201.7961654995	61160.9075051164	59498.4070424421	55739.6135950291	28587.7504037158	5740.3030676404	1801.7401809126	-11614.5195142620	
37	-139911.2999418409	-251278.0331056936	-231188.3246184686	-196097.4765565042	-73430.6890119356	18042.9097105638	28005.5874804138	32345.1350659136	-195846.0869288021	-347635.6284056025	-329203.2809981773	-299944.3361223699	-134963.5253701394	-5923.3027128901	15987.8464451026	35907.8407760936	-174421.6077391516	-325771.6976098826	-319805.2670709820	-330793.4060271569	-184928.0620792962	-61727.2231848778	-28474.0145407633	22315.4936764518	-107364.2646806648	-207682.4952153684	-211093.7101540515	-235255.3274194967	-146064.8374234539	-65572.9802309174	-38528.7453782537	10325.7323824028	-44111.3148993109	-88757.0787765413	-92385.0481770833	-109122.4371692329	-71886.0954138287	-37206.8771994516	-23513.3878359635	4123.0244907585	-598.4928210540	-2897.0464932687	-5582.1226636448	-11772.8572355062	-11787.3934600042	-9771.5870277325	-7799.9332649815	-393.8194491078	16835.5103966807	31124.2466983244	29868.7108535591	30111.2236405570	15498.2842588817	4110.3518652868	1974.9639973459	-1844.4956130884	28722.4821055977	58915.0408212618	58959.6687901717	56274.5489755212	29482.8974631859	7546.3669736505	3704.8294021009	-10142.6989429442	
38	-148569.9803728175	-266484.7432487529	-243290.6922906274	-208163.2289877926	-79815.2698899974	17580.1712864144	29540.4502390317	33679.9560899127	-206885.4096955743	-366124.1333061525	-343076.9267465704	-312869.2073160495	-141184.8051801532	-4354.9457861665	19751.5251293090	38742.8862280954	-175992.3838018035	-326832.3428506331	-316573.8691351289	-326412.1661160543	-181949.5571997314	-56423.7627849994	-22907.3594299613	26220.3866448021	-103332.0489735226	-199008.6107360418	-199825.4877566193	-223442.0838309830	-139532.8222991014	-60602.9586980766	-34261.2280054841	13203.4861847260	-40342.6437118269	-81240.0413269059	-83861.8284078009	-100148.7013002846	-66898.4864325515	-34089.1237508794	-21254.9762397272	5643.4876956623	1568.0865210892	989.5739939083	-1707.2886947589	-7808.3389184014	-9634.0265353191	-8799.4301022080	-7286.5522662046	-36.0746094749	17420.5856067329	31928.1264619708	30321.4391748209	30356.5438481309	15586.2448226449	3689.6455635233	1543.1708217415	-2130.3637818975	28977.0473866398	58748.3329106309	57763.5329827801	54723.9547808343	28333.4277098922	6191.0114539364	2392.4967872618	-10705.6976528524	
39	-142135.0210012152	-255618.9977096124	-233053.5297400630	-199098.4611963178	-75793.9307757339	17882.1568725617	29529.0622281914	34769.4703988392	-201114.0854938124	-357095.3842165116	-334454.5578512727	-306510.8454218230	-139733.1016654275	-5567.6406559782	18808.8555327050	40079.8464810773	-179437.3188535271	-333506.9200832614	-322346.8603243317	-333953.3595468790	-187927.9867103559	-59011.0426629653	-23966.1741923686	27529.1264499792	-110023.5545116238	-210913.8256737257	-210506.2344799261	-234953.2604806217	-146947.3936039029	-62772.4940641788	-34851.9777286790	14125.1988759913	-44813.5351572493	-89171.4507216919	-90995.5984616830	-107585.0099779755	-71414.7389457822	-35335.0024522736	-21472.0504264997	6041.0402766452	-316.0658446454	-2272.1147971828	-4643.1100825019	-10716.4174720996	-11202.8157327242	-9202.4368214777	-7369.2830617245	-135.5169350777	17394.1817550445	32014.2649864495	30330.0207154163	30646.6904968902	15962.1298575803	4005.3379690698	1638.9055814706	-2268.8877949923	30302.1930800716	61332.3677640941	60243.7835024143	57898.0111841264	30691.2265485099	7444.8643634881	3083.3284247889	-10922.3584496514	
40	-146151.0786876039	-261990.7156691689	-237803.9548627766	-201484.4861417562	-75047.4262998849	20392.5551921447	31857.8919460700	34713.6076771953	-204231.6596196278	-361479.8854816210	-336975.0376854694	-305658.2366174213	-136241.3385876343	-1228.9156703681	22458.0884067616	40443.6376900662	-175150.6067988136	-325948.9539773999	-314539.0879460860	-324459.7137784999	-181279.7715338402	-55379.8849230142	-21674.3475523232	28299.9111315634	-103120.4781953505	-199410.2490556648	-199625.7365694551	-223991.5597789156	-140878.7039943880	-60952.6634359411	-34244.1508827785	14731.1391230574	-40799.6131703281	-82528.3785574955	-84892.2007396793	-101800.5717344989	-68557.8596817840	-34806.7956478639	-21574.9324785351	6337.9115182911	983.2253903252	-172.0973954336	-2913.4050558407	-9266.9355653620	-10734.5113779899	-9353.5653649831	-7632.2386170136	54.3033984075	17061.4283744244	31276.6291101065	29545.1772582102	29601.1972231549	15173.5562803786	3500.7088389774	1339.2659078009	-2291.7479394506	27924.5454440074	57017.8944752894	56014.7398151701	53049.9066966855	27572.4226964217	5937.1248071358	2238.4727072141	-11114.4881663309	
41	-146476.3398237641	-266237.8846861809	-242878.2341911294	-207441.8431694087	-79616.4398913165	16793.5957226113	29404.8178022672	35399.2872557719	-207837.5977381923	-371978.0232196533	-348182.8000577593	-317088.8883825787	-143628.7569011416	-5437.1165329608	19900.8818611697	41499.3246534440	-181191.9460090097	-339022.3515505085	-326711.9417669961	-334843.9511883634	-186307.8867727120	-56385.2326921847	-21653.9190160127	29367.0222993013	-107997.3933270977	-208500.8729774239	-207788.1682885249	-230087.6874010696	-143079.0523661342	-60260.8994987529	-33102.5671567217	15348.2370740998	-43029.9329272192	-86574.4111765317	-88193.2831726465	-103639.7448496259	-68600.1232712171	-33620.7192956159	-20440.5043989032	6778.0944624984	649.9365836451	-528.1139867533	-2893.1599324076	-8834.9314912302	-10096.0021584804	-8665.3307481533	-7078.0507132978	48.3353439179	17555.8939156834	32602.6343584117	30796.7329789828	30736.8440298030	15801.4241244164	3693.7998279211	1442.2851332662	-2407.4709904227	30027.7620025502	61380.6238198308	59964.1680566881	56771.2339912701	29469.3789472212	6473.7306456255	2322.5503075835	-11303.2531088114	
42	-139883.6708217415	-255037.0521732700	-232516.9131251599	-195370.9606177251	-71415.2194305209	20211.2157121387	30948.6693048094	34495.2225912957	-202089.0140860834	-363940.2276667226	-340879.4297674437	-307066.5276025678	-135548.7873596988	-1443.7146149111	21860.8574873289	41298.3118884305	-176806.0842726720	-334351.6427994692	-323914.1134691177	-331726.4351076842	-184279.4385162845	-56781.4382474738	-22797.7175318576	28802.8216485594	-105831.4417709932	-207800.4792036406	-208821.8375593582	-232953.2703956415	-146216.6896305001	-63883.7573108532	-36363.7013972164	14750.3964738824	-42905.4990306824	-87814.1585653700	-90426.4481035351	-107095.6664048510	-71559.1758032345	-36196.4222237545	-22453.2650713897	6421.2388738328	-152.4445310501	-2242.7313631204	-4921.0976402613	-11297.4384803099	-11892.6834738344	-9789.4485462235	-7855.9281655714	81.2124714201	16851.9434588050	31403.6223688523	29800.0099250128	29785.5311051020	15241.1379798622	3690.0408252590	1486.3768287126	-2225.5746524447	27687.5314498593	57951.5285728847	57353.3641596316	54447.2918645274	28455.2211173334	6782.4690987545	2904.3444644970	-11191.2432697381	
43	-149618.4807305657	-270025.2075958525	-248881.7529639134	-214620.6074873289	-83798.0652800429	14304.2129670712	26485.8476962219	31970.5283430465	-206279.6982794113	-367567.5544196885	-347508.9200592783	-318654.4506167658	-145057.8571815442	-8782.9656271985	15272.9550186669	35752.3047184782	-176047.2070812148	-329110.7810381491	-321660.0401627254	-331803.9251886672	-184780.3988721940	-59834.5037603527	-26600.9176619660	23046.0311740535	-103953.4827741270	-201435.2759457342	-203927.7348476672	-227164.1278290084	-140997.1639655682	-62311.8984265077	-36223.6022999808	11068.4286722148	-40570.9187482013	-82231.3244385952	-85575.8937158241	-101571.3153789732	-67344.6547410623	-34736.3111229694	-22024.9669472691	4599.9648677331	1576.1657083413	940.4515131348	-1762.7708972883	-7743.1917769890	-9494.1225267412	-8765.8580379413	-7276.4633657905	-220.1036260473	17423.2598550620	32173.8300256619	30813.8877740071	30860.3085297950	15829.1354346540	3978.9663506891	1831.8614295536	-1895.3885234795	28891.0489195606	59182.4799141404	58739.4605767540	55791.8226848299	28928.0778471956	6866.9430950611	3109.0209712362	-10004.3025440090	
44	-141051.5554299773	-252566.5370878901	-234546.0171039588	-203249.8450021185	-79455.6960050125	13330.5837700259	23782.3514495795	29417.9526373433	-195114.4515041411	-345142.7591055896	-330013.2324753373	-306531.4854082726	-141759.4124026685	-13086.8502664124	9360.5877312372	30565.1302982700	-175035.9134529291	-325606.6289971860	-322641.6266098667	-337378.1993556536	-189691.3882126982	-67310.4447079256	-33807.8302964713	16622.7782531098	-108660.6673282009	-208666.3134863056	-213911.1988889822	-239464.2247207966	-147979.4897662046	-68201.5779870971	-41148.2329070334	6292.0098180881	-44546.0587156642	-88956.4107648216	-93296.2657659008	-110329.7712040723	-72065.4179027964	-38001.7678174565	-24433.9508026349	2219.9928340448	-552.7686019043	-2705.8099248129	-5319.7246348571	-11318.0053082630	-11241.7998628965	-9594.5878511528	-7656.6780126791	-730.4336457134	17049.1178690202	31593.4630360226	30592.5372397832	31216.8227787638	16265.6568525758	4726.9312124265	2532.6083367309	-1360.2825970517	29257.0238332214	59707.3112468822	60213.8737808583	58434.3869146121	31009.7526591280	8875.8611967175	4827.3430265093	-8695.0229188651	
45	-145078.9941031514	-257143.1760810390	-238467.6820298510	-207861.2694762887	-82154.5096282217	12833.0533524399	23566.6394828041	27960.2448336371	-208795.7787427651	-365353.1488142348	-347825.6333261384	-321901.0585917514	-146983.0175316577	-10468.9073142508	12361.2350495251	30991.5941667066	-176556.5382420776	-324584.7365454720	-320339.7500659536	-333737.6428504333	-185287.9361479518	-62910.3719721316	-30412.6554135888	16434.2940589825	-101475.9549437196	-194266.9628541507	-199754.3671445303	-226538.0726738376	-141014.5379712682	-66404.5442508474	-40496.9048609779	5388.2327321566	-39978.6156845581	-80016.1954074332	-84728.7520435613	-102161.6799273312	-67620.1173054170	-36759.0463953377	-23997.9370673046	1880.8466809366	1422.8716103863	592.5258368109	-2320.3081780427	-8512.2476006891	-9888.3973602584	-9368.8467468902	-7706.7041772592	-653.6471484075	17059.1194099354	30906.8588843454	29869.0876482956	30248.9131701282	15517.3966757403	4133.0662113872	2140.4938663181	-1262.7198372346	27977.7128991190	56535.2827239623	56963.0990692552	54827.6021960540	28592.3300466472	7553.8123640957	3982.8606540995	-8654.7471030395	
46	-141038.9642791475	-252041.3948280411	-233219.9102881571	-205447.5018976640	-82841.2522893883	11427.8689052907	23202.5956356725	30195.6023879189	-211681.3036462330	-372838.1910135265	-353792.1169566625	-330250.7584180737	-153339.5740578633	-11786.2387019538	13216.9523965129	35399.3788432943	-184729.5375405714	-339719.9576727984	-332175.9460909520	-346542.3227897560	-193369.2381653316	-62605.7033398487	-27958.4344691337	20213.5565811669	-108296.4756101704	-206314.1288532873	-209419.0674485162	-237680.1663378981	-148763.8443655666	-67389.8922688427	-39675.5122813539	7101.3379390909	-43895.2352593774	-86813.7738641996	-90273.9014233979	-107828.2133677891	-71157.9906745651	-36741.9676727584	-23188.4438005644	2761.7932855270	-22.1728413197	-1826.6812474018	-4349.4026555305	-10321.3659923414	-10754.6185585348	-9240.1450508842	-7454.0475944935	-637.0468490183	17240.8403743764	31449.9402490647	30165.4223276813	30726.1624686221	15948.6705289476	4177.7871548430	1955.1226166779	-1585.5616226177	30086.7722813140	60614.9469733308	60430.3234263079	58794.7642809462	31086.9827411502	8229.1090402357	3994.9268534951	-9258.7462466424	
47	-143212.2877374328	-255743.7883759833	-233830.2278206143	-203191.3898795248	-79034.8078262903	16302.6478329256	28003.3298877590	32000.1466897304	-205692.1400544017	-362651.9772200371	-340573.9288600825	-315602.7945786167	-144447.2161178530	-6333.3260044928	18093.3646083157	37184.0494282025	-176907.7589087283	-328134.6837806184	-318957.0265862832	-334228.1927363136	-188593.8482788117	-60152.5585747634	-25567.9986219701	23881.9246800253	-104216.3029667114	-201329.9093398247	-203341.9288301036	-232060.7702497442	-147264.1978916842	-65771.9352345948	-38044.5902474658	10965.1842352983	-41714.2532976784	-84199.1624946038	-87281.8295410031	-105772.1905588466	-71341.0183350921	-36733.7590276445	-23068.4689988248	4580.0633284168	404.4555303067	-1293.5105425780	-4049.6440026222	-10352.0327279595	-11230.7298531834	-9523.4402700499	-7699.4784091999	-154.8700105126	16847.5762583141	30777.1262910911	29232.3697127222	29825.0666800572	15522.7379095117	3872.5730096012	1704.9604348539	-1813.8906919529	27659.5095332886	56770.8483627526	56459.7689626503	54747.9204859779	29062.2159979375	7157.4814050908	3279.2966851337	-10245.4135898328	
48	-150127.6898643355	-268134.3714504989	-247101.5487946486	-216983.7971717911	-87353.9579296176	12325.5773435501	25144.9303890061	31645.5523501455	-207216.8689742421	-365311.1207939610	-345262.5580631235	-321836.1666216983	-149603.5913446933	-11346.8172886288	13642.5059228303	34822.3456776429	-176986.6591799373	-326772.0685577354	-318951.5522162397	-333056.0178754157	-186869.5094223667	-60871.8528266101	-26975.9954502031	21305.5725079544	-105280.7214041315	-201002.9652264806	-203069.4271043186	-228370.8856804809	-142021.3160035335	-62529.8947441002	-36009.5509711163	9607.1186324827	-41142.6317392556	-81843.4365606613	-84944.7153394011	-101553.2130280283	-67236.7212072701	-34457.6121280618	-21640.1114005740	3837.4189910303	1316.3414975857	699.6827903156	-1879.1473242837	-7696.2891864128	-9243.7164376279	-8533.5830925029	-7065.6775809830	-399.6109588849	17494.6433181041	31957.0463343806	30562.2933984475	31034.2526841104	16115.4871470485	4156.0647434206	1918.9633687884	-1761.6181168457	29394.9613891820	59349.7946635569	58823.1817690346	56528.9581344733	29497.3849979614	7053.1770553530	3100.9857610242	-9759.4915089777	
49	-140213.6042556041	-248707.9374860098	-228254.7131619340	-198264.1865286838	-77331.8543935070	15842.3225489256	26852.5802465065	31686.0491464009	-198781.5810209613	-348623.4249888079	-328994.6108369708	-305897.3435401478	-141137.4203750560	-8209.6601452577	15233.8597697221	35354.6583065522	-175783.4017661566	-324114.5141960060	-316705.4006479438	-332761.6021980526	-188008.6874960028	-62394.4796503262	-28106.0633643915	21138.2840850042	-107391.8250621562	-205152.5662563555	-207652.5154541203	-235369.0292653972	-147572.0777902357	-66177.7275218246	-38496.2284341823	9027.2712950083	-43752.2888036822	-86993.6941073484	-90185.8385266772	-108168.5173437900	-71776.8445004717	-37057.0665141740	-23223.9145571518	3456.8740216887	-398.7771578809	-2573.8184857860	-5140.3938127558	-11313.7761975569	-11443.8307011864	-9613.2993122842	-7652.7524322877	-529.0120924869	16818.7674077449	30675.0931734059	29347.3792600010	30063.9731339137	15728.7441880916	4200.7002710092	1959.9427143291	-1709.9066187404	28612.1743582518	57971.3796966935	57829.5512599130	56333.2935793202	30067.9657700978	7922.7495762983	3813.3802273200	-9673.0122853511	
50	-149323.9125105925	-265494.6735398280	-242905.0951989799	-211291.2628829304	-83298.4324875288	15327.4347049677	27730.3283448452	31985.2403597867	-209146.6449119820	-367055.6918509369	-344546.8587144650	-318596.9072562916	-146188.2365554649	-7096.9099493956	17662.5815595821	36413.5098950339	-176950.2593803962	-326242.6624956031	-316670.7135926308	-330029.2180824699	-185209.7354662318	-58515.1348320782	-24646.2725870987	23494.1195278524	-102555.4180157169	-196468.7110004557	-197902.5114569343	-223759.4114263559	-140461.7781961499	-61797.8257766532	-35414.3530384609	11055.8943503773	-39766.1156565778	-79709.3087936093	-82602.0531715672	-99695.6655824300	-66865.4571561621	-34400.8793249552	-21642.9570002718	4605.2600968918	1777.0095043090	1402.4766714233	-1371.7415579432	-7448.3468008522	-9417.7904015573	-8772.0403585876	-7304.5220874504	-214.1911324428	17443.4218340288	31742.7226292690	30185.0052692904	30600.4168485386	15859.1073244436	3879.5681640125	1712.9524644650	-1870.6197886688	28542.5243638478	57507.9055454960	56785.7172390637	54510.6230583669	28563.3643185198	6563.7654541203	2809.0891542354	-9929.0336383186	
51	-144733.1515403156	-258231.1413185118	-236410.8650759865	-206339.0989123657	-81661.1973960332	14641.7172330679	27066.4442312612	33017.5000729486	-201579.0214129253	-355208.0628587474	-334151.5178374425	-312063.1535109283	-145791.2992922982	-10320.9545809750	14854.0425400518	36552.3719751295	-179272.9142493684	-331048.6548210060	-321638.8577431488	-337879.2805065234	-192032.2764144042	-62820.1748179282	-27252.4411864048	23524.2725341360	-110014.9482854071	-209591.7405146777	-210211.5170619884	-236867.1039288341	-148495.0458187436	-64446.7311922407	-36370.1410207214	11321.5874214553	-44480.1141916091	-87997.3139669673	-90349.4064558551	-107721.2207156162	-71571.7926189962	-35859.9087552363	-22045.7416368876	4629.1529403300	-91.8689322717	-1808.8998325179	-4242.5873385137	-10203.6299884881	-10778.1183766628	-9021.2355661614	-7260.9209836275	-318.3617583221	17456.9509455343	31943.7299361250	30419.0925888175	31242.6388262663	16521.5286198516	4445.3345454800	2007.6421299405	-1915.4564826362	30214.4778995587	60793.0141250560	60016.0195762183	58471.6825304985	31251.1774380836	7989.4523725297	3551.5394642172	-10084.1034072013	
52	-147177.2811690570	-263439.0812727840	-240057.8558474834	-205612.8882506715	-78280.7503517524	18587.1240686557	30373.4817878214	33757.9888038821	-201903.5464053306	-357149.5600876983	-334424.8171427315	-306697.6021790659	-139033.1693108052	-4498.7209444551	19383.8256297567	38134.2993882307	-173473.0686146953	-323016.0494391948	-313487.8795158209	-326536.8621860211	-184223.8147674038	-58659.2292246259	-24650.2241861729	25859.1450658736	-103496.9059921815	-200179.8910756827	-201399.9360390285	-227166.7562376087	-143195.0495750991	-62690.3884095597	-35710.4118360674	13210.0719233660	-40765.1926114016	-82585.5234904627	-85389.5226620459	-102959.1948118525	-69426.8946181888	-35614.6749048670	-22232.0160946694	5529.8881187644	954.5213559654	-266.1573192472	-3054.3274085044	-9443.8057937212	-10799.4891616302	-9428.5779571182	-7682.4900060358	-65.4423705711	17105.1079609955	31324.8363242277	29738.2555071230	30066.7967021217	15593.1210867549	3838.1879007179	1615.1801491750	-2064.4479106709	27895.6310757227	57201.0113360194	56549.2712760217	54029.8036012647	28325.6295408033	6450.2698939946	2676.7728439179	-10803.0706852376	
53	-148002.4637215400	-264282.7293045696	-244601.6658182640	-214890.7607434366	-86768.7374268515	11289.8191862929	23725.4538005244	30455.4511783704	-206028.1394588210	-363151.9337776206	-345024.6518890701	-322129.5200908561	-150352.7376217143	-13448.1287643499	11298.4518488984	32943.4118640477	-178166.9872849514	-329170.4238296240	-323112.9461509098	-337643.2382282873	-189384.2867411342	-63837.3262493205	-29700.6216523567	19068.9717329000	-106817.1307789316	-204085.2874516340	-207250.6877758058	-232490.5960983468	-143850.6654735066	-64488.8890241270	-37762.4794494676	7978.9443072077	-42439.8856614943	-84409.7848654547	-87966.3900344158	-104489.1645401637	-68553.1235060517	-35509.3479700291	-22473.1893526957	3110.2293465400	711.9378717383	-488.9386621818	-3065.8629694695	-8795.5029379317	-9710.8163173126	-8725.7862934494	-7153.1882704576	-495.2324063859	17513.0091005932	32050.3737778604	30843.4658100697	31491.0584898232	16464.6622787558	4550.3390752910	2272.0587786199	-1521.8234263079	30114.6896005212	60781.7941449220	60601.2621374552	58456.0054401701	30677.0587486410	7906.5498948740	3812.7048557815	-9253.7538213098	
54	-141988.6409357812	-250208.6324867293	-231607.0612368892	-201819.2360358308	-79235.0583379301	14486.5209842271	24786.4213233883	29093.6659541683	-195417.8756665308	-340874.8310899127	-324953.4594315602	-303345.6793927075	-140170.8734151158	-11279.9706826394	10864.2321545632	30015.1987740631	-172988.1651917050	-318009.3204663917	-315068.3744184094	-332198.2076118413	-186800.0917164316	-66577.4701340256	-33216.2783190634	15000.9290079784	-106427.8265970757	-202781.0224541923	-208189.6632690586	-235668.9963655586	-145854.0400238232	-68369.8189184814	-41351.8554237817	4708.1159103991	-43330.8681138478	-85917.9661058615	-90530.5526549309	-108609.2143031306	-71174.1190931584	-38434.7296193480	-24783.7838081990	1223.5289486202	-239.7185291555	-2236.8264311924	-5026.7080915036	-11160.8331994276	-11164.3249902069	-9803.1870103447	-7853.1020091855	-899.6247881491	16900.5314508586	30729.7076278300	29774.8522310294	30630.1958810997	15985.3571555625	4649.7558748641	2466.1294348778	-1208.2289088482	28053.5079014374	56674.9475639150	57235.4489209596	55707.6362600729	29443.5932683391	8228.4790757307	4464.0395901285	-8404.2276477360	
55	-148883.6473552619	-261921.8052810821	-241993.4398503454	-214392.6809096396	-87538.0841057895	11274.0623600985	23558.4211235290	28877.6421339377	-207323.2699929250	-360069.7804525614	-341692.6577209645	-321553.4561768515	-150814.1105611649	-13382.7364185613	11157.6155446566	30609.4341253757	-177280.5063085588	-322858.3532802907	-317534.2195184590	-335273.0034935406	-188557.4154095517	-64743.6631611346	-30717.4389160031	15697.3877879972	-104844.2472889086	-197739.1804789428	-201859.9740212890	-229753.1508637919	-142744.5589275150	-65830.4955841088	-39101.8026759162	5104.2271261032	-41292.5628677411	-81187.3853996786	-85313.7289368285	-103179.3926995395	-68038.1533270577	-36392.6262251375	-23325.0387537174	1584.2015321214	1263.6487482812	478.0385578553	-2314.4282964793	-8287.4285393083	-9463.4092239064	-8995.1883324140	-7407.5256089713	-813.8474813731	17453.8041368876	31421.4828150982	30276.7113671975	31088.4766854135	16246.8782017460	4469.6504680705	2234.6877558199	-1324.6056166459	29316.7954799821	58154.7918325499	58160.7987216999	56617.3572844717	29812.6150100329	7784.7094625384	3876.4540203697	-8401.5514317920	
56	-139467.7088529675	-244416.7549145402	-225725.3359205119	-199470.9302840800	-80094.2242781082	12973.0117687148	23948.2322534935	29229.7493764390	-201336.3589982652	-348575.2272600090	-331312.9758090305	-312921.6304491638	-146795.2755919833	-12676.7983959293	11145.2530328649	31302.5052353143	-180027.9841681456	-326845.8505172359	-321733.0257678594	-341812.1626874681	-193180.5265583030	-67321.7572678834	-32313.8868696438	15230.0624540324	-110092.3397718006	-206610.8898345565	-210683.0643307112	-240764.7222155602	-150002.0571607588	-69515.2168623289	-41330.3788572845	4073.7804415691	-45407.9725803035	-88287.8595169001	-92186.6715872026	-111024.1955603255	-72849.2279205439	-38539.3297418617	-24462.0448334373	981.9287731437	-803.9043163613	-3121.2740051004	-5716.4068895498	-11810.6018373065	-11453.9823664140	-9730.0332415979	-7735.4271452897	-1005.0835241990	17059.4457411982	30752.8871074763	29607.6698434302	30718.0144818048	16156.1382866462	4620.4286012647	2340.0572167194	-1242.9824763367	29801.1408928115	59084.9755622042	59246.3258735850	58349.6328115007	31196.8503043857	8756.3961171335	4533.9915049805	-8283.4754153076	
57	-147445.6034441753	-258587.2845856517	-235317.5998906770	-206133.0541798574	-81601.8439788389	16580.5866400054	28950.7574877286	32250.3089554953	-207723.0555359027	-359539.5878541507	-335966.9329941721	-313841.4834456543	-145188.7685709261	-6042.4276159584	18986.7384221508	36591.7305936621	-177091.7464195207	-321858.1430442968	-311549.6879147080	-330112.6964516980	-187583.8585106085	-60099.1104382515	-25114.5343728015	22209.6321879397	-103838.0648343566	-196108.1978946821	-197207.3002796032	-227434.5751820718	-144640.8734810693	-64641.0577283592	-36979.9259950995	9550.7371100745	-40972.9480775534	-80853.2200530826	-83628.9405638431	-102985.4099404020	-69788.4660538981	-36332.4129372921	-22724.9348848411	3672.1280548494	1059.2471729902	55.2295493972	-2759.0459466536	-9337.5142629589	-10723.7165265653	-9612.9346300205	-7833.3237410863	-532.4140005436	17226.8608279771	30859.4753803322	29225.0381161662	30033.7327221636	15719.3307981181	3844.0060607332	1607.8143616894	-1802.7751413005	28445.6622407825	56605.2316978847	55794.9727721684	54303.0547724402	28787.2868250751	6708.8644244452	2818.8873003406	-9772.8779299373	
58	-145688.3797316689	-261507.9812831766	-236174.5492803067	-205260.2812440042	-80044.4320418425	17534.8704452066	30968.6819329192	36403.3951698005	-208345.5487426851	-368528.2718945862	-341494.7539242373	-316920.0805512919	-146146.1975239431	-4798.8344075771	22083.0009673190	43121.5680520913	-183029.5546245443	-337880.0293483388	-322474.1601752366	-337512.3753437580	-191143.5822111234	-57029.5817254653	-20205.9324905267	30242.8475433295	-110399.0880150374	-210033.0373127318	-207134.8093901893	-234581.8698326378	-148410.2832545888	-61845.8552658928	-32888.7932375608	15613.5906931520	-44451.6788760712	-87775.2108025950	-88604.6262051516	-106388.7660926708	-71513.9241983644	-34628.1663538869	-20496.4859998561	6724.8233643515	41.3522540132	-1572.5366012327	-3936.6786042626	-10179.3870555129	-11102.6635258778	-9125.2717366974	-7323.3200217047	-35.8056748049	17559.8629085124	32105.7725761064	30063.3182569471	30696.2708733052	16134.9418049693	3800.1484325035	1305.5675084740	-2436.5688385377	30701.4003851289	61651.4140435134	59739.1646081159	57955.5494761688	30741.6663368988	6845.9004640733	2246.2536904020	-11408.5629826602	
59	-142568.7672138814	-255242.6659141964	-231878.1701032473	-197737.4665355590	-74236.3037691465	19876.2545787765	31178.0472847116	34352.0368180801	-202741.9014803578	-358404.3709708365	-334664.1290771297	-305823.8773243636	-137471.9385552571	-2191.6341185805	21746.1023359555	40157.7695362465	-176644.8321781466	-328611.6509837075	-317364.5723420712	-329357.2003979199	-184669.1551417802	-56817.8285556968	-22401.6726934238	27538.4929379717	-105504.9768433023	-203857.1810835172	-204333.5160566961	-230441.7905564482	-145202.8647002510	-63039.4190939579	-35387.3633362113	13773.7591565538	-42325.9586960780	-85648.7481892747	-87846.3849040276	-105367.6692358580	-70670.8412147848	-35677.3970514758	-21963.1190581830	5898.0404255404	236.9245281322	-1652.7729228623	-4272.3775502047	-10663.6194698932	-11458.5179213833	-9637.7346188283	-7705.1650957726	-51.7989095677	16912.2001700803	31102.5442688347	29328.1413285047	29591.2101040867	15259.6896924565	3559.4869152117	1385.3043747202	-2149.9831048942	27563.9610504205	56863.9369463897	55928.4410335124	53431.7795332086	27978.1523297599	6314.2856109299	2442.6811374792	-10911.0406363920	
60	-150776.7914847947	-268617.6350649143	-247858.7388098778	-217940.4021209069	-88151.8772753981	11940.9385772416	24693.2563015637	30950.6529553195	-207565.7890315218	-365110.5284329832	-345672.3577001791	-322697.1804479646	-150516.3376363040	-12213.1194888798	12698.0382390797	33631.6073044577	-177566.7730187948	-327614.8981477040	-320589.0773845213	-335312.9205339441	-188260.3912795392	-62400.0836481117	-28348.9845958445	19975.0574585492	-105252.2981620939	-201039.3602583781	-203673.4884421367	-229197.4788818672	-142254.7482092607	-63367.3366859731	-36836.1816401254	8641.3802612960	-41200.6121330583	-82069.9992934974	-85495.3166370875	-102327.6839754813	-67620.9146231053	-35076.4807425572	-22209.5482110594	3303.9531929522	1342.3529505228	614.5179823404	-2072.6348990311	-7937.8134513303	-9383.2904695095	-8706.7538313028	-7196.8164692057	-501.0632534696	17553.7867221476	32048.1630552091	30750.4382104998	31349.4588129957	16353.6139138047	4356.0724649847	2112.6387133458	-1619.3142187900	29629.9398713306	59559.7691864927	59233.3261603831	57174.4296415324	30011.7600799037	7486.3394240455	3500.9553754157	-9280.2684699971	
61	-141311.2302578985	-251350.8001347052	-228892.8136891628	-197248.3546273423	-75575.3340987945	18122.2589516980	29451.3727585780	33721.0462144650	-198893.2764223986	-349591.2101800332	-327500.0307413581	-303376.4923993509	-139374.4196745491	-6094.9767543649	17982.9778076234	38001.1375731485	-178121.3836099386	-328578.8566549149	-318594.6339437036	-334303.5832603847	-189536.4119409935	-61186.5288886624	-25899.6142775486	24726.8021652756	-109742.2023015797	-209206.2751403012	-209769.7337034728	-237114.1618380660	-149115.7586249280	-65041.5564432639	-36709.4544640573	11859.8614315522	-44840.4617659168	-88834.3577351545	-91165.2846665947	-109206.2129830599	-72828.6632390797	-36748.5499768163	-22562.5000339761	4809.9276249520	-715.9952863184	-3000.9068915483	-5520.7418507371	-11783.4195136624	-11876.1976338658	-9680.0233435661	-7685.9512063507	-312.8383218214	17071.4765185310	31200.1258883746	29601.6740384769	30220.7060649303	15795.0475984907	4025.5449753374	1705.5550212650	-2037.6061312836	29171.1145373657	58878.0690643787	58165.1023509449	56545.2977184062	30217.8394929969	7589.3200906562	3384.2499580295	-10237.0581880356	
62	-147959.9874508346	-265541.4517599610	-242170.8015916795	-208431.4785211211	-80269.7342301020	17136.4356782825	29415.9571801452	33177.1585004157	-208650.5959054825	-369535.2107196533	-345779.3210369900	-317112.3936538676	-143635.6856572973	-4828.7959966184	19928.7401469366	38702.6683075115	-177397.9649796543	-329530.3773263622	-318795.7549984811	-330719.6237538773	-185334.8660493013	-57430.4555882659	-23239.0520973235	26291.1558173046	-103738.3316095469	-200029.7753321661	-200842.5810719254	-226678.4872209964	-142898.9345220964	-62323.0038492901	-35363.6692578425	13167.5322712810	-40661.5588985354	-81963.5490604614	-84618.3302435086	-101928.8150392124	-68707.3285087299	-34994.7819854822	-21833.5514078089	5669.0890223283	1325.3818891500	486.5277384721	-2287.2802706894	-8663.1656663709	-10402.3572155203	-9255.2380394202	-7613.4983141868	-40.7381813204	17271.6272654052	31625.2121566417	29994.7892913389	30231.0328198948	15626.9775448085	3728.6660760824	1524.4540223683	-2072.2094075771	28851.5073548222	58668.4222677235	57744.5030218726	55281.6570784168	28950.4987159040	6640.1199685421	2700.7179335748	-10605.7142032009	
63	-142816.8463681568	-256758.5541428834	-235095.3801533720	-202301.3508589953	-78007.5627758058	16336.5055321054	27969.2249516340	33741.8059166347	-205577.0570208573	-364474.0469419528	-342858.0110612129	-315507.3204314163	-144332.8036832070	-7291.6219241654	17346.0549942840	39000.1640974754	-182092.6409737545	-338103.4135668490	-328194.0542018419	-340471.0720762583	-191060.0994649767	-60707.4427543010	-25568.8768217175	25334.9268325099	-110635.4363128358	-212358.9678856085	-213163.7322694823	-238754.8722769170	-149240.2054963306	-64874.6854294577	-36779.0655368621	11975.7234576858	-45072.0183550780	-89815.9985849962	-92242.9102561796	-109189.1012677075	-72283.5772086451	-36155.9411594238	-22312.5408122682	5016.2349445990	-353.5060727248	-2364.9025096332	-4859.2119427923	-10950.2269362369	-11339.8444794864	-9295.4557211723	-7473.1201564099	-235.3621990119	17330.5725858995	31926.9785690874	30333.2949993205	30655.7108255788	15850.6255136384	3966.6497755580	1710.3644464297	-2047.5565282041	30421.5087048718	61583.9961746930	60759.8419072973	58484.4619957550	30844.0426159983	7583.1800342559	3303.7485000560	-10421.8688693160	
64	-142025.2291406850	-253855.2084172742	-232827.2225303387	-199672.6505270290	-76156.3446493668	17185.3530674405	27884.5480541699	31710.0898437500	-208655.8407261288	-368159.7392075979	-346852.7228810917	-316945.0056560182	-142273.6906477840	-4345.2836972771	18874.8149752574	37644.1481287174	-178880.2332318048	-331719.7405456558	-323657.4665205695	-334731.5719333589	-185956.1444323196	-58794.4353545104	-25354.5470039092	23306.0291964457	-103742.1728872874	-200660.4205739160	-203998.4195596300	-231170.2375067952	-145593.7003129797	-66238.5168391452	-39101.7328980398	9680.7678424389	-41485.6082238104	-83904.8562531978	-87644.8338060006	-105383.8702063747	-70515.8141908097	-36973.0824289700	-23551.3912085892	3959.6322568911	516.6700752670	-1165.4640722931	-4054.2184242293	-10508.8471146313	-11346.5797318688	-9855.1435809190	-7980.7801397816	-377.8439998241	16927.0976882275	30901.1412345709	29455.3204733867	29655.4551375831	15169.3884175540	3687.2143311109	1620.1640615007	-1786.1382956399	27520.2042242261	56477.4036478319	56356.3588943384	53974.2798949540	28300.9141784184	6985.9908074715	3314.3374244532	-9959.7025284200	
65	-145125.3366160223	-259271.4864225585	-239773.8001426995	-210542.3470896489	-84701.0976602472	11454.4673569807	23430.9321797455	30230.6644722116	-215926.6398225649	-380338.6676679617	-360627.1886721748	-334885.7520195782	-154516.6002484251	-11256.9788249073	13751.6195468390	35484.9645509561	-184901.8550940138	-340084.5581770433	-332346.1231413085	-344349.8555167163	-190787.5952589377	-60658.9056843982	-26695.1155956207	20769.1948957934	-106532.6838205903	-203177.7266294529	-206247.9466185805	-232720.1914482205	-144977.2922412622	-65235.3247303898	-38333.5366152229	7657.8031765637	-42339.9683682687	-84008.1475011592	-87522.9491068288	-104234.0945364463	-68728.9661488312	-35505.3903521921	-22481.9268504972	3089.3095180993	902.9360730046	-224.0198470277	-2855.3403463961	-8715.6226496546	-9851.6063301436	-8872.6242145530	-7273.6444223267	-525.8210389886	17445.4565156130	31770.8968925876	30429.9406627734	30718.5738679969	15788.6497106037	3983.9579076330	1836.3195920072	-1645.9180926628	29522.7088409760	59725.3971993716	59469.1141756204	57284.1640425141	29958.2694712922	7581.3307051836	3553.1330103607	-9292.4153006284	
66	-138737.1690110162	-246592.0609640813	-227938.4541232972	-198118.0785177235	-77292.2263776302	14520.0523321582	24786.2781082118	29729.1090422343	-203902.8575992501	-358042.8135302747	-340230.9372201970	-315215.0762603128	-144103.2987376887	-8942.7312621914	13849.4614941081	33907.6196837426	-179076.7522464185	-330436.4991675860	-325031.4821805449	-339353.3417354182	-189403.7335785607	-63224.4485422263	-29639.4809564067	18813.6420829736	-107172.4813161534	-205699.2468911886	-210244.0071429714	-238471.3326927843	-149052.7598620571	-68888.5175466472	-41376.7932015861	6435.6106840784	-44090.2141292530	-87995.0653300077	-92135.9582374009	-110288.3720710620	-72777.5306174453	-38375.4782473139	-24589.4878665420	2272.7365774495	-623.7975105526	-3025.6246602392	-5796.9445170600	-12050.5110801995	-11917.7439882323	-9987.0417396153	-7966.3701524127	-705.9001612865	16786.4529111506	30652.1807357620	29445.9591757403	30060.4339255164	15526.1419800460	4183.4043913085	2085.6619419928	-1416.2731696885	28220.1954204240	57406.1512804985	57796.5380382211	56254.2002909951	29856.8667907793	8218.6724146201	4344.6511016245	-8910.0930924629	
67	-144567.7356830791	-257564.7535225202	-238838.0165153732	-210739.9866084277	-85188.3053320462	10623.7241961659	22301.5473066961	28002.4098284807	-217015.4362109075	-381154.3437929698	-362323.8424219349	-336988.0519274431	-154905.9175270610	-11361.3442456511	13086.7663874632	33061.1889989447	-183948.8398767268	-337827.9747158001	-331514.6572103240	-344231.0000259817	-190002.1885682479	-61192.0074417610	-27829.1988630004	18244.9873159296	-103937.5359117182	-198917.6852825611	-203784.9602929538	-232397.9346609987	-145525.6422418617	-67887.2119357972	-41024.7949653444	5409.9464057304	-41039.6648249632	-81910.1547050876	-86326.7770569519	-104013.7054433679	-68946.7426451778	-36778.0175766261	-23827.5797838322	2049.6958810997	1101.5562683871	46.1611405570	-2865.6886342015	-9143.3302005388	-10371.7109944599	-9523.2779972899	-7805.0892081974	-715.5208733052	17340.0910698868	31455.9588519682	30212.0469239655	30451.5912307735	15495.1616951666	3818.9208137471	1822.4227973507	-1403.9606267188	28717.9228523120	57997.8137631108	58171.7371320590	56255.4238835860	29426.6875839409	7701.8013978159	3899.0663163133	-8622.1667596012	
68	-136705.3521211067	-244042.4368364671	-224662.0169610594	-196792.8098498657	-78074.1167528060	13323.7498171287	24425.0310991062	30521.0354050748	-211153.7218748001	-371690.1932579464	-351232.5554379717	-326537.5897428211	-150426.0669338786	-9004.8661852056	15586.2842458909	37256.9756251599	-187343.3708369308	-344146.0273827226	-334962.0696029995	-348218.5509321438	-193571.7064256763	-60532.1165209692	-25700.1055127190	22396.2472049677	-110613.8207741750	-210836.4975727088	-213468.8455986985	-243182.3058666699	-153202.9683262983	-69443.3738987753	-40697.8058546783	7811.3856145274	-45475.6530242709	-89835.2524282905	-93022.3637629109	-111100.5407253294	-73511.1413105174	-37682.5187667882	-23588.9360969877	3189.7842468902	-959.3989851145	-3574.9281295968	-6133.1768145226	-12376.7577885169	-12121.7802666922	-9900.3346973730	-7833.0402656530	-578.5582639822	17040.3597797151	31039.9399932448	29576.1271804650	30067.9663556856	15502.2979702290	3875.2038484907	1685.7845856517	-1694.0333595149	29399.2478585076	59414.4603429186	59178.9485342319	57765.2821193879	30780.2603157377	8236.1783464441	3968.6301553706	-9398.7632926420	
69	-147817.4576598075	-265844.4864475409	-242689.3600825019	-209854.0050544417	-81214.5608811397	16896.0632654611	29144.4450077146	33065.6639225985	-202921.6317882211	-360568.9231271185	-337927.9594655363	-311670.4506447461	-142170.5461165340	-5866.6255426180	18488.4242183503	37665.5647494164	-172485.0969677347	-322745.6137259369	-313084.3513416555	-326661.3002546207	-184335.9563687164	-58363.9489339505	-24393.9033450451	25746.2879592767	-102019.6331712474	-198700.8708759034	-199935.3268019314	-226309.9075131108	-143086.2874026685	-62721.5886965576	-35718.5200798638	13290.9903587874	-39620.6321439706	-80955.9096855814	-83784.8905130788	-101344.7171841024	-68560.7722613280	-35108.0502696102	-21941.4601900262	5714.1641484395	1360.1001764758	497.4731858771	-2271.9019840033	-8545.1357434366	-10279.3023051772	-9131.0595630676	-7486.6809965784	36.7119058183	16918.6506249600	31225.6434759929	29632.7548575803	29983.9377768051	15512.9828760553	3748.9105639630	1580.9651605270	-2054.1303872074	27378.7973166891	56489.3903761752	55866.6503011880	53634.5608701474	28175.0490724530	6486.7618576522	2740.5130897848	-10646.8246874201	
70	-146922.9247239943	-261676.6832140173	-245842.4239745219	-218291.9892945366	-89253.9837954080	7429.0475665132	18877.0073178482	26156.0435133666	-202290.6956062932	-355861.0700127110	-343453.1094169705	-323634.1043265541	-151670.0246716312	-19235.5681859971	3953.1418361474	25743.0217247058	-177120.9043233564	-326513.3224260121	-326431.7082513910	-342888.4179087922	-191142.9986099786	-70247.4668413437	-37168.7175308583	10607.0119515861	-107107.3862470821	-203861.0052832806	-210933.5220854518	-236855.1746220661	-144627.4767263846	-68642.8619721716	-42502.4419268835	1681.8505132387	-42581.4811602632	-84182.7975555209	-89492.6209138766	-106193.6461880836	-68602.8546293409	-37365.8679639534	-24546.2189828361	-7.9491248161	715.3234412973	-360.4680904643	-3075.9642771489	-8716.5786926004	-9441.4651675221	-8863.4721665947	-7310.5369619788	-1042.1283136672	17476.0592372969	31917.2652652533	31253.4752684110	32050.4897841919	16668.7633426068	5113.1482186541	2922.8705131587	-864.8307491526	29978.3452399511	60060.4278477952	60995.2947514949	59413.5814466615	31177.1767395753	9150.2699739383	5249.6985841967	-7368.0797698420	
71	-140432.5341119852	-247484.2576815922	-228552.4232430369	-200496.8376462970	-79381.5716355686	14145.6871692329	24670.1577709293	28989.2275548014	-205140.3209350617	-356859.7027392716	-338786.2203568688	-316840.8778320063	-146359.9054325755	-9875.3896596796	13323.1659971380	32367.9848526637	-179373.6344313603	-328082.7758797806	-322676.4446089953	-340381.8036002654	-191495.5848222851	-64772.9667983739	-30699.2093865918	17154.0742737113	-106626.2378025870	-202523.3826026477	-207246.5132626631	-237336.2351544513	-149152.5092065186	-69378.5594711323	-41681.5360436253	5340.0839588929	-43415.1495437212	-85983.5040051804	-90114.2297422615	-109039.5795569919	-72388.0261615823	-38438.6472863104	-24681.5137033528	1780.8223240838	-223.8967097164	-2380.2087650294	-5132.4725773056	-11537.5812687868	-11679.5753089825	-10065.5834992166	-8018.1327535415	-828.4454134289	16811.1427505036	30481.3167440122	29294.5497479774	30077.5885886336	15674.4070544337	4157.8990800476	2093.9255743956	-1312.0580191545	27907.5341409648	56580.0896658752	56823.0166852536	55686.4397044481	29699.5075896569	8184.1925264614	4270.7205307464	-8659.7605245907	
72	-148160.9381085716	-265031.5876822717	-244097.2528010281	-214995.0181891948	-86885.3914993844	11770.8436540675	24580.2152534616	30602.8803472355	-214409.9529161470	-378091.4229252606	-356830.1217852632	-332557.0111041826	-154300.5776863088	-10952.7594633378	14771.8834490519	35555.9614351497	-182603.6143754797	-337129.5205455360	-328141.5439180817	-342245.3753777341	-191606.4030222723	-60917.8048683727	-26242.2315260057	22064.9485122474	-106083.9258821789	-203170.8933770625	-205154.7163836659	-232324.9001413005	-145674.7398461483	-64518.9524604678	-37283.6633609939	9553.8042538053	-41792.1399754573	-83458.0482300460	-86534.2542600010	-103814.5890642987	-69090.9782263287	-35290.0897708014	-22157.2985927907	4032.6396726704	1218.8458605142	344.4065917594	-2312.8535131268	-8266.3364631300	-9736.0278673814	-8751.0061596636	-7215.7530078825	-249.1694377158	17609.9468474194	32121.2351094829	30643.7514709644	31076.1081458653	16090.2190657777	4030.4355383810	1799.0816355286	-1731.2668041699	29616.7292576026	59846.0918733212	59317.2150136304	57249.7033918122	30037.7551513734	7274.3728874872	3254.4518958653	-9678.6287173830	
73	-141251.6715462315	-251965.4633677891	-233350.4537935294	-205131.1009569263	-81893.2506295568	12384.1888440538	23682.9447808743	29435.0277764454	-198767.6591069887	-350464.9933506811	-333778.4902398711	-313681.4610154451	-146917.6686672583	-13757.5396350969	10080.2903236122	31410.3113628006	-178114.7184482125	-329593.5297170792	-324994.3122821533	-343355.4151857093	-194679.3714475009	-68071.4292318208	-33130.8459704368	17084.9369064179	-109844.8831522608	-210061.8649470773	-214184.1683434862	-242695.6925304586	-151498.3588034024	-69305.7098962330	-41262.6250449683	6306.9631219621	-45042.7740310821	-89374.9345850521	-93284.2663904611	-111602.8326268307	-73600.5155460556	-38489.7716187804	-24492.7795282121	2150.2894362369	-672.6261791699	-2938.3078332854	-5538.0065483899	-11636.2830327449	-11544.0484768723	-9658.2406475841	-7706.2703576682	-713.9427083333	17092.4182415579	31322.0792761896	30206.8439708445	31183.6544722515	16440.7870389246	4763.0944115343	2462.2125633554	-1348.5407882850	29207.3980977392	59160.0072429010	59532.6764957470	58494.2804755452	31456.0815186109	8979.3854286582	4792.0454390109	-8693.9768083269	
74	-150779.1947249137	-267092.7192476497	-247704.5102647736	-218833.3147474178	-88313.4606686892	11496.1203782537	23489.6501273104	28107.4048080152	-200698.1974140205	-351624.2206876359	-335029.3958573164	-315113.8312787797	-147135.9460719653	-13921.4224765765	9547.8805391005	28576.5526998993	-171915.3161724146	-317183.4548138111	-313902.3811156945	-332379.3124090640	-187974.4078998385	-66464.8235911918	-33147.9786200515	14989.7670420024	-103130.6506069727	-197419.1405800317	-202535.1492109555	-230427.9832627830	-143569.3832212123	-66547.6332212123	-40192.5015449124	5467.9980933423	-40156.3775442089	-80441.3890840848	-85037.4409435757	-103245.4502160479	-68617.3022362257	-36996.0959984171	-24036.4174850905	1754.1579118301	1622.6091621498	992.0994210076	-1889.4055055241	-7982.2815787685	-9527.2583661103	-9071.0415337602	-7508.9557851273	-646.2572908672	17342.6471793857	31523.6118062884	30549.9623774862	31426.1526115615	16479.8912205807	4692.8243146825	2482.6966455615	-1203.6368496578	28335.8705731165	57314.0285908720	57695.5073768067	56220.8363961771	29674.4278278092	7934.2481323149	4222.2874216552	-8399.5201887871	
75	-146363.1280358628	-258976.5542178306	-238865.3359854662	-211351.3699085844	-85787.7713069999	12057.8607150566	24425.9045491974	30778.3420851720	-202123.1905288677	-353276.8204843790	-334871.7060189627	-316220.4900949731	-149525.5676293889	-13803.2820774175	11076.2676175972	32541.6790599418	-179866.9581394698	-329275.3291093070	-322755.7381153668	-341797.0787155842	-194332.3379680705	-66249.2973296799	-30968.8506521409	18260.6318142028	-110377.9921944951	-208305.0269540244	-210904.6662769410	-239033.9756461451	-149105.8252800029	-66469.1256695287	-38656.4672540531	7197.0146896585	-44757.1588661582	-87613.3371256635	-90873.2983919321	-108906.4749306488	-71871.5432945207	-36881.7670909680	-23159.9364937084	2547.9379516820	-58.7145779371	-1685.5740128949	-4193.9480975393	-10112.7192846236	-10559.4259871051	-9068.7084432559	-7344.6185855158	-716.9810843166	17524.2240582630	31889.7066854934	30612.0690613808	31696.7251644842	16807.5303676212	4750.8365140941	2353.4298833621	-1496.8063403364	30593.3083699076	60911.8623798846	60676.9586181328	59574.6152768451	31912.3477641740	8603.7741340097	4245.2492625192	-8941.4228862881	
76	-144616.1090372378	-254452.0210761624	-235143.1461720949	-206368.9666754605	-81808.0863502095	13878.8470546735	24779.6190232077	28831.0475155491	-200268.3643135233	-348268.7232198532	-331067.9315971556	-310210.5708331335	-143720.9517269842	-11073.8593370267	11783.6313775102	30263.5930464953	-174053.3509909024	-318937.7152624552	-315113.8239309526	-333519.2158400486	-188322.5165253661	-65907.4280636432	-32303.6348980318	15476.4562827769	-104183.8551239927	-198284.2328121003	-203338.9580225521	-231933.8194900790	-144810.8897795952	-67471.1742523264	-40681.1262201410	5043.3818191993	-41727.8167490087	-82869.7517467703	-87382.2537763415	-105882.2919894394	-70165.6766496387	-37749.6155316657	-24386.9831228815	1496.1663878629	562.3523769266	-845.2470390845	-3718.6286184526	-9877.8917582022	-10594.3164742022	-9540.0702875176	-7755.9372062068	-791.1518131236	16959.9708874952	30691.0372317888	29629.9221727904	30588.7023065762	16004.0700187068	4536.2435695271	2371.2946205871	-1223.9119849626	27929.2366154227	56274.3009071614	56742.7359978575	55349.7420875704	29337.6498185278	7893.8405482540	4191.8573544225	-8548.1363040420	
77	-152163.4685351512	-269915.1080749152	-249514.4192538453	-220625.8546982924	-89807.8382218918	11389.4837564355	24431.8698965928	30704.0673096140	-203415.1157245299	-356300.6900242229	-338103.9464876727	-318176.7708453249	-149866.9692066785	-13969.5915965161	10941.9985260377	31796.9820086659	-177030.7168623289	-325220.4446999312	-318865.8552628949	-336410.9477028172	-190614.9549537126	-64603.1610845964	-30190.3484606837	18452.0296371355	-107061.4274230941	-202750.4161160543	-205499.4253265701	-232130.1441025518	-144461.7844007818	-64084.5202767252	-37252.4033760233	7785.2899898471	-41890.2420595900	-82951.5160507003	-86136.5240950371	-103542.8958962890	-68573.8674922854	-35371.1637567153	-22382.9633947701	2908.7135946294	1350.9652494644	699.9435997058	-1743.7220097052	-7634.0693681648	-9169.6321699524	-8573.2578404803	-7059.7800378534	-591.1944271233	17655.6426185965	32305.7902506635	31025.7616767795	31869.8631623337	16825.4836245283	4598.9081376711	2320.8731722867	-1513.2952251615	29738.7938141548	59936.3534221908	59483.7455631236	57766.8157397192	30496.9317720325	7686.5589974658	3586.0910279163	-9116.1504191049	
78	-143661.8999444391	-256743.5536981965	-234810.8539278348	-202828.2996670344	-77804.4870041491	17618.7958167450	28967.8090394362	33117.0952759257	-193431.2888386576	-341924.2221056377	-321726.6762978863	-298936.6444932767	-137834.3619431920	-7555.8020873305	15760.5801765557	35706.8915483500	-174322.9459770322	-324072.3066990838	-316045.1870203377	-333192.0329418090	-190266.1238168330	-63254.8203894458	-28419.5856656914	23345.9900490055	-108565.0539000544	-208454.6880036454	-209894.9616250160	-237377.0948762071	-149521.8281919529	-65362.9759369404	-37417.5349234139	11560.8459104790	-43994.2338543665	-87969.2876305081	-90741.8486155746	-109042.0645475585	-73049.8958932911	-37040.3982586259	-23003.0715396361	4660.5733393691	-205.3509429362	-2098.6426036071	-4716.4586131364	-11044.1231123289	-11588.2242811061	-9610.7595063076	-7694.2670639870	-323.4665605414	17161.3996286614	31617.9142083973	30197.1379598762	31074.0405434574	16465.3898105734	4526.3892040004	2105.1768205184	-1925.8821559622	28863.2157231309	58839.5553820111	58513.9692196694	57090.2956018963	30697.5952219637	7936.6559202322	3786.6699163789	-10197.2665863232	
79	-150682.6326086435	-271446.0909060022	-247350.7357400390	-212994.3726476560	-81952.4151107620	17289.8204833797	29886.3808708669	33956.6295248145	-205635.9843410239	-365697.2078936429	-341956.6392699539	-313803.6900921751	-142347.2662085892	-5101.9491717831	19510.1382436765	38699.4278018275	-175290.4363168330	-327242.2962244580	-316363.1652406706	-328229.0893051292	-184524.1595746595	-57156.5014779595	-23184.2994431920	27233.7007596652	-103332.4290189707	-199923.6145983228	-200085.2787547566	-224488.3945682240	-141022.6340006635	-60208.9383114288	-33751.6378999185	14436.4220298910	-40092.4282335236	-81186.3742315410	-83545.1758891740	-100301.0949911262	-67614.3875261816	-33966.3328806520	-21079.1357404387	6260.3135052923	1626.6852206047	1144.7292596012	-1561.7947035287	-7712.1984882643	-9762.2448336371	-8774.4852094126	-7285.5852499840	115.9167985738	17424.7515668969	32102.9056993876	30410.3787143851	30678.0737780602	15915.6609886640	3832.5938859043	1595.0012101481	-2188.3567488488	28975.7463265861	59134.1433420872	58083.9738264262	55383.5867859027	28907.5555369020	6292.4793735210	2448.1731680897	-10991.2637733036	
80	-141460.4972569311	-255247.7840750112	-235004.4001033273	-202197.0440070191	-77922.2045080263	15329.7339942680	26621.6395617485	32514.2919984331	-203231.0758446054	-362154.9296765077	-342504.6713653588	-315207.3107032649	-144137.9346639965	-8752.0634933007	15314.7727829608	37291.1414654083	-180235.5423601784	-336691.5811658592	-328782.8634401382	-340898.7892563635	-191352.8246884194	-62142.0102927539	-27544.0052912749	24123.7373369148	-109078.4725273408	-210728.9807545488	-212779.3582837682	-237816.4392657569	-148530.6414074491	-65162.6500953329	-37617.3757874456	11414.1471344174	-44466.8156677699	-89295.4245181392	-92262.1387003549	-109000.2462786198	-72162.4309076410	-36391.5287827370	-22710.3533832182	4792.3617363376	-269.2298012199	-2302.6249790148	-4765.0841057895	-10804.6153368029	-11221.1201833909	-9267.9335897528	-7451.1836736937	-238.0093813955	17252.5740158928	31960.7438013638	30608.3371796255	31033.9743040899	16193.5098320782	4333.7339153236	2023.3629534807	-1888.4876287094	30032.0456998273	61393.3045625879	61026.4519078569	58837.0913736729	31198.9060411470	8098.6830501327	3834.4250047966	-10237.6738236282	
81	-145697.5042450115	-260303.7393195191	-239085.4359630820	-206401.5425480462	-80035.0195362465	15861.3282019458	27267.9869981533	31137.5509111585	-206757.0815106165	-364979.2058191033	-344214.1481527005	-316805.2817466503	-144115.6720478783	-7061.9201322269	16700.5496160703	35546.2418797167	-176260.3839477008	-327501.0618334693	-320080.4898441497	-333269.0342908592	-186813.0896468886	-60893.6248491062	-27167.0150983707	22183.9067336595	-102888.6917330200	-199228.8511787702	-202431.7963643595	-229213.2975485259	-144189.8703512727	-65287.1407169353	-38440.5391344493	9980.3402594573	-40699.6214385073	-82528.4279717079	-86239.3488604023	-103978.6702901158	-69698.4703828505	-36587.3526097627	-23311.7076158384	4093.3457256092	1020.4450896569	-251.1128605462	-3129.0876223139	-9475.1634589249	-10715.6292819855	-9541.0552401110	-7790.4578816513	-272.7905644426	16985.7126043266	31035.7801387823	29688.3060695271	30093.5828376823	15596.6418121642	4026.2779613152	1877.9296135521	-1653.4421677139	27857.5153481949	57088.6132452753	56969.0122463786	54767.7587928099	28830.6559192329	7194.9208427267	3430.5610610130	-9863.1543393451	
82	-146792.7777914348	-262924.3929303770	-240136.7565663773	-208656.5628377622	-82323.9781723667	14964.6246752286	27746.9311654595	33911.7543869116	-212523.7120177395	-375068.8810227600	-351369.0620333285	-324293.2420186189	-148946.9916758602	-7129.5005616046	18692.4538944583	39967.9907295264	-183687.6797614479	-338607.9469893195	-326875.8276003693	-338485.7512860946	-188941.2614799181	-57770.2763554458	-22718.6365878422	26169.7496422519	-108722.3104364527	-207251.7730837491	-207206.6710335923	-232580.7700189067	-145332.5357957997	-62504.3801413805	-34905.2926939435	12338.1348430705	-43562.0833093502	-86212.7780722371	-88321.5669388750	-104861.9128733372	-69459.6436098986	-34514.8357506316	-21135.4160660895	5258.5614287542	505.8574063859	-759.4278507930	-3284.3390133346	-9234.6323308391	-10272.9961297247	-8836.0114519378	-7212.9578766548	-222.8677710892	17655.8820360466	32290.1478818911	30552.1749928051	30833.1482176548	15931.7633865759	3809.1107030650	1526.4460839569	-2107.9557121786	30490.3217285031	61383.6924635057	60216.8500625560	57718.3501335060	30186.4061660591	6892.7381213626	2682.1954903748	-10590.3980897448	
83	-141668.9129502830	-253811.5443467799	-229762.3699905267	-195324.7192036806	-72688.2469891197	20759.2553402405	32081.6718879909	35303.3787783400	-202262.8230525710	-357946.4176090033	-332932.3870944855	-303697.9832218118	-136200.2998788853	-943.1726004893	23149.9455463354	41899.2770849322	-177163.5204765845	-329571.7858977280	-316856.5980040052	-328728.8449221748	-184719.3044456702	-55866.2456290771	-20970.1089283145	29494.4132930417	-107032.0710849562	-206801.3471396137	-206011.3849130212	-232464.5286048622	-147014.8873503054	-63053.7096733899	-34780.5520753390	15422.4074591488	-43328.0881819199	-87360.2316019522	-89107.0733913325	-106843.3543445414	-71910.4774368844	-35829.2757998369	-21741.0447704816	6653.9872549725	-121.8746902181	-2186.2753621450	-4765.8237101081	-11191.1831350729	-11827.1890309222	-9660.3711247282	-7698.1146692728	105.7629988488	16999.8298317984	31176.2345998417	29350.6370335284	29646.7816417242	15341.4807255692	3574.1893067281	1307.2117319407	-2303.6386693768	27936.6010868349	57316.9708765029	56265.9880913837	54032.5635922311	28575.1121640365	6548.5066083477	2521.9441243365	-11282.2107556280	
84	-148370.3966477600	-272256.0208263383	-244951.6403631843	-207658.6573572205	-77141.4961676979	20387.7142471700	33795.7772288309	37744.3721530043	-210006.2649055065	-380157.9274610674	-350409.0539330312	-316149.2614539364	-139589.5132027053	729.1718540148	27031.6645261736	46490.5295571917	-178150.0995359267	-337540.9668373465	-320195.4960407873	-326248.1062172231	-180203.0059847867	-49986.7760406674	-14913.1187194215	35997.3892639582	-104645.4571331782	-205601.8735160447	-201884.8260074907	-224142.3747731597	-140513.8741945670	-57341.2761316034	-29763.7053224530	20847.1690859635	-40855.5612848555	-83987.2486299645	-84578.6225687116	-100255.3418733212	-67442.0781769634	-32483.8212958078	-19156.0720812548	9494.0284799501	1307.3894268435	398.5327139694	-2126.9656062132	-8348.7692544449	-10264.4005110402	-8820.1590330407	-7218.6341765397	673.6669194887	17457.0548064163	32572.2348886384	30300.3390802875	29916.1784103991	15099.1868944263	3009.2781971492	703.8244465896	-2912.2336055417	29003.8381859171	60121.3981087315	57899.7485620123	54236.0067052795	27643.4648807240	5056.2960226001	1021.7299201362	-12744.3005963801	
85	-137436.6310327529	-255409.9782113392	-232046.7872947445	-193702.4692966152	-69740.5557397592	20352.7580483340	31533.1354046751	35986.2702907153	-202416.4275410111	-371091.5903404003	-346294.6438887023	-309833.6519870011	-135908.4721026397	-948.4497094046	23440.0205325451	44893.0446525646	-179553.0648613376	-344507.4970810550	-330998.2814148839	-335038.1746760281	-184862.7718905890	-54423.6139168026	-19484.8602553802	34095.7513220693	-109592.9783432464	-217611.3861311637	-216262.5723340768	-238080.9127724082	-148825.2424533129	-62728.4870631076	-34214.9594165707	19220.1355785527	-45046.2807123785	-92893.2922802347	-94295.8351190762	-109783.6462340512	-72940.0136613824	-35452.6458783017	-21268.8244645769	8806.9129582774	-916.9760008954	-3571.7248916763	-5973.2956968294	-12229.9412313731	-12464.4974487960	-9661.9462088690	-7626.7049087442	608.7483581559	16958.7342990535	32146.7926070047	30220.5321213865	29841.4303010680	15092.1663309030	3403.7361307639	1163.3327897160	-2639.2121396537	29071.9347869100	61275.1014865535	60086.8619811653	56704.1271854614	29612.8477641740	6871.3229606357	2613.2651813124	-12363.0504734667	
86	-143571.6983063923	-265405.6054327753	-241960.4820886096	-202433.5561554666	-74065.8799165388	19470.8476002894	30941.5134305449	34293.1704340145	-209483.3676112017	-381711.3691191401	-356970.9804577577	-318183.3101226736	-138776.8683676692	-620.3657065426	23551.7433286966	42667.3425218646	-177292.0125111921	-339130.6069996723	-326996.4801629653	-329869.6963647592	-180787.9253085828	-52994.3973112929	-19542.6848288805	31815.1984223107	-102518.0787755420	-204331.7298881587	-205098.1103253310	-227422.5200209053	-142966.9542122346	-62169.0908260585	-35065.9779325355	17431.8130835892	-40526.1397016500	-84821.4256553386	-87253.6342484891	-103062.0930594861	-69286.4712472419	-34955.0637980862	-21676.0967039204	8099.7204418090	919.4340054602	-499.7141542354	-3234.6497106037	-9780.8707459948	-11298.6161882035	-9605.1689940282	-7769.7312162238	591.4686550668	16989.6411466328	32091.9775388127	30250.8081200835	29572.8065122154	14760.2790555449	3103.8078172966	1064.3016346492	-2389.3708679090	27831.6847879093	58954.8504732668	57899.8738218294	53990.4579436077	27636.9276709197	5983.8304913341	2135.5414987849	-11913.7332008266	
87	-141806.6836027437	-261968.9895233756	-239625.6228794928	-202919.3950798638	-76248.4322217159	17162.5921181488	28968.8446043985	35184.7682511512	-208722.5419864415	-380097.4558330935	-356497.6026747170	-321579.9180377015	-143308.7327071741	-4195.8311388782	20678.2953420792	43338.8752588178	-182451.6853005484	-347159.4458810997	-334951.3201875879	-339682.5504614751	-187050.1805978591	-55587.4391368477	-21024.0305005276	31240.6088683567	-109011.4755082422	-214704.0543947061	-214426.5282631028	-236539.0008913725	-147302.4840632195	-62645.7286620219	-34810.7703896457	16525.6404781034	-44144.9037767412	-90415.7541041107	-92403.8467918585	-107705.1314124856	-71247.3197039284	-34960.1011108180	-21265.5873165292	7452.9027744468	-178.0429747458	-2277.7580893051	-4739.2058141069	-10850.2391486394	-11496.9697353063	-9309.0366392060	-7462.0104116702	252.0843476193	17334.0424361250	32634.9209676388	30871.2324943240	30499.0731185246	15474.1865656578	3562.2320516356	1319.1412335716	-2467.9972919065	30038.1895435613	62617.7268672854	61429.4968612097	57816.3383408081	29858.4587250576	6752.1853764949	2550.3696727504	-11791.8466469605	
88	-139932.0891192601	-258371.7787187820	-236490.6508947701	-197955.0889363888	-72065.0051753565	19281.5285608931	29948.4737324923	33556.3752038565	-202446.1940823660	-369137.0504145082	-347079.4551535719	-310720.6648589393	-136184.5885566561	-2206.5456188843	20932.1878397608	40691.9133510009	-175509.6583775022	-336609.3994937564	-327262.0221793857	-332271.7971238248	-183355.9844239655	-56581.4294386752	-23118.7390676963	29288.6563389374	-104512.3952577385	-208866.5170250144	-210975.6630991782	-233945.5868698436	-146709.1034831479	-64690.5016698244	-37305.9498353159	15577.2186760521	-42129.3421571214	-88007.7196713514	-91134.1757632627	-107321.2788856645	-71736.1541624696	-36501.6787141852	-22884.5226110818	7027.4460399878	33.6961658992	-2074.5461824875	-4902.4454723874	-11385.7780972196	-12120.2340971956	-9928.2196373753	-7972.5012011544	365.7905484539	16751.1244583813	31616.1962798190	30001.6753185757	29621.1851936237	14891.1681935917	3441.4486371594	1392.5393223171	-2216.2203898455	27214.6240266852	57991.1818799565	57605.2805504925	54099.4002132499	27969.8835729646	6535.6309837874	2820.5541878518	-11486.9196715512	
89	-143591.8168819151	-264912.9729780235	-243425.6299075451	-207482.3445674245	-79482.1902850393	15051.1914572141	27066.7533176644	33227.1370864911	-216616.2505735962	-393595.8617833045	-370418.7949043873	-334014.8960321933	-148809.5601526525	-5186.9256973091	20063.3808438859	42008.4352226033	-185501.4110486218	-351710.7007526701	-340255.9156673702	-343548.4913680769	-187430.6561270865	-55038.8353399207	-20881.2655790324	29405.9836045424	-106571.6561830471	-209964.2668641277	-211065.3133693880	-234077.0292703936	-146075.8877140493	-63639.3933960492	-36196.8639138047	14485.1887671080	-42545.0242709133	-87307.5818513766	-89969.4404719078	-105408.3408710268	-69839.0540919193	-34933.4117191497	-21665.4895543537	6632.2269242453	585.2726090832	-904.9004251007	-3559.7326152389	-9782.2123984715	-10953.4589109267	-9270.3477851592	-7544.2401949028	206.0004087123	17492.2491485994	32782.5900665931	31081.1428134593	30502.3787853351	15272.1579667914	3355.3181949907	1237.4264987449	-2280.9166766596	29425.1230533704	61405.2793733212	60509.9195816145	56774.9418989032	29099.0354830200	6526.9145361665	2528.4175310581	-11231.8207671799	
90	-136042.7570500368	-250463.1597705215	-230010.6103503134	-194143.2609293058	-72023.9032021457	17608.2438333413	28105.8634351417	33004.4258172247	-203672.5571497666	-370109.6455695191	-349093.0555628837	-315162.5175966120	-140163.8630204336	-4469.6867515269	19035.3651509337	40553.7545937660	-181027.9073062564	-344759.2669350777	-335475.3881197637	-342012.2857967991	-189195.9477038165	-58744.0277344749	-24388.5463783496	28155.4779765045	-109966.3023821230	-217531.7338583637	-219666.7697700819	-244348.0786206511	-153250.8244435917	-67720.0633394091	-39130.6851716392	14135.1562809782	-45551.7443070079	-93741.0324671431	-96746.7512331319	-113328.6479578377	-75116.0988384177	-37802.4746788261	-23490.7318287925	6359.1226076842	-1365.7560057719	-4674.9198554218	-7288.2539332310	-13718.1954524015	-13275.5775044369	-10321.4897252334	-8096.7254792626	164.9524174981	16783.4811082998	31561.3165031818	30042.5763992150	29837.0016578329	15151.6954234219	3651.9790207694	1498.7315909600	-2134.0692372570	28634.6461501103	60310.9224665835	60048.6448800045	57184.4908274575	30102.5052123305	7729.6208099498	3567.8595518755	-11024.2557319647	
91	-143334.9647528140	-260683.9832637823	-240994.7647456191	-206748.6298975521	-79823.4834266676	13942.1783394490	25000.4970001119	29798.1854634337	-213437.4423156098	-382802.5424171383	-362930.1468356277	-329896.0951570095	-147739.0587816177	-7634.3852787638	16052.2405966200	35855.7172730398	-181999.8208721060	-341764.0174746978	-334555.0653599866	-341394.4119619788	-186966.0261246083	-59067.5844435517	-25976.2778893659	22547.3127538213	-104526.4150118317	-204656.1142205887	-208943.2568042098	-234339.1230143979	-146362.6401553306	-67248.0688495299	-40188.8102435885	9438.5310171639	-41743.2002350345	-85282.1698334373	-89454.7564324715	-106136.3966197797	-70347.2118028908	-36976.2168733212	-23750.6653775742	4128.6791099066	739.8617113552	-762.9244981533	-3700.8976980206	-10173.1742173510	-11213.5122983420	-9813.7737332918	-7989.8330355430	-215.6065060198	17168.7412031930	31766.0519874009	30418.3474683823	30109.6626275102	15114.7669021009	3615.8073786055	1620.2083013558	-1715.1797444599	28344.6496876199	58690.7321385744	58623.1801301883	55549.0178154579	28661.5095352872	7136.2909601640	3429.4540203697	-9679.9242663165	
92	-137694.4161730142	-249103.1615302827	-231894.8399476768	-201739.0184370203	-79841.1029435278	11425.2896840624	22133.8019724114	28833.9663426947	-209537.1653915643	-373706.7716487593	-357117.4479336547	-329987.3205473347	-151529.0251552907	-12685.2340772096	11208.1311916411	33729.9937204208	-185782.7150615966	-346078.8826656034	-340939.6979766245	-352076.3848240838	-194675.6826074444	-64651.2467562836	-30317.8147973826	18969.9823414316	-111182.7057031850	-214739.7386399974	-219845.8115576634	-247404.7424403220	-153925.5394662158	-71452.7722073660	-43008.3441357284	6189.9927281194	-46106.1127676116	-92148.6795455999	-96493.5781789620	-113862.2997469781	-74451.7739371482	-38954.3981536998	-24879.4259091600	2409.5716795376	-1130.3360494212	-3866.1641624296	-6556.5574255724	-12879.7433296959	-12389.0032347228	-10155.8174505148	-8041.2517097963	-681.0837930097	17068.6448190474	31517.8308660703	30410.0262974866	30720.4080107604	15777.5069161310	4257.6049351257	2126.0062735834	-1391.4620737001	30013.1824315682	61293.8293571326	61692.7255721972	59793.9635246786	31604.3328796527	8998.5662973267	4739.6615572637	-8825.4409585652	
93	-140815.2043731213	-251747.0430496930	-230888.3435451442	-199097.2306656114	-76858.2325432895	16187.0943185997	27080.1471124328	31155.5990352792	-213459.3317544449	-376341.3483847372	-354170.9927081335	-324432.4950824620	-146068.9130002478	-4596.0695830136	19357.6456444663	38252.8762661087	-184074.1230413789	-339864.6620748992	-330443.8347483372	-341080.0435553371	-188454.7612230989	-57876.3992219478	-23837.7662895322	23799.9062160239	-105413.8211339217	-203323.2044670552	-206619.4098794449	-236039.7106926723	-149612.7008725857	-68768.1927882771	-40616.1760720453	9158.9088451730	-42456.3393261144	-85432.7807143771	-89107.6655544497	-107597.1810415467	-72166.4317700339	-37882.4703648631	-24036.6541974450	3839.8620371259	150.6253967207	-1875.0044538645	-4824.6019172503	-11576.2015321214	-12157.9771410927	-10390.7610961883	-8316.6357024655	-401.5425240631	17044.2805055241	30998.4953452769	29477.6543483388	29561.1247751583	14998.7672728399	3461.4417709932	1409.1163630804	-1788.4144232460	27977.3205473347	57091.9983201826	56869.5532375208	54739.8597377446	28798.0975862992	7204.8985234395	3361.5295621882	-9839.4765315218	
94	-145030.1613134354	-260369.1184576059	-238694.4136537877	-207946.2496912174	-82484.9766474402	13949.2212582342	26572.2158150662	32895.9260930305	-212867.2335156050	-376378.9936045024	-353733.5274166986	-327021.1917250256	-150384.6000335764	-8116.8522380244	17679.5762982860	39133.3062773807	-184152.1541584724	-339916.6636837666	-328835.5300628358	-340473.9980583669	-189540.4102721684	-58016.8409959389	-23120.7927189259	25303.0033756236	-109154.4783042738	-208615.3347093646	-209222.5387367293	-235780.9111235690	-147637.5283760233	-64283.3833950899	-36358.7429119900	11466.9917378166	-43728.3135172838	-86827.5167002430	-89229.0715066593	-106223.9820376455	-70450.8769266436	-35294.2156901541	-21775.9254964505	4880.7722583301	241.1511176132	-1374.1520849322	-3915.7992942968	-10096.2142841440	-10904.8766758202	-9245.1280018867	-7479.8222321486	-264.2221945750	17434.6382796511	31876.1835257978	30232.7859846668	30455.6507318848	15682.6167398152	3716.7928288485	1503.9821465688	-1990.4971919768	30187.0882748545	60951.1741334101	59943.4401731181	57541.1502302379	30097.4962886128	7055.3790371578	2849.4295266133	-10297.2264205999	
95	-137709.6716561541	-247387.4264128054	-225542.7978653028	-192538.6917110354	-72353.6627634146	18956.4724424006	29614.3855405794	33423.9648947141	-203609.5049964825	-360894.7393455008	-338216.4642781482	-309124.2525502046	-138845.0256279579	-2679.8440108164	20935.1262551164	40174.3315186109	-179392.0829346140	-333527.4184733947	-323122.0538181121	-334965.1851166778	-187101.0353960812	-57780.6027496642	-23240.9678146585	26270.4207218118	-107724.0139941481	-208199.6271374952	-209668.0163165132	-237787.8131355526	-150421.0027460668	-66807.9465226481	-38298.0784068016	11998.2479834197	-44162.0714017332	-88812.9928240519	-91567.1789550157	-109828.8560563363	-73536.4450956527	-37453.0896378949	-23232.9489759210	5041.3203354838	-667.6710915515	-3122.8788882627	-5823.8804091919	-12415.8943483787	-12544.5302347148	-10167.7560857157	-8052.5143668857	-232.2731816801	16719.1172544529	30725.8193491782	29086.6744541843	29335.5686446741	15036.8863290244	3546.5874414412	1405.6942182703	-2043.4140185310	28030.5234994564	57589.8486735338	57016.6886851656	54857.5534014054	28922.8432863264	7014.7585879541	3039.8960721652	-10554.9460269970	
96	-145897.5374626263	-262080.5670547934	-240882.9261959580	-209741.3805311061	-82706.7078416795	14048.1080669209	26177.0008514006	31289.1079070334	-212372.1214974658	-375962.9320908081	-354449.3103585076	-327381.2039494196	-149561.9300212650	-8097.1587772208	16785.6458593150	36713.6391200595	-180237.5043889102	-333810.4662907313	-324995.7210154051	-337242.6824035879	-187622.2292546048	-59065.4217880612	-25102.3202185661	22756.1154277389	-104506.3508619932	-201081.3435351512	-203694.6852935533	-230957.9392397752	-145119.4879035159	-65185.0699177779	-37998.9214093278	9740.1097107636	-41279.6204192249	-82829.7441311317	-86302.8407481133	-103853.5061216903	-69379.0877452274	-35957.9656991478	-22751.5987834564	4070.5126970613	1030.0415337602	-54.4173981517	-2878.2742399351	-9249.0663822669	-10591.8923058167	-9444.1990019027	-7715.1108209820	-344.3220642668	17276.5730465752	31638.2461447141	30149.0061106981	30291.9940791683	15470.1666316913	3677.4395675444	1563.5555099210	-1812.4157333237	29031.0011911614	59045.5264204000	58550.6249970021	56080.8613496099	29130.2075039172	6895.8022122426	2992.1421309398	-9867.7016300524	
97	-140227.8898725297	-248459.4487290947	-229482.0027870379	-201876.9268884705	-80619.9319269234	13001.2568871514	24190.1884003661	29945.0847563315	-200597.7233687484	-351104.0094753294	-333457.4406008170	-313466.7722193575	-146635.2697031290	-12404.5898727296	11527.0752410303	32592.4549047471	-178162.0211351209	-326961.2626980605	-321229.9394586211	-339323.3532123385	-191827.7317478495	-65691.2185351513	-31023.7336904819	17671.0013490503	-110238.3375313779	-209230.6572792754	-212913.6254856581	-242119.1505350233	-151398.9848036982	-69204.9006829192	-40913.8578081031	6329.8384447349	-45401.4882332838	-89351.4613981757	-93077.4205669209	-111582.0310841168	-73584.1337048718	-38393.8634491318	-24254.6593098459	2187.9151347451	-924.7585769618	-3457.1387942888	-6028.6443144027	-12213.3367879013	-11861.9403489943	-9838.7717816657	-7783.2246818240	-741.9019320398	16927.5773145705	30742.5288716743	29528.4131321550	30399.1091181808	15923.8980377814	4426.2540111761	2167.8944503070	-1408.6407569071	29844.5341029915	59923.9182615439	59963.0805562884	58670.0556158464	31240.3382318848	8581.0014939483	4311.4414502190	-8994.4382564674	
98	-145274.4714191209	-256723.9016322509	-233556.9373371147	-203627.1670543937	-79859.8001876679	16785.8929723475	28815.7271980526	32465.8908468438	-208239.9004550796	-363007.8179101913	-338942.8349901669	-314498.2518616894	-144048.6137719046	-4562.5130138383	20114.7417218278	38222.2387619116	-176355.6081818400	-322765.9994793665	-311609.7426831510	-327127.2039853943	-184234.4311794497	-57011.4730459756	-22817.7524003102	24355.1667256252	-102657.5887844957	-195660.5152772448	-196540.0313978959	-225797.0882478735	-143634.1912483612	-63880.7655350633	-36464.9365546655	10950.9337656290	-40473.9606227216	-80649.8940525870	-83336.5833313347	-102071.1245723011	-69183.6330373417	-35778.3138250672	-22336.0929795424	4485.2573758074	960.8214836755	-181.1432521505	-2979.0078904451	-9429.4728641037	-10763.5126421000	-9477.9101532521	-7709.5909199923	-275.4750765461	16879.5142629589	30492.7889815570	28778.8782427171	29280.2913708749	15117.9196425716	3496.1316992837	1366.2921823037	-1933.1877278396	28077.4578077034	56466.6824675429	55533.9284103991	53555.8792420136	28081.8830463354	6253.8067350585	2440.9582903636	-10368.7622583701	
99	-144794.1942762295	-258896.3961850857	-236893.7755270290	-207837.4969561429	-83012.1354816209	13974.3342556840	26767.7005957806	33055.7455970996	-206967.5757926420	-364949.6704440074	-342727.7357100601	-319927.7058171048	-148933.5342478895	-9249.0008863760	16475.5936640605	38140.7353782937	-180183.4733067920	-332112.7981980686	-321490.0518235163	-336711.3726406610	-189974.6013936189	-59885.6703760553	-24686.2107456351	24452.4025945734	-108963.0390674965	-207389.6751107220	-207715.7847675237	-235048.2199661438	-147690.2936362801	-64000.0433115087	-35993.1685513399	11399.3276003693	-43859.8530484539	-86644.0671996914	-88876.4403090225	-106413.3191992837	-70859.0421803051	-35434.8376263111	-21764.4490138942	4737.4395095853	46.3922438603	-1562.8718352280	-4026.3683286966	-10092.4830459357	-10812.8810057719	-9112.1124118620	-7347.1829182256	-341.3253089825	17363.9302710892	31682.7097563315	30035.6230633634	30645.2147328281	16023.3869156114	3994.1531431872	1682.4033030746	-1964.2674517140	30657.9612542770	61559.6691539156	60556.6162251775	58704.0324471572	31019.7832266085	7452.4897402229	3062.4987588738	-10376.0569768883	
100	-141906.4754832598	-254227.1466087874	-231655.0235833973	-198918.6476490551	-75570.3681728063	18400.4367625192	29757.8847531338	33525.6426006092	-204536.1972961035	-361913.5428468358	-338795.6730321854	-311273.8951787941	-140878.1884613232	-3950.7964832758	20202.9112754621	39467.1649628661	-177873.9477228032	-330583.8933211020	-320066.9039096476	-333099.4280036854	-187118.3769246450	-58243.2742369372	-23713.9320878102	26333.4663716743	-106665.0118756396	-206044.6582266085	-207032.3202045760	-234509.5462564355	-148305.9243252750	-65085.0055171159	-37107.7287049917	12780.9367944967	-43195.8494369964	-87007.0540079784	-89589.7548585796	-107690.0689484603	-72371.7120047487	-36715.3193241958	-22769.6678878070	5409.5918643275	-191.8951008490	-2377.7554461659	-5006.1867395354	-11462.4312124265	-11945.6721068368	-9848.4461369196	-7856.8252999888	-85.2697051276	16798.8203234923	30789.0835771617	29154.4088431744	29474.8263512487	15185.6106660911	3608.1402962315	1434.4614931089	-2081.0859175141	28098.2067644378	57757.7631707278	57064.5850571198	54842.8002506236	28848.6178860083	6807.8681508218	2854.2809582054	-10840.0444297215	
101	-149292.0313009641	-268504.1495007515	-247769.0359766724	-215401.3926076042	-85200.9928690202	13394.2621444503	25550.8657655011	31535.3995077465	-207568.3063883026	-368275.7551853495	-348670.2088399766	-322075.9199513543	-147996.8835779611	-10113.3434552075	14183.0331326746	35107.1501482956	-177448.8638128757	-330120.5897348267	-322826.4669752494	-334892.2670679842	-187007.0106135281	-60832.3369807655	-27272.3095021105	21762.4369763686	-105788.4722535335	-203872.3027988296	-206565.6861669385	-231439.7129191050	-143844.7968879908	-63807.5503805321	-37166.7280784328	9939.4268764790	-41647.1236489511	-83708.1863608020	-87120.9158672295	-103833.3033214617	-68759.5918333493	-35409.1595216967	-22449.0445326490	4027.9513692361	1067.4269434318	136.1423987513	-2573.2657219318	-8665.3384907025	-10045.3247973427	-9012.5679951314	-7406.3304263798	-337.1303682208	17440.2999058663	32093.5236533480	30720.3272446198	30980.5498399127	15939.3676341855	4032.6766556344	1903.8471216264	-1746.4388210700	29537.2084902229	60158.3500365743	59741.7833984875	57093.1245922870	29655.8834120779	7110.2508963690	3197.5553630244	-9885.1233841376	
102	-141180.3560663293	-251850.3882346828	-233266.7863084389	-202986.0914596124	-79478.2482152565	14050.7859197125	24628.2260058919	29742.5871326586	-192867.9800560405	-340425.0859844669	-324745.5921351369	-303147.7960735642	-140626.3285237193	-12279.2826959820	10163.1076142396	30787.2123924757	-173379.9522026493	-321794.9767004029	-318528.6357014662	-335282.2622553722	-189472.9077509433	-67110.1432281674	-33451.3702793234	16532.5867978943	-109402.7693293921	-209707.4601830312	-214675.3712986058	-241875.5447315090	-150143.8608809398	-69027.1629872570	-41528.3355887455	6191.7599959628	-44848.0960473826	-89313.8301725585	-93670.1703610658	-111573.4558990471	-73255.6888280650	-38625.2733395689	-24766.5285748833	2031.3940206095	-732.3954116302	-3129.0195542338	-5826.6913303035	-11930.7658918122	-11670.0957695782	-9796.5146247042	-7819.3811666587	-743.7316149431	16911.3176503741	31117.0064314722	30116.3800004797	30959.1049351257	16247.6286874041	4770.4347379445	2518.8476652437	-1345.1052159280	29182.3948420312	59335.5609900630	59881.7420076266	58356.1774160991	31076.7718176404	8758.4185633314	4723.7787227792	-8835.9997501759	
103	-149231.4126714793	-265510.5466871323	-244223.1505250304	-213555.9131381507	-84873.0399978415	13832.9001972611	26021.1617841040	30414.2111893227	-203715.4552874776	-358142.6441165420	-338392.9049898871	-315331.0111851257	-146039.0413698756	-10398.2812360098	13764.5676803530	32996.5322492965	-173372.3769336387	-320353.9844939163	-313782.8952887168	-329959.7846056377	-186512.6904289380	-62642.8710757627	-28891.3435171639	19932.7495043489	-102944.7531208030	-197323.5016928083	-200498.9137617118	-227750.4713831463	-142979.5327959117	-64666.3336710955	-37995.6108839377	8891.8109910623	-40259.7734005260	-80675.3006733260	-84380.2551153988	-102426.7095194983	-68698.3419302811	-36245.8080791123	-23116.3450990503	3434.9609115183	1471.3817352584	763.9742731117	-2076.2279115503	-8345.0758705871	-9950.6996404531	-9202.1439176820	-7565.9150388127	-411.0515027421	17302.2524123017	31508.3124700211	30198.1786742134	30813.1581146873	16096.1146412925	4268.5201807927	2056.3772534136	-1624.1435239591	28521.0411400374	57783.3237151046	57571.0099819727	55665.2510012951	29311.0002758058	7337.0743526557	3472.3007622634	-9464.5946653556	
104	-144581.8800594381	-262125.9244272033	-239994.9179897352	-207842.2538512887	-80907.8754656722	15594.0688165531	28055.5712218598	34153.2380514118	-202554.1050450483	-362232.8016736218	-340542.0273787254	-315466.5580871067	-145658.4411963977	-8797.5818973443	16578.6332302059	38752.9843200387	-178988.6665517476	-334969.9510824379	-324808.5210701666	-339200.4009027645	-192154.2155972196	-61650.3019314403	-25920.4539714041	26090.9530520514	-109413.9597103639	-211202.5281311956	-211397.3876990599	-237569.5577373529	-149309.8294590608	-64231.4796763079	-35953.2978063443	13186.8596128326	-44288.0291754605	-88815.2968430225	-90943.1280098810	-108265.6509507307	-72243.6096178290	-35868.7310823180	-21936.5822391037	5635.0338012040	-186.5778122202	-2021.6489761208	-4422.3093672055	-10527.9632588658	-11170.3222611282	-9140.4015822861	-7349.8646273024	-101.5851530523	17397.8435881140	32268.0792592015	30684.4162219797	31267.2728659024	16413.8127178466	4263.2786538277	1856.9234868652	-2099.7247707614	30391.8832851672	62145.6598344765	61279.9049039476	59180.8543595309	31302.4740532665	7650.6744331990	3236.4493406642	-10866.4267185901	
105	-145512.0162485610	-262657.9232720165	-239475.6621498465	-204539.2250815426	-77289.2097633266	18736.9843720021	30409.5921151509	33870.4811182927	-197894.0118706431	-353142.0964021329	-331020.7463016037	-303010.1361561461	-136970.8403983595	-4567.0509891037	19023.2486969174	37980.2886238088	-171381.6609327034	-322278.5487626711	-313252.1722737193	-325866.2548775662	-183883.9068885505	-59063.3197059270	-25109.6982624233	26154.3965927987	-103364.5610979870	-201831.1709846268	-203249.5787225793	-228526.8383527996	-143845.0901565298	-62973.2690445926	-35911.6077471460	13675.3194890797	-40951.2731856773	-83734.0331796415	-86635.8824157793	-103942.9797722403	-69910.7850533225	-35734.4979994084	-22301.0894640173	5839.8075165084	827.1084996163	-482.3381279579	-3281.6650228239	-9575.0237922503	-10834.3611997154	-9373.0279962906	-7638.4694125336	28.7744797662	16980.5642067984	31454.8680808711	29917.2882370811	30313.2943267939	15783.2547516548	4005.7191037510	1750.7908512407	-2070.5911538277	27693.3168529355	57520.4134079608	57002.6517281834	54421.2388128757	28550.8544634577	6639.5628587474	2839.6822007307	-10987.1052339153	
106	-148560.5260366702	-269120.3381409488	-249030.2837212602	-216790.0345456798	-86120.8604102712	12261.4204609955	24716.9045442009	31495.4157772928	-205557.7604646329	-367559.6603710987	-348920.5858935310	-322877.2089269154	-149028.6921876999	-11939.1146772672	12670.4402290787	34821.5752420296	-176983.6914682064	-331552.5540459516	-325074.1595276925	-337048.7859466935	-188567.0863711947	-62137.9621686333	-28353.3186346812	22034.5712048718	-105831.8341627494	-204976.7501728783	-207926.7718736010	-231827.5681420280	-143742.4281295968	-63412.7871588402	-36925.0995419225	10397.4709934206	-41763.1588191913	-84291.7752162478	-87769.0077655331	-103894.5455469350	-68567.9417100361	-35090.2202259609	-22168.4128423590	4321.5320324492	1026.3757055033	73.3118184798	-2521.4816429234	-8367.3315575835	-9680.5975783049	-8694.5657407185	-7159.5632504717	-256.1769674149	17412.1541224978	32284.1504400902	31048.3730563683	31334.9566495187	16241.6976388622	4307.7688617213	2067.8884075611	-1800.4035968678	29951.2766152629	61507.0771316993	61262.3039410255	58654.1557363616	30588.0221334181	7647.6356874760	3578.0329388111	-9990.5647374249	
107	-136600.6660011352	-247122.8231974690	-227330.9632948404	-194506.4539254365	-73570.7519895993	17044.3570666251	27330.2324093838	31949.1452897160	-203095.8482228511	-362689.0950710700	-342827.5193763591	-313477.7139793586	-141054.8822628869	-5243.4264507787	17843.3630444167	38294.0897727999	-178962.5979580375	-335511.4019810054	-327748.2789746019	-339225.7764723634	-189210.4194507067	-60447.4297104838	-26348.2797790356	24338.0693731613	-107112.8189284744	-208600.2101650438	-211607.6994206079	-238804.5765191305	-150295.6522797950	-67612.0950400918	-39652.5134994964	10715.6519430321	-44031.0182401589	-89283.3086357205	-92692.2532167354	-110430.7445388447	-73505.3760812388	-37752.0736941193	-23784.7602847595	4509.7258130276	-679.8538668777	-3161.7668641277	-5835.9277468662	-12256.5535203217	-12333.0631815202	-10024.4193357876	-7979.7679893355	-278.2427021377	16709.6275701906	31027.4499882083	29659.6915001839	29891.7410562964	15352.4513982157	3841.3746842223	1736.1602321965	-1904.0510500608	28351.9954282185	58803.5139491798	58749.0392223874	56549.8059206319	29810.8547732396	7623.8619162110	3642.1586792898	-10369.7091467607	
108	-150516.9954442073	-273158.6924385233	-250864.4292867821	-216135.0270069871	-83734.9293747202	15393.2659107988	27899.9452935134	32422.6858211819	-200186.3319612992	-359156.5869208078	-338589.2039554154	-311086.9780024862	-141931.7988665979	-8406.0677163277	15676.3226158784	35577.4426263910	-171663.3199237737	-324053.1287353703	-316361.4205789124	-328235.0119545840	-184744.7218408241	-60272.3510648503	-26716.4857410383	24399.3521041187	-102318.2034307847	-200294.4385872346	-202431.4516300524	-226558.6192150726	-141875.5395161806	-62221.4932457550	-35878.9580085620	12723.2976184766	-39402.4080427379	-80915.7672828329	-84184.3018714825	-100862.8986593438	-67779.2038215097	-34881.0316697045	-22046.7568221972	5434.8554947317	1947.5700966520	1648.3209340624	-1163.8914754013	-7324.2738352200	-9519.2835793601	-8830.3943873513	-7365.4971689930	-13.4713841456	17434.7027302779	32455.4672930257	31032.6758502015	31248.3258915723	16190.1285395082	4142.9174151397	1895.4007518707	-2017.6291860530	28242.5037163837	58396.2528100217	57912.4041075083	55293.1478489144	28934.3651849098	6855.3476762359	3089.0621032793	-10267.3028837698	
109	-146685.3695798158	-262958.8459744340	-243501.6462900118	-211108.1383356117	-82631.0012281354	13913.7830947013	25239.0455829096	30793.9986989160	-186752.7124364447	-331972.7981980686	-316542.5639689658	-294938.0357098603	-137460.3012848954	-13267.9473060965	9018.0806602152	30318.9991026317	-171469.0859285063	-320303.7943217974	-316920.5701056456	-332736.7722593294	-188956.9651385425	-67123.8088895418	-33477.8586545072	18351.9760028940	-108722.3302115311	-209138.4626273104	-213309.3748041379	-238423.6464798782	-147735.1423307991	-66402.1890688955	-39402.3810537382	8494.4633607940	-43753.5587496403	-87606.5495601097	-91618.9298264022	-108669.5320634274	-71531.8439708445	-37203.5615486697	-23680.4459090800	3205.2677185262	497.5051343854	-843.1728083429	-3468.6924894874	-9479.8015207294	-10327.8889711643	-9148.7005298270	-7453.3763150742	-577.2623702913	17645.6797624472	32735.8135922311	31762.7601898264	32597.1540245667	17278.0234994564	5188.5957915627	2760.6052319167	-1593.5065973555	29557.7261897624	60134.5796988920	60429.0821201874	58956.0858065922	31652.1103223331	8963.8096280219	4852.0845574715	-8853.3222641261	
110	-150892.9396814643	-271173.6601812324	-247711.3768257147	-211577.0833892939	-80006.4588159935	18658.5175056760	30458.9701939834	33262.3093062484	-193876.9167645977	-345035.2211313235	-324213.5412149847	-297534.3238110371	-135175.7052265205	-6344.9099763766	16621.7381013766	35221.6617451314	-169028.9189390669	-317365.6099196166	-309866.0410550972	-323602.9235538181	-183587.3863540068	-60929.7249206559	-27382.3672324683	24749.8262193416	-102207.4005440170	-198967.3793539348	-201009.1855034056	-225897.5291115055	-141978.0238432144	-62362.8885194823	-35940.8239909104	13338.1824855302	-39553.5312699859	-80936.1694916779	-84182.4982922023	-101634.7533306552	-68665.0450402916	-35562.1416892508	-22453.6870163405	5607.1917550045	1948.1015505084	1542.9328432783	-1361.2853131395	-7757.7393245155	-9923.4738054410	-9171.8820910079	-7613.3987712650	-21.8060745235	17496.7094325595	32317.7506985083	30906.2157770929	31426.6378619452	16492.5876103223	4394.7899248929	2063.8118964249	-2056.8841645482	27886.3169168905	57445.4705237513	57068.9615470709	54748.1233281770	28924.4708705072	6957.6281267987	3260.8166380868	-10462.0026071646	
111	-150363.6900432096	-273587.3314936285	-250060.7218098459	-214329.1632110994	-82270.2802237225	16709.1581296767	29586.5085559766	35332.2172220757	-199806.8607680193	-359187.5286947989	-337021.9951554106	-309152.7051205951	-141345.3250281802	-7625.2681122490	17147.6576650038	38860.8486005852	-176691.2752562196	-333026.5331206830	-322601.5418945063	-333705.0527958318	-188016.8580369420	-59601.7913708749	-24736.1453846492	28135.3389833557	-107656.5293813156	-209186.9569513063	-208884.4103720980	-231532.4334838274	-144114.4518309110	-60572.6907237305	-33450.2404817009	15429.9691227376	-42449.7809731949	-86043.0727258010	-88068.1784233899	-104003.1368116846	-69207.8643834740	-34101.7528869676	-20835.1288582838	6716.7583371307	1101.2317278636	279.1179629541	-2241.6741274143	-8216.1120531146	-9875.2265565042	-8615.7498461083	-7121.2638232684	88.9551106021	17876.8271916571	33392.2595252942	31751.7291826554	32106.1660960684	16806.5375505644	4355.9974148200	1902.8055548894	-2354.9641142636	30259.0874344461	62127.4383014358	61010.3902152884	58159.7936892428	30448.0011961579	6928.3674962826	2789.5774584692	-11255.9536486314	
112	-143802.9469543441	-259205.2825690714	-236373.2994132131	-200097.9747817536	-74045.3207691785	20089.0927287190	31017.5117697141	34142.9321337778	-194726.4426613664	-347390.0654609155	-325794.9978015477	-296806.6077251615	-133167.8062703857	-3687.8851938235	19036.7110514198	38073.5324061860	-172590.6437617917	-324569.7521964537	-315615.9151547311	-327295.9514671671	-184375.7928768147	-59394.1956402693	-25531.1252768051	26875.2250835412	-105001.0879290979	-204647.7011304042	-205786.9741901701	-229841.1869034200	-143958.6613414156	-62500.0392983340	-35561.9175650342	14292.2384661199	-42108.6176831511	-85814.5701955823	-88496.9127794033	-105373.1590500288	-70511.4013534472	-35777.4884071614	-22245.4039975857	6106.2438363392	419.3222891085	-1211.1732380404	-3887.8464061301	-10115.4387820974	-11097.8785315138	-9416.9465116558	-7626.5091055897	68.7750493652	17020.6507958397	31576.1437348107	30074.7104038757	30431.0645325691	15838.0731405091	4079.4007308855	1816.1627394314	-2177.6322029291	27933.4801239927	57838.8988482109	57257.1121010808	54677.0634933007	28754.6495737001	6811.2349316081	3021.7323883986	-10969.0478613056	
113	-152350.4747527741	-274702.7643429026	-251611.2968909887	-215819.3277122905	-83345.2289508186	16542.2930936621	28949.4297464585	33552.8505562084	-199426.7988286247	-355482.2355102008	-334461.5544646569	-306637.0173937548	-139916.8085797598	-7643.5232566273	16132.6728333253	36020.4800350553	-172692.5689634497	-323297.9599042274	-315065.1212096684	-326370.9508046336	-183419.5602795632	-59759.6330083621	-26225.2457529899	24494.0482660207	-104226.0574735386	-201642.5498948740	-203156.3196339777	-226219.3337450435	-140694.5826418202	-61199.5353850889	-34887.0274646649	12756.4412043921	-40272.3490282841	-81571.2470580711	-84568.3304403700	-100852.4394526253	-67307.3750149894	-34524.5381161662	-21677.6843742006	5304.3604332550	1896.1042995731	1606.8537509593	-1129.9468334293	-7277.8659453745	-9377.6658652309	-8790.2463615615	-7334.1543503374	-151.1995505164	17627.2747945446	32646.6804209836	31209.0305524910	31431.7128671415	16346.6896724706	4234.6654994884	1954.0553510329	-2088.5566201394	29363.0916744612	59874.2199711403	59127.8307681392	56357.6731221220	29423.1960999456	6872.3258765829	3013.5206314754	-10324.8041129045	
114	-142952.0944515061	-257817.0877352344	-236298.5563343406	-201638.2226202753	-76322.1412225793	17764.3106762839	28880.0166063092	33458.8055638830	-189962.9856700883	-339096.5712068704	-320080.7007256891	-294377.3339888718	-134758.0458407281	-8005.3403264102	14822.3176723587	35616.5732924022	-172665.2735144458	-324327.7271031194	-317266.5402136896	-330777.4379137087	-187396.3813025630	-63192.9267975345	-28916.0893291123	23849.3797706415	-108704.1691199396	-210643.8616483995	-212531.7812819775	-236978.7104288581	-147588.7089858739	-64715.0663392971	-37197.3681538197	12286.6687182224	-44097.3349322077	-88981.1983163853	-91913.0807231709	-108861.3773813235	-72095.1969253645	-36648.9801579688	-22880.5957985578	5063.4491018323	-109.3719501471	-1948.1130873865	-4523.7037035927	-10651.5282880852	-11185.1810975074	-9364.4274520737	-7566.1552946726	-216.1649498753	17343.2688817073	32296.3755266293	30926.7050146697	31503.9017811461	16561.7698670136	4590.7955119596	2222.0793601305	-2022.3237740631	29601.2807313651	60562.1617611202	60146.6889030123	57911.1089772800	30714.9229782233	7846.8514865535	3742.6825314978	-10403.1501732780	
115	-150128.1355305865	-272781.1891588322	-248782.6078190954	-211283.0416356885	-79338.5610500208	18948.0434504109	31093.7084902229	34263.0851240727	-196888.9267715528	-353577.8083938907	-331342.5205695191	-301758.7790375575	-135910.4155464553	-4895.8888622410	18678.5285239192	37597.2364285543	-169582.8542486090	-321135.5274396825	-311770.6840244468	-323020.7368792370	-182289.1243084868	-58639.7983919321	-25037.0353601065	27247.1786832070	-102358.3647771969	-200887.9025795840	-201934.1320120635	-225771.0124942041	-141932.0658266580	-61558.8364091679	-34920.4736155746	15095.8691681057	-39760.6525126311	-82134.6963397768	-84739.2578144986	-101714.7122485770	-68708.9742841040	-35058.1289012535	-21931.1079849786	6593.6590010633	1618.7666232972	891.8980237913	-1838.8987742629	-8324.8201416203	-10307.3290803275	-9240.0419814451	-7587.1854424485	183.2293865119	17287.5656497826	32389.7699239735	30742.4459310645	30899.5680081223	16029.2627080535	3974.3363552059	1734.9326793937	-2260.5687026333	28370.0488735930	59191.4037357700	58171.9768882707	55133.5660155251	28626.5225371339	6324.8225429298	2493.8059656002	-11301.5177654931	
116	-145538.0710229998	-265801.5540959165	-243597.6551707598	-208223.4500851401	-79465.7303358436	16523.0682059830	28637.9195846124	34517.9941541155	-198856.0173028188	-358588.4931528204	-337480.2739601321	-309095.1313255468	-140837.0265373177	-7816.0292903796	16504.2163756715	38493.1457493924	-176866.9574669433	-333960.8631353527	-324669.4111415563	-335743.4324755372	-188897.8673104135	-60886.6280198740	-26119.4913420952	26777.9317950163	-108612.5807641420	-211397.3294980334	-212097.9337466424	-235360.0785247186	-146582.1194389150	-62779.3897865902	-35326.5334154755	14218.6315204096	-43696.0995828936	-88470.1388462522	-90890.7504057144	-107003.1972931057	-70944.3313817073	-35262.3627706095	-21684.6325516836	6154.9125235834	336.9983641516	-1190.0905582470	-3653.6542394155	-9667.2604266596	-10633.7795142220	-8976.3351100825	-7273.8247303898	-2.7350625160	17485.2147678035	32737.4059342223	31253.8231155267	31568.3861581447	16523.1672302699	4381.4779045552	1966.2489157633	-2212.3853457166	30428.9793285527	62756.0930994580	61869.3300806232	59011.1100795040	30868.0361675381	7408.0613548062	3114.8426187964	-11170.8555257099	
117	-144162.8392991334	-260726.0991142236	-237981.3495778972	-201428.3613116366	-74921.4826152389	19480.7409473730	30548.9436226896	33925.1592988536	-198476.0500947333	-354786.3173226049	-332969.2496172694	-302520.4182895242	-135543.1269196486	-3715.9199943240	19380.7812519986	38532.3570756188	-172723.2965692153	-325407.8404753054	-316761.6523847212	-327924.6874870092	-184482.7364805177	-59429.9009537286	-25542.0466101864	26588.9049479167	-103700.6236049821	-202976.3706770434	-204767.8990400758	-229526.8424429202	-144371.7995431217	-63585.4800330567	-36522.0733603543	13758.7668921080	-41345.2912349706	-84708.4589578936	-87742.7570880100	-104974.7941768995	-70542.8977379924	-36184.0266422439	-22677.8298118125	5886.8844963146	622.0344967143	-755.6877108516	-3566.6726164780	-9984.3527566593	-11175.3754726672	-9558.0125351752	-7786.6519310405	-19.3745433215	17006.3354348539	31580.3173545824	30097.0213529675	30373.0525579992	15740.5892691545	4008.0381461451	1784.3663870635	-2125.0815525870	27699.2921653156	57527.5640818864	57097.2716127846	54459.3919310805	28652.4900909760	6817.3526087634	3044.8845352872	-10937.7348976321	
118	-152517.6886182128	-275200.0643247154	-252540.1221170296	-217560.5967129141	-84890.3018325099	15237.7463175924	28113.7204627942	33870.0526519330	-200671.2448716104	-357961.9641182607	-337192.1811364799	-310123.5108963290	-142402.6983683487	-9053.6254276989	15343.7507604646	36472.8219983132	-175022.4503609459	-327832.1843592111	-319296.6681476241	-330818.4969631379	-186033.1265439131	-60482.5567490487	-26414.7874886080	24901.8605921431	-106057.5562803786	-205153.5851970213	-206211.9314612513	-229047.4525404116	-142103.8434871850	-61167.6675180673	-34607.7627150486	13017.6440965560	-41094.1581426676	-83118.0298459884	-85836.0909579656	-101833.7489857141	-67660.1282866862	-34249.1300274607	-21341.2664324316	5411.5828506731	1774.9357971988	1372.3498447093	-1240.7067704336	-7205.6616472004	-9201.0632174949	-8547.6547430609	-7134.6717540851	-139.8221392140	17826.2810221604	33003.0431526206	31521.8905910239	31813.2061928402	16583.0675154691	4325.3905000879	1973.1619399942	-2121.1153248113	29650.5296841024	60502.8023041779	59650.7885198820	56864.3339109267	29716.8833021553	6950.3719881204	2965.9205669209	-10429.4645289716	
119	-142598.1815811669	-257732.9340434334	-234920.3877790036	-198262.5461974770	-73287.8618442616	19983.8052051356	30957.0438351401	34717.6267277836	-192366.7702587378	-344028.7002170472	-322694.1567156722	-294036.4547428610	-132702.1437637903	-4776.3623519043	18133.2000721492	38229.0989573340	-174046.6007180945	-327389.4867433327	-318191.1754894554	-329795.9423875592	-186246.0735682080	-60533.8065991542	-26135.9331070926	26959.5803824108	-108884.0907800908	-211500.5592063188	-212174.2744397944	-236062.0205115599	-147483.9370023503	-63604.8934300253	-35929.9924563108	14466.6679967303	-44242.2292875815	-89560.5884657201	-91944.4676078041	-108777.0655528508	-72375.3986163741	-36330.6591479598	-22392.8192902197	6122.5389036119	-302.4052926740	-2458.3668707230	-5040.3284457742	-11353.7566643083	-11778.6502002590	-9636.6349979614	-7715.1407049437	-29.4005550093	17160.7364585332	31913.1842972547	30364.2589716839	30632.6522737992	15938.5138102776	4119.0493152820	1800.9606936717	-2272.3110869948	28904.8750499648	59544.9452855190	58840.0307533496	56286.1446411726	29778.7299970821	7256.9555472947	3225.9382035047	-11000.8438099578	
120	-147768.6524526733	-266478.9906735658	-243163.9719537446	-207530.7140433135	-79134.6524156994	17392.9731978687	29499.6657563076	33371.5241460012	-208166.9641042706	-370472.3232334437	-346921.9641112657	-315506.1622817537	-141867.3171307399	-4349.7848934350	20117.5015249265	39130.6344073772	-176767.0658176644	-330439.3243566529	-319842.2793943064	-328978.6198686125	-183242.6121290611	-56567.4310525390	-22719.7676016085	27167.8052051356	-103359.2625341759	-200790.0401917050	-201678.3017046000	-225467.7646446901	-141233.6141396457	-61376.2669001023	-34708.2111153748	14068.0289636096	-40536.6235410271	-82460.4898341568	-85151.6197806744	-101613.6532621035	-68095.5617085572	-34612.1512864943	-21558.2484410975	6157.1227256012	1449.1562090288	640.1699953233	-2147.6141136640	-8401.3912575547	-10170.2143660863	-9100.3128307671	-7487.8222951042	110.5465622202	17470.0148105734	32188.1742313411	30532.0504215033	30531.7201620059	15671.8805271089	3706.4692486490	1510.2209094797	-2171.8347543329	28999.9427662925	59209.3040059798	58252.2067634385	55138.0937849754	28586.7996860210	6302.9427792834	2448.2412221796	-10967.6606259194	
121	-141827.2652562596	-257073.5333005564	-234302.2796601193	-199151.6129284983	-75144.8655596460	18349.4817198692	30027.1772492166	35147.9454314163	-201405.8095890493	-360385.9295455999	-337448.7673417914	-307581.7406855574	-139221.7344959149	-4727.4550306584	19756.6965746115	40994.1303582278	-179350.1622497762	-336176.2623632962	-324813.6512285351	-334818.0201827913	-187629.6527694503	-58295.2078166970	-23214.3871014806	28751.2223814435	-109722.1399694615	-212379.0506503422	-211975.2571619580	-235682.6755723970	-147138.3384717159	-62663.5590114559	-34684.0619264038	15039.6666316913	-44664.4886489911	-89856.2419936365	-91740.6662319727	-108066.3730373817	-71654.0788524878	-35368.9079378118	-21488.9323806041	6506.7091397656	-349.0343977840	-2422.9187292146	-4822.8449341663	-10919.8068180001	-11355.9416051100	-9246.1506089713	-7414.7707184142	33.8149612673	17405.6803690202	32266.6034661598	30576.5728647032	30797.2648285607	16004.3095380852	3992.0011002254	1631.7321675540	-2318.1969633378	30231.6348700515	61707.0110042530	60599.8456756443	57905.1881255596	30470.0095113040	7212.2715808071	2902.6003773344	-11183.1094089761	
122	-144992.8331454656	-261658.5514757611	-238695.2597261528	-202443.3284657601	-75762.7577575387	19107.7745337283	30491.5902844398	33467.5732184542	-202929.1258543985	-361772.9591867325	-338892.4861647400	-307477.6275402117	-137308.1105431776	-2869.9869791667	20700.2016020721	38991.7064356693	-174274.3056388303	-327023.3183968486	-317290.6977228032	-327332.2618266740	-183070.0728846892	-57341.9973898376	-23559.4330961003	27260.4580135585	-102835.4012914908	-200789.7766672263	-202181.7772148408	-226882.8869965544	-142809.9596034392	-62706.6006781226	-35773.8157667002	14245.0063525278	-40651.9677457070	-83233.6477190058	-86079.9549047471	-103132.1113875831	-69411.3161484315	-35575.7397971828	-22220.4134239495	6254.0662873337	973.8982296463	-302.6163141149	-3100.9497983420	-9544.2181304362	-10933.8699445590	-9501.3027948324	-7741.8167320207	128.6816511176	17084.0319804857	31532.8977399910	29934.8488713945	30047.8114337506	15476.1071295808	3764.2989115663	1569.6748469078	-2131.0915185709	27739.6217672758	57230.1267977344	56543.3614715240	53671.5226450579	28038.6859600841	6405.3838387775	2670.7660936701	-10934.0761973571	
123	-147765.8888602424	-269033.6734349018	-245073.1360072509	-208356.8729574380	-79027.1620559126	17937.7504087123	30512.3524698612	35986.6818309910	-203118.4442022816	-364675.5319714920	-340900.0556738056	-309538.6610786007	-139483.7591735418	-4446.5209852264	20317.0766020721	41323.6684624025	-177640.4324985211	-333749.1111657393	-321879.8606281178	-329955.7420605894	-184008.5512109475	-56132.0762323324	-21648.4523615375	29829.5138382579	-107011.8805650822	-207500.3412937292	-206692.5049764965	-228438.5452521425	-141986.7694063379	-59593.6503511528	-32554.2601808327	16172.0961942792	-42263.4033960092	-85363.2318497778	-87203.4989167626	-102611.4615970357	-68180.8605211931	-33559.2846226257	-20378.9268295120	7075.8779469254	946.9751155187	37.3874852104	-2472.4844709325	-8415.4769172503	-9959.5983917322	-8659.9191189403	-7130.3671065570	118.5116388063	17653.4914760009	32831.6803979998	31086.0084920216	31054.0155590464	16018.6401533321	3841.1035750831	1501.6939364687	-2479.0384779116	29656.9873119324	60710.3919960348	59393.0417366174	56062.7411112577	29073.1844081766	6279.8897616078	2238.5699697413	-11346.0345546735	
124	-146065.4803128598	-261925.6219561429	-241226.9821145913	-204695.1699213753	-76746.7005478143	18270.3166760601	28734.0136823676	32201.8147234347	-183950.3308470836	-327423.2159879445	-310734.0832104199	-284546.2743208781	-129217.6204172263	-8115.0951680017	12993.9740812468	32254.1982104598	-167193.7376057256	-314106.9841421639	-310039.5418975042	-322933.5446485674	-182369.2739871131	-63809.6029884961	-31032.1308268979	20809.9361019842	-105347.3295709820	-204645.7856828792	-208548.5466391660	-232432.1105002078	-144237.3498397128	-65075.3356866766	-38506.9007328841	10366.4929189850	-42106.0637920904	-85566.3537809382	-89488.1515972755	-106476.7376876679	-70551.0850791043	-37136.8963619612	-23696.4947347068	4047.9703878470	753.7829707886	-482.3566069487	-3286.6757962394	-9599.7771978527	-10691.9002951922	-9540.8709698372	-7783.2644328393	-406.7023025790	17171.0888864240	31914.3800094733	30845.7194764886	31372.6285854758	16437.7878303674	4761.8696817441	2470.0532804905	-1761.2020477584	27340.5487226992	56297.7213951378	56565.8131005772	54284.1471414124	28775.1481027357	7605.2207316049	4037.4658020753	-9454.9627652133	
125	-153901.0576823916	-272749.6862938491	-252090.2430269091	-217666.2824441593	-84979.8281489831	14778.9301871482	26196.4994573820	30506.0835631715	-190424.7690785687	-334199.3144836035	-317741.5134365407	-293436.6696245843	-134660.1899822525	-10608.6009879045	10859.3541786582	29416.8609518899	-168127.9208677091	-310127.5378473555	-306468.2114731229	-319796.2748255229	-179334.6829681904	-62864.8754007179	-31089.6916810565	16988.8751898663	-103278.3093662062	-196565.7681182447	-200823.2623483068	-224307.8782746946	-138008.8214167226	-62726.3226258714	-37474.6456844382	7376.0802215240	-39883.9971360162	-79391.4624944039	-83625.6950257019	-100099.7232977984	-66019.5934292258	-35343.6144144522	-22886.1937645897	2553.6327925141	2285.3810177635	2299.6691329304	-573.0368130836	-6705.5275526030	-8845.9294156914	-8860.6311136960	-7438.1035001359	-672.5601406610	17833.2897170392	32517.5244957550	31551.6290201698	32081.6791049101	16774.5042330200	4844.0752650134	2592.8971314195	-1467.4088561653	28784.0615396761	57732.6844731309	57781.3571035991	55259.6274492757	28801.8199697413	7235.1091551548	3777.5854558391	-8637.0716895306	
126	-143254.8624328473	-255863.9183794609	-235463.8829963706	-201570.7295933663	-76647.9732268483	16904.3257426772	27424.8477931536	32034.3410888734	-187876.4062709852	-332082.0067332598	-314902.6459202721	-290792.7080295472	-133538.9885430657	-9653.5540139742	12251.1258034344	32508.1027976305	-172915.9301671623	-320976.6004262999	-315977.6935127670	-330681.5646504860	-187154.3466409648	-65250.7063367389	-31585.3739577338	19786.3395779371	-109183.7785399079	-208629.4191019522	-211880.4892415739	-236677.7398631363	-146683.5983787414	-65572.7043391452	-38554.2049507147	9104.1420919673	-44481.2870529147	-88294.0390774894	-91841.0679421687	-108874.5948412318	-71646.2488118365	-37048.9161680177	-23444.4660888734	3427.9286282457	-196.9196125927	-1943.6423697717	-4583.0633833781	-10781.3303204544	-11188.7425852200	-9544.3968196390	-7686.5077625352	-581.9165557448	17406.0434134369	32113.2425932144	30975.2472979023	31751.5824979215	16734.3149592687	4904.3547192776	2540.2278465960	-1678.3460613728	29872.4555033257	60420.2831766436	60356.6547920264	58395.4865204896	31026.4799711003	8300.9393606901	4251.0501387024	-9506.3778979598	
127	-149581.2617217479	-268486.7994371962	-245138.4550576394	-208773.6421829032	-78779.4354794225	18955.4700680721	30556.4155834293	33678.9917228271	-196506.8327307575	-348617.4134389390	-327224.9892465704	-299117.8022861905	-135276.5186118972	-5059.4987179026	17899.5192884210	36300.7543279531	-170100.5877722084	-317965.8830253502	-309620.4452555401	-322186.6541115055	-181985.6342454912	-59328.8276623257	-25995.7044250847	24964.1900681920	-102342.3993838338	-198233.2156401893	-199776.1447770769	-224121.4259601241	-140582.8993338690	-61507.2723322781	-35215.5103567089	13171.8412157841	-39985.5964151237	-81196.1001784744	-84163.3267020018	-101192.1049780954	-68072.9967622793	-35013.7791344893	-21997.6228265301	5565.5147995811	1473.5865440730	791.5623680929	-2029.1574731389	-8337.4478896857	-10128.5551841504	-9128.1934468134	-7545.5529916938	-39.5159257882	17304.9384483324	31886.9145841328	30415.7509393387	30809.2591675460	16082.0590804074	4163.9652204848	1917.9957789716	-2063.2175908161	28469.7544748497	58243.2229430481	57588.9947566913	54754.9297334676	28573.8827665324	6443.3397138415	2755.0799707006	-10812.2469761288	
128	-147727.0084900230	-266682.4324035879	-243999.0116607908	-208974.9203210940	-80256.9411144554	16833.8411568256	29079.8726866286	34926.1042855830	-198190.0925558407	-353103.1016464409	-331795.5492123545	-304624.9039326314	-139404.4886260073	-7556.8579699891	16524.4687220197	37899.7394893995	-176328.0430786726	-328901.2155812308	-319262.1864607317	-331170.7161658193	-186599.5651581287	-60208.2369062180	-25836.9794804458	25703.5192834245	-108105.7050376535	-207596.1662589537	-207833.7270581511	-231085.1453107013	-143684.8283128677	-61384.0926967415	-34456.4792466104	13263.5244298014	-43132.8469227664	-86127.5413748721	-88348.8341027916	-104525.3311108979	-69290.7549445191	-34576.0080053642	-21294.5972775166	5526.2572538933	700.5420513958	-341.6667306216	-2835.9084594446	-8882.2755290276	-10143.0806152469	-8822.0245617086	-7244.7367133538	-244.0464383074	17652.9080907041	32655.5156689690	31104.0327659328	31453.5340989943	16427.8130496131	4292.0819692936	1899.7881071726	-2204.9006129685	30397.6621818240	61724.6564938283	60750.0259667194	58053.7424583094	30455.7102989495	7204.2254602760	3055.2875305785	-10818.7612990455	
129	-144001.8794019011	-259842.6640595021	-237256.3817172711	-200120.9895073868	-73611.5272588098	20339.3065771697	30962.9772230350	34221.1778687804	-196014.7564484603	-349589.6640345197	-328225.6739135648	-297993.0014379877	-132936.1025488056	-3264.0364843150	19119.7752272400	38013.2142261848	-172514.7830667210	-323552.1861849258	-315179.2402358740	-326458.9893874712	-183469.8798665739	-59443.9868832342	-25930.5846334181	25804.4452645338	-104731.1740384769	-203402.6544212874	-205105.2876135201	-229375.8114217591	-143694.4929449667	-63062.1324667434	-36253.0368470597	13231.1341235770	-42100.3839496994	-85317.9754193048	-88245.7293845133	-105290.8419262839	-70474.8181210428	-36076.0050714297	-22575.9380466152	5559.3250161886	348.4114673270	-1183.6946469685	-3884.6352567792	-10289.5387327322	-11281.2259229502	-9611.6363080391	-7759.5270299709	-94.9133440058	16888.8908708269	31297.9188731133	29851.2936802491	30105.4528342047	15597.1834488520	4007.1454785831	1801.5913726736	-2099.7155572477	28011.6288932591	57911.2007416779	57429.8547412621	54633.0242559238	28582.0778761752	6770.0380382211	3010.6198196470	-10950.0005236314	
130	-148504.6255016468	-267644.6309068416	-245377.2194704928	-210226.5724759769	-80989.1898153700	16385.2413640797	28293.4362918505	33739.8978858883	-206456.1460711659	-366709.1180868669	-345007.5305095213	-315101.5286758122	-142772.0370339281	-6310.9292318208	17697.0032846876	38089.4502180465	-178066.8916422838	-330990.7238773903	-321687.7971268227	-331542.4814730430	-184745.7716177811	-58249.1011447941	-24643.7787127862	24997.9941970853	-105740.8259205519	-203084.4843060485	-204271.1114395466	-227340.2868540547	-141145.3739027724	-61111.7712890125	-34769.3307861266	12263.0170150214	-41830.8751718790	-83658.5536042626	-86384.1832130180	-102383.1146662749	-67840.8543045696	-34304.8565479902	-21415.3113927795	5147.1651797135	1085.2325113120	331.3421741094	-2306.4479626343	-8335.8274334868	-9848.4313433343	-8785.7180564882	-7255.2177337155	-188.9626522928	17645.8222351465	32456.3241617901	30940.4438365391	31097.7343620091	16053.3639138047	4023.7599599882	1802.7757118988	-2052.6747100042	29853.7356690890	60467.3133334133	59583.8233283768	56391.1704390109	29141.8737938491	6507.5032517108	2656.7162867341	-10601.9320808151	
131	-138759.4521866606	-250841.6158024750	-229062.9637005548	-194970.9209986170	-73080.2747086051	18491.4765095373	29529.5228409200	34097.1474002302	-199173.1525556009	-355247.8322231149	-333521.4516040707	-305109.2311432752	-138113.2711690970	-4983.3537789396	18863.9555422982	39581.0054011976	-178328.4963056009	-333340.9243662462	-323370.7834024847	-335868.9138426548	-189446.9130252302	-60519.5708870955	-25419.1511815682	26670.8047004909	-109349.8651579288	-211222.7597141612	-211850.5224571901	-237840.5805612848	-149749.7262507195	-65222.8824957230	-36951.2471799853	13325.0654838993	-45081.7740130948	-90477.3384687180	-92747.0992930977	-110218.1391570335	-73579.7681282377	-36873.2318367869	-22677.8923048174	5688.6909605638	-883.1839075291	-3345.9111345613	-5803.8154349338	-12074.3427886768	-12165.2656939515	-9694.4858379701	-7671.0867869020	-73.7867551244	16976.6900971716	31445.1266698244	29848.1276271505	30243.7579234219	15740.5419884401	4029.9956740455	1729.6452767252	-2110.7721384146	29062.8579719877	59617.5014769602	58963.8988312228	56754.6803030666	30154.7285001359	7529.9352675716	3335.6600433295	-10864.2939420648	
132	-147469.1599014294	-265103.9266376471	-242032.6496746291	-206541.0398799245	-78422.0522142412	18022.7774236937	29787.5869547838	33524.4588259865	-208798.4258781818	-370291.0158338530	-346975.5346346172	-315817.6346142316	-141553.8052760856	-3773.4406797614	20358.0894090560	39000.1395547535	-177555.8684616030	-330175.0384339425	-320071.4134958989	-329976.2203688603	-183655.5065074188	-57080.9708545184	-23376.3702243621	25815.4477098123	-103703.2421355366	-200247.6802301180	-201623.6338417754	-226419.4726522528	-142013.4874338466	-62533.9481804809	-35803.4043073676	12499.1939414652	-40729.3634601241	-82174.1736027836	-85132.3448602184	-102081.6732320446	-68505.7969459500	-35267.4433298958	-22151.7599959628	5236.4117521265	1337.3642055993	469.3095180993	-2341.5185539380	-8729.8167929777	-10404.8391792178	-9359.3211549069	-7699.6415343598	-156.3218374265	17283.6870643067	31687.8553997985	30129.9524704608	30121.8672504557	15404.4795843726	3609.7829587970	1467.2756179650	-2093.2570680241	28324.5627288389	57914.1445102648	57135.3424838913	54195.1740464713	28106.3033994068	6329.6444583014	2581.1744781674	-10581.9266646281	
133	-140779.8904061541	-254752.6693857524	-233701.0758386096	-200367.3839846748	-77157.0464263159	15982.1121860210	27447.5387427251	33596.2043601305	-209803.3577661327	-373730.3480259897	-352034.9225795040	-321850.2335805593	-146214.4805576874	-6578.4674858899	18218.8798286007	40153.0787915308	-185671.2546017604	-345601.6307559478	-335126.1584854263	-344734.9600601176	-191678.2019828041	-59411.1606379109	-24336.9904926931	26149.1679177859	-111448.7011843662	-214177.1122169992	-215279.0834312644	-240584.6437597931	-150278.4398903172	-65615.2691325307	-37309.0198989911	11884.2905924229	-45791.8806610146	-91368.7056402293	-93730.7177846796	-110380.6350599178	-72821.2985188427	-36317.2531547790	-22428.5133635920	5092.5081092911	-678.0650532025	-2923.2362157041	-5332.2632976385	-11493.6296047583	-11660.5860424261	-9474.9465746115	-7535.9518978639	-256.2027392716	17396.4662297742	32245.6690300029	30584.5274596684	30728.8887453233	15813.2228800924	3840.8119783672	1640.8274005100	-2034.6835317936	30348.7887687068	61869.4722175588	61013.7960106085	58538.5295042290	30822.3790441529	7675.8011449939	3316.8100986905	-10497.3614165627	
134	-141062.0809909824	-255462.2753831303	-232489.4764505788	-196403.7656779627	-72541.4802688907	19740.7445328489	30632.0384469334	34176.0496200675	-210893.3897436205	-376310.7428050652	-351394.4671161502	-316707.2626321070	-139408.4990876423	-100.6425336563	23739.4708355318	42586.6772811940	-182206.9376339057	-340395.6171665148	-328103.3359015253	-335188.2417148328	-184829.2382842479	-54259.1068997426	-20214.1634569263	29617.5361875240	-105340.8267279835	-204850.1963257866	-205472.8982816098	-231342.6845810549	-146262.8911436349	-64162.3479610354	-36484.7045390045	14324.6886791699	-42400.1660501007	-85984.4958838977	-88438.4270343678	-105613.9136947589	-71027.3827145689	-35937.4786200515	-22286.4987748625	6342.4029683103	226.5667180305	-1547.6384295456	-4277.2216249760	-10824.7771868605	-11783.2262906914	-9806.5066503182	-7898.4991575931	81.6784853463	17054.3800004797	31411.8976420600	29646.5404445271	29441.8142287829	14868.0644616190	3248.1321859411	1151.2227471860	-2265.8235262375	27657.6382276877	57122.4440094174	56279.2658328537	53300.2851632451	27707.0945844126	6197.0195092655	2463.2958087506	-11184.0026871083	
135	-145156.3452459468	-265982.0429637535	-242937.6172054873	-206577.0704044353	-78320.6110997857	17062.2657718966	29223.0008533992	35326.5527598571	-212080.8198158497	-382566.6247261927	-358026.3916952466	-323900.1111257675	-144723.0577053754	-3949.9431430273	21174.4278577881	42919.7129940522	-183793.1171675141	-345389.4971570015	-332637.7755689994	-338701.5196441705	-186870.1283026749	-55233.0736731341	-20703.1335779611	30031.7847245539	-107794.5739179618	-209312.6246372554	-208815.1889829560	-231953.8351640445	-144980.9853523120	-61859.0299449188	-34430.5779741062	15031.9598722499	-43122.4924762967	-86951.3264681664	-88839.5590654179	-104627.7815278044	-69633.4229302571	-34414.5930355030	-21072.8671465288	6617.5988444135	485.9669432719	-829.9140654979	-3295.7766542354	-9481.2775895769	-10727.4211515093	-9083.5983777421	-7375.5469779275	24.1478329256	17436.0526829112	32395.5462254573	30597.3150292194	30284.3539228383	15366.4523575403	3455.7134047630	1264.1053997985	-2394.9767663565	29432.0410181232	60545.7646806648	59219.2723912366	55874.3227058151	28873.0804653524	6415.0576534120	2363.2759317441	-11176.6223628565	
136	-138779.0403196150	-257280.3886583845	-233878.4469173702	-193749.7914877926	-68257.4151647240	22324.3299357253	32878.6738506092	36441.6476570494	-195937.9939002942	-358299.3042378166	-334739.7730347835	-298723.0876363040	-130018.1066299325	253.2845147017	23179.3396698724	43301.2337574348	-175731.6324727392	-336712.5128529515	-324975.1242425332	-330913.4691277341	-184031.4586601033	-56062.9417619996	-21671.7540941177	32372.0817724322	-107991.0163734731	-213861.9265636991	-213342.9128513527	-235557.9489639294	-147549.4451745971	-62714.9545170200	-34748.2496602392	18035.3681098507	-44158.1013966168	-90876.3201236330	-92709.9055424981	-108788.1745900886	-72740.8948140509	-35885.8153330056	-21846.2591955263	8025.6371244644	-665.7693803562	-2988.2068473794	-5501.7564524575	-11869.5625179873	-12359.6047382643	-9733.4036728143	-7734.8087366494	425.5113480110	16781.9196285815	31785.1167857828	30015.2537053914	29801.4159681584	15176.7640331207	3585.4848876391	1364.1930381012	-2530.2950802635	27797.5593881907	58638.3497637663	57686.8662341711	54379.7709662398	28343.1849887679	6459.3574043873	2578.1595226960	-11905.9666364879	
137	-146650.2539562148	-269451.0216207789	-248441.2506335540	-210774.0230347835	-79956.1917250256	15775.9027384721	27367.7617547247	32318.0682269682	-204782.6046922966	-371069.8485786007	-351023.9934935805	-317177.4620527149	-141698.8804651525	-6858.2926130004	16694.7430888654	36952.5033006763	-175831.4639773599	-333930.3587244580	-326625.7598140909	-332972.2132998369	-184063.6848958333	-59083.4234378997	-25998.8587714249	24890.5412609523	-103296.5405664412	-203333.1069337187	-206147.2256871163	-227626.0123063363	-141074.2871258634	-62405.1595127031	-36339.1311646601	12447.6451248321	-40463.1249050668	-83215.3589842751	-86708.8476072845	-102028.3908828185	-67641.7805724770	-34866.5199379637	-22132.1662069903	5374.7513360594	1358.5218486186	644.6842662765	-2128.6401073644	-8226.4881463450	-9952.0930854678	-8981.9315801676	-7427.0408282569	-40.5980569679	17214.1439446630	32237.0086998753	30890.8499886080	30587.7986587442	15529.1634079608	3850.3529165468	1753.5578113008	-1984.8890820862	28045.1570134625	58417.9728591072	58079.9682443560	54400.2894222467	27911.7639291938	6482.7199961227	2894.3151611266	-10339.6201923846	
138	-140813.1662689467	-261005.0896988520	-238842.2055113200	-201879.7451474162	-75176.8336371195	17685.7202779243	29590.5927087331	35075.9789118461	-200773.7099931648	-367350.5072888687	-345098.1635358707	-312705.7805844685	-140322.0819932767	-5809.6137159440	19085.8524798542	41365.5205755148	-179231.7346118333	-343269.2315030218	-332529.2949473570	-340402.2077277597	-190146.3077033768	-59648.5248255228	-24157.0780800317	30003.1984562868	-109061.8839566945	-215645.1751397017	-215646.2218678051	-238022.5208932911	-148450.5690843646	-63294.0120425221	-35209.8737209005	16197.7789606117	-44381.2371660351	-91190.9067456511	-93239.8947450994	-108955.2423104135	-72273.9483323740	-35596.6146662749	-21686.4713361793	7204.2063787094	-418.4305848683	-2635.4850035575	-5016.9688599226	-11039.5314058903	-11513.3671605190	-9225.5104266596	-7390.8084188731	235.0059867853	17143.4648627366	32500.8781547790	30901.3509998961	30961.2718286326	16055.7170182192	4139.4508935709	1732.2355661614	-2362.0345186988	29406.4250557607	61658.7902486649	60837.7414550157	58041.5838889422	30610.8119623785	7622.1179859379	3283.1008669896	-11366.8391542354	
139	-146988.6226226736	-272745.6860999856	-247084.4916818560	-204931.2616268147	-72776.0935241590	22661.6643433023	34439.2690915595	36823.8414166427	-200065.0117697141	-366444.4088971364	-340775.1410936700	-303375.6339956670	-131650.9471971732	883.4316131443	24717.7390976752	43208.4363368189	-172653.7213701554	-332601.4840582230	-319729.6236429554	-324775.3457815698	-180224.5456728463	-53851.9735646105	-19740.0683488824	33904.6883314147	-102686.7001790739	-205316.7752851992	-204144.6803750160	-225034.4784351816	-140826.6531152069	-59158.4182955200	-32199.5378223730	19861.7218827945	-40183.9637475217	-84287.4490098970	-85997.6131033752	-101719.8731483036	-68613.4872000112	-34052.5427139294	-20746.2539272352	8998.1247991414	1292.5608961291	488.9396904579	-2241.5694491078	-8685.4426243924	-10706.7398691321	-9176.9149318880	-7525.2297312692	637.5758236202	17138.4682053834	32567.1654005580	30649.2317538453	30245.3374824124	15338.8045725809	3442.5701666027	1214.3605751551	-2696.3567088770	27346.5518744804	58009.7990055001	56748.3801433791	52959.8138660383	27243.1911724146	5604.1478878869	1864.8625967319	-12350.7369851624	
140	-146469.7025174277	-269377.6342315010	-246711.4596134321	-208719.2588967367	-78419.9546719110	17231.7722253534	29281.9554703489	35412.9385962283	-206185.7828158976	-373840.0196101944	-351305.9252636144	-317257.5690833653	-141883.2406595756	-5433.5810529387	19088.6393588913	41353.2413231085	-179939.5188807080	-340976.8059745939	-330228.5834862257	-335577.3218344286	-185545.8258396089	-56811.8033244596	-22715.0533994068	29577.3518892700	-107977.4951304282	-211164.3523879189	-211229.0850681120	-231485.4450197061	-143049.7284601640	-60391.6655234715	-33603.3368908289	15852.9019330391	-43136.0005676004	-87705.3638188715	-89856.6420759785	-104519.1459142763	-68913.4673070159	-33908.2552263207	-20779.0316487193	7004.2068463801	524.2796721108	-728.8576302283	-3195.3505532105	-9160.1008919721	-10403.8380500128	-8829.5977631747	-7207.2055672806	109.7668421431	17587.7213951378	32983.7829997682	31306.3171247442	30971.9985430257	15749.2871968134	3742.8692890205	1506.3047684430	-2447.4652264806	29992.2544538645	62045.1561200915	60972.2318457806	57261.8538079192	29505.3244985530	6616.2918695239	2570.5115558647	-11502.8571195878	
141	-141649.9579565985	-256393.1233081910	-235365.3606391101	-197783.7729108708	-72696.0538660783	19152.7351354646	29262.3355397800	33066.9633587954	-198518.2301579688	-355299.5087568352	-335452.1789700051	-302828.7180115199	-134451.9536686173	-4249.4258172247	17843.9475659136	37556.8750929346	-174961.6395857316	-329338.6348390733	-322284.6995425221	-330364.6098346764	-183631.6479218630	-59527.2068883506	-26533.1165219685	25116.6366747810	-106177.9998910767	-207303.5854908145	-210140.8859482924	-232871.8194860818	-144704.2018558935	-64153.1552117309	-37459.5342928578	12502.3996796255	-43071.0085649703	-87665.0079374121	-91124.1560341520	-107310.2122445798	-71056.5487616718	-36529.8372036087	-23074.3599735786	5222.9208087506	-66.4665375576	-2074.3161104582	-4797.5098850409	-11025.0790823260	-11550.9781543793	-9663.8375883378	-7775.1720698628	-104.9753033864	16814.6107430369	31221.2201709996	29919.4294766484	29893.7956468646	15314.0593851928	3945.1505270290	1834.7880232316	-1972.2229620347	27764.7775186269	57678.5331866366	57561.6368416635	54539.4205939019	28493.0550762263	7083.4417380164	3397.5234315042	-10493.0379482844	
142	-149268.8374494356	-268709.6788081191	-249130.7294904387	-214609.4079288181	-83855.6920577913	13354.8721619980	24837.4880524111	30567.7472279515	-205032.7695102648	-364272.7600799038	-346551.2349026285	-317350.8100497250	-144273.7794502670	-10205.5871766277	12828.5250483660	33304.2526691209	-176219.2394654164	-328314.1613284248	-323077.6488352200	-332551.8154059542	-184353.2932995171	-61464.6348340768	-28906.9572710812	20246.2595163005	-104752.2841359683	-201935.6475421303	-205730.9307827289	-228102.3200187068	-140348.1084436557	-63029.2109424965	-37326.7132638622	9101.8411108580	-41333.7990704544	-83049.5039971860	-86946.9651305481	-102561.4362209005	-67309.8281629733	-35153.8151990998	-22535.6911904020	3647.2472769171	1236.8530124792	505.5703294880	-2191.8697646857	-8129.5668099658	-9586.1548190074	-8833.2200930545	-7313.6800842207	-410.2839670872	17375.5495161406	31983.8741705839	30851.3592091168	30938.1517831447	15860.6105131987	4244.0336023439	2122.8629025166	-1604.8721060373	29116.9256433471	59189.2215540260	59132.4404019570	56018.1375961323	28872.0354270593	7104.7362107077	3455.2622783560	-9410.0329308167	
143	-141167.8301385824	-254224.0086768915	-234876.0477663725	-201242.4318060086	-76987.2624262519	15575.4717618796	26058.0662143851	31447.8136741734	-194488.5998656946	-346163.0104546399	-329262.3662191817	-302887.4159811492	-138477.9475489256	-10019.9156383906	12374.3048214057	33595.8938797087	-175452.3273505452	-327940.9644670152	-323343.3109351017	-335888.8482858068	-188673.8068849530	-64928.0841867325	-31367.7519746099	20144.0489005740	-109057.8983365711	-210415.7569970741	-214411.8265081383	-238652.9554903348	-147729.4814550556	-66540.1078190954	-39541.5939108867	8853.4674459181	-44755.8042408145	-89643.6757792514	-93584.4338135952	-110240.3145675445	-72353.1077161678	-37517.8585635712	-23899.2048078153	3352.2137715049	-539.5121804250	-2623.1377640141	-5270.8162893323	-11251.1952745267	-11346.7187729838	-9494.3939156834	-7632.4822395034	-518.2493754397	17111.5133296160	31708.8322231149	30609.7377366334	31094.0561954384	16206.3253949220	4636.3245125432	2375.5862043122	-1637.8177083333	29203.3401265509	59671.5224222148	59931.2330879061	57720.7386150150	30572.5028839697	8372.6575051164	4384.1779357332	-9424.5576803930	
144	-149868.4317160719	-265705.8533092703	-245534.8210359907	-212661.5568170008	-83295.8535620923	14518.0082701778	25706.6400603975	29737.0419414732	-198081.8497307895	-347400.5858095901	-330095.1481936717	-305502.0179783432	-140248.8916103063	-10423.5123573005	11901.3601064850	30504.2617197493	-170574.3551589681	-315180.5327609363	-311342.8803042658	-325641.4625433694	-182845.7625771457	-63652.9927531018	-31274.4152336755	17215.5079354135	-102555.5659645610	-196466.4868602504	-201177.3082539892	-226186.6430133186	-140163.1377929937	-64431.4247789556	-38773.8722919065	7128.7073590193	-39964.9861557464	-80217.5004067137	-84640.7516198596	-101706.7757928418	-67331.5264393867	-36185.9177948724	-23482.0461864847	2527.8362662685	1670.8895727408	1040.9295805753	-1848.0242819055	-7891.9910103287	-9462.4225485258	-9032.2575976513	-7494.6909775518	-560.0739969062	17287.1525735882	31486.5465342399	30444.0633693879	30943.2740780491	16087.0723120923	4472.5731624936	2341.3994238056	-1431.1336599034	28216.1394478287	56980.2347587299	57163.5267871419	54760.2788586835	28577.2606734859	7199.6092350985	3680.8721769874	-8968.9922604486	
145	-147102.7801887471	-262783.7457320047	-241017.7743578521	-208342.3503573484	-81252.1381077721	15810.1768984635	27800.3992549245	33761.0305664812	-197619.3875001999	-348707.3725097532	-328586.5165593422	-304301.2366703841	-140696.3640407153	-8962.6703031066	14869.9444181296	36231.6194818848	-176390.4989857140	-326134.3516724226	-317613.6803640237	-331724.4693575723	-187620.5686336819	-61525.1379488840	-27261.2701238328	23483.1715732125	-108932.8640317217	-207380.1686592639	-208293.7101440586	-232925.5364443432	-144961.1009209517	-62565.9501371035	-35523.7305906642	11527.8269068576	-43501.6241246163	-86099.3630314259	-88637.3206132882	-105347.1219831239	-69809.9662937292	-35127.7478734971	-21776.7844127734	4600.1906577769	432.8248523040	-872.5767409744	-3322.2684490119	-9244.0596510057	-10216.8937867741	-8822.8290533464	-7208.4124386432	-371.7859576858	17559.7698290404	32204.5466431632	30782.0294033001	31427.9065887615	16562.9517769490	4482.7195014710	2091.0501506939	-1975.1394768083	30554.3736669385	61319.8806510217	60557.8861661390	58316.1389841552	30786.7993032905	7489.4933017156	3336.0881129685	-10256.7554731469	
146	-146574.9290769298	-263980.9751385025	-239970.6158064723	-202514.4481275182	-74572.0048096140	21035.3550810230	32238.1505120395	35148.7959846268	-194375.1413185118	-346333.8697946646	-323816.2218787973	-294228.7215710140	-131667.8516934078	-2718.1165839249	20012.1027826410	38690.9977345948	-171381.6239897113	-321610.2617457310	-311862.6471204272	-323493.4774438795	-182599.7714638894	-58385.7932155762	-24654.8873393131	27542.0380971796	-104853.3834330631	-203699.0786286454	-204151.1773321582	-228378.0977731677	-143396.6260442648	-61880.4010186828	-34935.5041210987	14843.1896514854	-41677.9828710588	-84648.1411886032	-87044.2775815826	-104213.7903495939	-70125.1520829336	-35547.0849062260	-22074.3032615039	6306.2567272640	661.2273709309	-601.6877907953	-3326.7667512072	-9694.2308235003	-10997.1470764582	-9402.1070636272	-7652.8286846060	50.5094833237	17091.4297704416	31667.7132168953	30051.2513280650	30385.8953136992	15814.4586491110	4003.9675248625	1753.2273929154	-2260.2607674197	28084.8093612097	57815.0323832022	57039.7459028844	54298.4880574076	28496.0923569807	6494.7427261208	2767.5053962011	-11201.5965060597	
147	-151595.6523687324	-271895.3197199172	-251254.4726822317	-217540.4740402756	-85636.8669646569	13584.2004249009	25632.4165847244	31460.4778975601	-199461.9120858915	-353484.4991276141	-335530.0112041123	-309826.9680175157	-142602.6589141244	-11355.3215566241	11921.3957583861	32557.9452675317	-174713.6358873353	-324629.3979558391	-319189.6629632739	-331284.8960491813	-185320.4759669193	-62872.3053350441	-29792.8628105814	19739.2135646505	-105938.2369361969	-202984.3457535895	-206152.8773093742	-228930.0587836163	-140757.5106195238	-62520.0538460923	-36675.0460405874	8980.3793119644	-41418.3859972579	-82738.9352675716	-86421.1733859363	-102289.7835973475	-67180.6929231821	-34938.8851918250	-22269.3143486985	3424.5486987161	1727.5441379269	1368.3259765125	-1312.5766910095	-7135.6546451298	-8920.5987075099	-8537.2721853815	-7141.0823999904	-486.5119535847	17708.2997729598	32605.7501918649	31464.9981622937	31837.3825107125	16556.0829426084	4578.7091007930	2310.7684370203	-1712.6271314994	29642.4975247426	60084.4948336371	59873.6683654707	57168.8727455871	29741.2418797167	7399.5970636672	3617.2678924037	-9379.4184574060	
148	-143072.6383426068	-255155.9837834165	-235063.9629330951	-202284.8762691065	-77608.6757952402	16728.7014142044	27312.9936594637	31745.7855449763	-191044.3540377574	-337300.4501391021	-320087.9598372746	-296437.7622313891	-136272.6038119164	-9362.0805183151	12765.9108937308	32753.8128157777	-173206.9291838546	-322221.1842862625	-317338.4176289892	-332807.7519945958	-188259.7899029083	-65322.2212032729	-31574.5503045856	19444.9814690458	-107939.4245830935	-207256.2347707214	-210977.5347855110	-236587.0615506683	-146935.4189710444	-66193.5189086883	-39094.0415507483	8526.7548435901	-43823.5309851864	-87910.7184661998	-91509.3323430305	-108914.1673361953	-71767.5902964313	-37385.0733243796	-23747.3350321374	3148.3517193895	-53.1505670008	-2014.8340078585	-4587.6986101784	-10758.5259587251	-11093.1337428450	-9566.7436994356	-7664.3675112721	-625.9023897176	17125.8495359267	31660.3316645082	30497.0786156546	31204.6097347467	16405.2479324555	4646.2648845213	2377.6161192520	-1644.5425880180	28717.6013376583	58768.9944399143	58802.2237294944	57012.2126852696	30282.6842522864	8163.2948694119	4160.4646358963	-9343.2952201650	
149	-151415.6406819599	-268006.4752204448	-246594.1366667866	-215675.8148373545	-85725.3123670936	13929.1255026461	26166.4579815810	30454.7968560134	-199236.8146854614	-348815.7568501775	-329823.9451985802	-307719.5295961643	-142792.1891148631	-10765.6457274079	12804.8825127111	31622.0961333221	-172046.6700312980	-317170.6522737992	-311164.3280800317	-327673.7140203297	-185409.2898519442	-63299.0098850409	-29831.6132232908	18756.8805301068	-103633.6399964425	-197802.3187456031	-200828.5052193256	-227089.8449121818	-141586.4402590576	-63668.7785359107	-37405.5295511960	8301.9001053259	-40414.6704689898	-80677.8856195239	-84298.5981738856	-101837.7906623737	-67812.1420609891	-35665.3649760569	-22768.4686200915	3148.2256781226	1703.1299235338	1220.9516290531	-1567.2943897496	-7603.4754692696	-9354.1349000304	-8839.7822952641	-7349.5524950435	-438.3099098235	17544.3238460124	31931.6960779611	30686.9373970725	31467.8577291587	16511.8048194071	4549.1139607716	2291.7687248177	-1562.5292753901	29156.0789094477	58523.5185529387	58276.1671153508	56413.9599441993	29716.5506143675	7419.3179461659	3615.6708187436	-9184.2789376279	
150	-145158.9881383506	-255965.8669876407	-235675.0583699076	-206861.0675714297	-82554.4051078041	13857.5444487081	25621.9170623881	31027.4020789364	-192385.5611469525	-335742.2801717591	-318212.8502524223	-299845.0114979055	-141347.6697025294	-12781.6807777325	10736.9697972627	31337.1211577050	-174947.3559663997	-320468.0471508058	-314782.5281251998	-334138.7217718726	-190660.3135912318	-66649.5298509849	-31934.6520869308	17650.0759685182	-110120.1877348347	-207660.2275398120	-210388.5668029707	-238134.1268077274	-148289.7568941465	-66436.1267637583	-38753.0767269842	7246.1777018979	-44726.4140674965	-87566.5718464201	-90894.9950574795	-109014.1856193240	-71906.1379938523	-37240.9239405459	-23410.6626994596	2447.2269722116	-69.5478852888	-1742.3151541315	-4263.8167550045	-10278.3919960348	-10638.2741190202	-9223.6370295312	-7428.4983061924	-742.3537239783	17532.0016328505	31958.5732084612	30783.0613837858	31976.5795669848	17085.6527354742	5058.8438998945	2575.5874474370	-1491.0971426116	30575.1671143515	60811.0122493764	60600.8811027037	59463.9336617022	31846.9003801324	8620.5423901573	4298.4337746227	-9002.6839385073	
151	-148828.6368326698	-262777.2426231932	-240341.7285371099	-208151.5112880532	-80566.2378675412	17265.2207695782	28807.3280610450	31887.1250779451	-196106.5360336323	-342597.3123511048	-322370.8166051100	-299543.2762655091	-137699.1212456431	-7533.0101008890	15451.6313015637	33436.2269931968	-170593.6821317792	-314281.9113164332	-307505.2228571086	-324682.5066233372	-184580.9642501679	-62447.8281889550	-28844.8308201026	20661.4645679442	-102956.4176909456	-196662.6820608292	-199359.4006519410	-226649.4458291363	-142525.4148939147	-64011.2233677491	-37442.1524926452	9563.3712376487	-40388.2417268243	-80890.7191717031	-84386.5821041986	-102650.7980651621	-69012.2832146169	-36307.3069079368	-23074.0766760201	3693.2445978031	1293.1418661262	380.4312743828	-2454.2118768387	-8768.9147190378	-10246.3476982205	-9354.8883885744	-7686.0783948101	-414.6052429090	17312.6944211275	31454.4363747921	30132.5433564770	30968.5238701954	16313.9934536087	4463.0157269282	2150.3067580423	-1732.1111377590	28268.5576314275	57005.2680982588	56758.4108797407	54991.1087274559	29103.9217960556	7232.2066145434	3483.0287267763	-9668.5663293042	
152	-150447.8950338961	-270773.5295551931	-248506.2617637183	-215431.3050932144	-84490.3553618253	14861.6511176132	27610.7125283800	33742.7609323037	-202413.7417987737	-359844.4043473395	-339112.6502752063	-313824.0842776685	-144868.0403406002	-9586.6718030507	15147.5487406866	36726.4630660015	-177161.6153877670	-330268.2318557735	-321576.7021946550	-335135.7787777405	-189141.1228545104	-61511.6497915467	-26925.9534457742	24244.2744927571	-107566.2212362497	-206894.2307325643	-207970.9629780634	-232379.1623197269	-144740.2805325051	-62329.1201863888	-35341.0890163325	12170.6146442904	-42490.3856894746	-85142.4715260457	-87785.7909121978	-104388.6304871371	-69353.1769444311	-34832.8076134401	-21674.0041041107	5051.1816021521	1103.2005867869	314.1247611681	-2267.6508328137	-8240.9382674597	-9784.5106864767	-8684.9800790244	-7201.0623041379	-228.4589508986	17636.1692708333	32556.4437296144	31096.3064742421	31602.6053758154	16545.7927489048	4324.0567180705	2005.5556857972	-2027.7306336339	30492.4221378150	61872.5590424341	61115.1139837554	58716.4153935629	30842.5430247106	7342.7383821789	3200.0359367006	-10514.9963725537	
153	-142690.0580831095	-258534.1369186093	-235053.1676449779	-198327.0056999872	-72643.2684580056	20944.1022759977	31900.9093688044	35116.9162899319	-195826.9249618269	-350936.6231213226	-328132.9604878166	-298310.6027276797	-133364.4644770082	-2661.3302205248	20434.4968162414	39869.6674131411	-174545.3459954192	-328892.3027468662	-318590.7445168601	-330134.2299750975	-186164.4017561637	-59023.0376175173	-24560.6411935997	28477.0944734907	-106734.6514213993	-208035.9346140317	-208333.6377540212	-232811.1985562164	-146308.0199229742	-62904.2104018771	-35378.1978397208	15251.6780936221	-43198.3060765221	-87774.8631993077	-90057.3949369644	-107280.1845470789	-72018.0271348970	-36148.2573028588	-22275.5676463770	6519.1893027309	-10.4714500991	-1858.2880062436	-4502.2493694439	-10925.7695692233	-11726.9484942600	-9662.1984712762	-7773.4071883394	68.9771091152	17043.9659769522	31681.6274312884	30058.5209382595	30364.2233497618	15780.2541680657	3990.8116825755	1680.0185399479	-2287.1431332342	28198.2725501247	58462.9994673750	57716.9480885457	55259.9533338530	29184.5930115199	6951.4065328009	3012.7306186445	-11190.1499294497	
154	-150785.1127396313	-270928.4237866542	-249678.2999828121	-215668.6420410031	-84341.4550246626	14369.4429891356	26387.1723886384	31639.1213985354	-204188.7843238360	-362194.4078128997	-342655.2809542082	-315296.3530914236	-144231.8327047759	-9514.1175112721	14147.1964776797	34450.2095324891	-175425.9915229678	-326367.6310437452	-319662.7873567009	-331238.4173431904	-185432.9828400806	-61060.3795607892	-27969.8704282185	22035.9245491174	-104221.9845009114	-200503.1781066129	-203301.6120261336	-226710.8337530378	-140714.3236641405	-62130.4514052107	-36318.5460275966	10592.2463835460	-40700.2084802299	-81761.3670715816	-85290.0250173878	-101421.6130434174	-67286.3629464857	-34731.0485668090	-22108.3123610978	4382.0784627622	1637.6969403540	1148.9138836259	-1583.3171447301	-7564.1047632467	-9391.0237382882	-8752.6516442425	-7277.2388218694	-239.5804763447	17676.8563361394	32488.5871436509	31205.3066281338	31411.7339722835	16253.4356263191	4229.7467942568	2040.3882636624	-1822.4723064962	29395.6285095293	59670.0880440170	59294.7560197621	56489.5311940394	29374.1640125352	7031.6436778508	3277.7457090208	-9876.0469069775	
155	-141246.2625861393	-252331.1731730861	-231289.8336870843	-197273.4131071726	-74521.3658474434	17963.4529860978	28489.5427758858	33214.8780128789	-194890.6717630788	-344054.1972881092	-324679.8249242533	-297822.8972663245	-135362.2952881172	-6486.4575298990	15968.4650156290	36249.8027478655	-174746.7127851992	-323869.5267831447	-316684.4070784168	-329170.4579376119	-185075.3600065554	-61180.0114409456	-27689.9586690970	22762.5154101513	-108554.9131091711	-207636.6788420952	-209912.2369022208	-234383.6887361298	-145744.9988667978	-64222.8486665388	-37226.3738777900	10644.7379404899	-44266.7141102664	-87972.0782639022	-91125.7715438331	-107918.7723482668	-71268.3230745555	-36374.9236197717	-22840.1306270386	4182.3127228431	-324.6751806728	-2267.6223828425	-4848.4038776701	-10944.9722985019	-11254.0044238856	-9416.2310553370	-7589.5685647304	-442.4179337746	17137.3035582950	31428.4236757323	30079.1982234507	30557.5140371179	15927.0911298446	4283.3432293665	2036.8443106053	-1887.4127494244	29627.6877578185	59861.7304777437	59513.6165729327	57072.5926467767	30074.5183750640	7495.5135224802	3529.0003437580	-10173.0354970101	
156	-147676.2264565746	-264693.4646418921	-242317.4761627814	-206665.5391804170	-78389.3014737625	18076.6081188843	29329.3586874840	32703.3019953952	-199616.1101684414	-353546.6183596748	-332586.6349709804	-303539.2462506396	-136886.3933750640	-5031.6175892172	17773.8342736713	36223.1645221764	-170782.7652502638	-318571.9943549741	-310825.0009763127	-322281.9161999952	-180992.4357202529	-58728.2730038053	-25887.6582765733	24076.0053842095	-101981.4567014822	-197576.1488482109	-199882.4018860722	-224251.3365960364	-140554.3027828409	-62283.3721679937	-36116.4855082022	12173.8418563331	-39945.0191834948	-81087.7158810198	-84444.3724997602	-101398.6602042162	-68089.0458946901	-35376.6435239591	-22409.5522462187	5075.6747239943	1320.7853780938	433.4068745603	-2396.8051321869	-8694.3145405634	-10289.4147789956	-9258.2277196853	-7610.2160518995	-118.7177576986	17097.3945672247	31388.0080213530	29956.1904799022	30109.5851760361	15511.2556999872	3863.3659163949	1747.7505785927	-1978.7920633874	28264.4577487449	57857.3515225281	57367.6250549613	54472.0649123017	28327.7290767300	6517.1010898328	2861.1025977712	-10538.7380793921	
157	-147006.3683027149	-265216.6022370252	-244459.2799329272	-210911.6014665675	-82407.3057387599	14238.6954833797	26163.4611623417	32860.0649202961	-202766.5368760393	-361106.1637916907	-341791.4762587139	-314713.7202849194	-144649.0737211003	-10172.8247134018	13835.3385896329	36223.9855591663	-178288.7658098699	-332338.8263942185	-324857.4407247298	-335884.4398303594	-188079.5437352104	-61468.7811350809	-27632.4943469797	23509.1722327481	-108537.0847203569	-208641.8326258314	-210606.4783442456	-233500.0165193704	-144454.4261899623	-62777.5184380196	-36129.1936936397	11537.3217794673	-43466.2021746690	-86890.0853788933	-89908.6528693800	-105661.9126874680	-69508.7971438108	-35061.6636198117	-21936.3487714649	4798.1978547103	568.6803630244	-674.8080471348	-3194.4505178354	-9028.0191675061	-10068.0559965784	-8777.0345366862	-7187.8336800892	-281.9342562836	17631.8699795344	32559.1009099594	31215.6769624185	31460.2762125464	16342.1864187612	4303.7932985178	2024.5067692345	-1982.3994168106	30389.8716413645	61835.1229394506	61362.4198704112	58672.1757552683	30745.6821277820	7638.0296201474	3513.7889995443	-10310.2385670488	
158	-143151.0768139230	-257600.9870521153	-236935.6588821470	-201235.4444361170	-75403.5115248865	18010.2359698772	28261.6899292898	32216.6662399671	-200537.3837678274	-356823.6610786007	-337465.5012511192	-307097.9278008282	-137642.2191317313	-5460.0377644139	16775.5903713785	36448.4175130708	-175199.0482320446	-328393.2791574731	-321972.6986061812	-332072.7983079912	-185266.6371694327	-60527.8289704048	-27507.2149067057	23816.0791952465	-105012.8146574811	-204492.6179479646	-207746.7085301947	-231483.4911762119	-144141.1181977887	-64191.6220041091	-37741.3479920136	11487.9213923398	-42248.8848800444	-85937.9961756923	-89587.8403533912	-106183.8042178306	-70492.6226356645	-36470.6686102984	-23169.1864677267	4742.6618770386	344.9280906242	-1328.7435765221	-4072.9341183807	-10193.5375535623	-10993.3249642252	-9431.4765525070	-7643.8423999504	-148.5903443975	16937.6399035079	31317.1936736537	30052.1685493413	30273.5011941593	15605.3297098842	4089.2908912126	1978.6227655730	-1827.4833797007	27814.2907762935	57520.7381933119	57552.0758935709	54889.5195182591	28793.7993922279	7224.7719995123	3562.0331316753	-10247.0847553322	
159	-148370.9577957118	-265276.6233751439	-246865.6145413629	-215024.3276573292	-85622.4187372090	11276.2665333605	22720.9205289476	28898.2028461963	-209604.6062701858	-369929.2542899799	-353193.2663205104	-326297.8171407330	-149756.3846552027	-12918.9376329064	10566.0365023024	31343.3023901174	-180018.2229250607	-333151.3327027772	-328952.9956040947	-340033.4557511512	-188153.4238166331	-63837.0040811269	-30914.8235722052	17229.2839930689	-105370.3856465049	-202082.3545444007	-206755.7370461195	-230107.5110042530	-141124.4840132547	-64451.8683207022	-38750.3671924965	6390.9018101257	-41601.5123253230	-83185.2426761560	-87459.9154075531	-103156.4725623161	-67227.3237890525	-35509.2903615854	-22979.5617944967	2352.9270923270	1373.9976946230	636.6290381571	-2067.9306758042	-7772.6909565666	-9156.8179331750	-8652.6758671895	-7192.5938189515	-613.1417322205	17599.2641160623	32169.7281803610	31140.2280084820	31357.6491460012	16096.3528505932	4376.0877622154	2290.4349527932	-1375.7063197509	29271.0435913117	59210.6240506683	59432.7071201874	56803.9834976177	29468.3342546847	7674.4081236809	3995.2901657233	-8583.9056634130	
160	-139782.9191169417	-247440.8721260233	-227744.0234504908	-198146.1610865950	-77592.4784721556	14968.1694676947	25759.7839520977	30802.2555001279	-202114.2915297631	-353573.7728499137	-334731.1621598395	-311346.2967081175	-143515.0481001375	-9348.4723804442	14104.2560007755	34359.5010562564	-180890.0588026030	-331736.5030238712	-325221.1803030666	-340676.8287315730	-191276.5174776957	-64065.7286830072	-29620.6711215304	19420.6337958078	-109985.0276595277	-208602.8788452929	-211806.6470234955	-238980.9558970485	-148690.9943070079	-67201.9672710412	-39587.4836245283	7334.5420384050	-45389.0039791986	-89322.5901865087	-92836.0210281961	-110420.6779946917	-72485.9258731853	-37537.1233941305	-23706.7097123625	2680.5697558919	-774.4994024207	-3143.7492865023	-5735.7791394858	-11728.2286910015	-11505.8377352344	-9620.0258887743	-7684.5106055337	-669.0188447333	17102.2735244388	31075.4609145162	29842.8293121642	30615.9377258410	16006.3338209900	4434.1496176692	2165.2715228479	-1525.8798286007	28787.9481664908	57868.1541584724	57955.0772296303	56538.6766276541	30177.6790949172	8277.6580907041	4264.1414833957	-8885.7626081239	
161	-146672.0426100026	-261087.4376428994	-237856.9499632259	-206061.8955695191	-80361.4593516165	16404.5367920984	28646.5383330136	32587.1498445095	-212711.1999842111	-373428.6654225425	-348928.1864137647	-321152.7050916155	-145991.2567472500	-4640.0430956607	20442.8434142364	38958.8333343326	-180409.1583555177	-331859.8707439962	-320372.9697582902	-332844.4542961755	-186102.6912553562	-56817.0141980046	-22380.2677525022	25642.5152162877	-103990.1113745923	-198864.9979344541	-199595.0017417738	-226687.3108221812	-143277.6176661630	-62997.4919007019	-35748.8217894602	11943.6247631667	-40839.7500519634	-81641.6803820111	-84263.7497201970	-101859.0186558663	-68641.0142619596	-35092.1925784248	-21862.0435463434	5084.9518179202	1287.9207617837	342.7574147800	-2416.7201650038	-8674.3911985962	-10277.9379936525	-9174.5940637791	-7523.6180279084	-110.9811892428	17415.3300586387	31585.4821575611	29909.7910141261	30239.0162275758	15637.2957717767	3677.1045783768	1485.7077097723	-1958.4572870699	28535.0224122218	57521.8716453617	56567.9683133074	54298.8179411694	28477.0421453297	6480.2617637183	2591.1633679889	-10287.2725621163	
162	-142714.5360046527	-257234.7639411854	-232774.8044756491	-198516.3094271633	-75047.5156000176	19102.9026625256	31262.5825318975	36526.1566846940	-205859.2997899479	-365740.0224761768	-339741.7405276685	-309946.9106828793	-139982.6544712522	-2529.5300568400	22785.5891502382	43842.9366885712	-182104.0008074316	-338106.8479970101	-323558.4304679506	-333503.8794388750	-186490.4612153044	-55228.0308392891	-19689.4809234299	31086.6259193528	-110289.5312749824	-211424.2404896953	-209143.8729764246	-233618.4194187292	-146517.4404579176	-61375.6029255404	-33033.9884631220	16160.2192816257	-44716.1897424213	-88958.3511308039	-89994.4996812244	-106497.8797726401	-70941.9929429682	-34518.9599901669	-20587.7254472851	6994.0635632515	-333.7974485962	-2263.7392155922	-4601.5554259801	-10761.3584196725	-11365.4097305497	-9227.4482814099	-7386.9671491270	-2.7156531802	17381.1336788901	31995.2547376647	29991.0999866094	30153.9029363328	15534.4181366318	3544.5822900678	1201.8014577737	-2525.6319680945	29966.9536276461	60536.8904631140	58868.6685103687	56429.2153863680	29773.3884855062	6782.3154129493	2425.1690709740	-11347.3418453409	
163	-143409.5411570255	-259367.7270311701	-235277.6225737081	-198416.5708451250	-73065.0796958941	20685.0664082486	31900.4188021633	35025.9070814147	-203683.0854488440	-363509.3411108580	-338606.5640838849	-305661.9280566481	-135144.7107056632	-282.9210235994	23262.4030872266	41742.9071143915	-175537.5008763830	-328957.8362173030	-316997.3509679186	-325558.2108425669	-181311.5473626567	-54721.7068623689	-20971.6714243173	29548.9210445846	-103851.3735600137	-202246.7465264454	-202373.4977026173	-226855.6378519522	-143086.8026269506	-62064.1729522416	-34881.5489645290	15413.2840350393	-41412.8179561589	-84328.9488799885	-86594.7145469589	-103453.0524920456	-69708.2415689355	-35247.3627016580	-21771.5324931248	6745.3383298158	509.5316187404	-1111.3955755148	-3818.6284905427	-10208.5227959517	-11335.7581622538	-9582.0362684670	-7735.6412735434	178.2002540212	16886.7270971236	31141.6371654355	29384.5413878629	29337.3195330487	14984.3125559606	3398.2144220469	1264.4098904371	-2278.3287415659	27610.8714834756	56946.9590178514	55956.9209566465	53016.8652488648	27652.0282311253	6134.9538145146	2361.9986939195	-11315.7610732045	
164	-145391.5484139166	-265531.9308646712	-242259.8884085604	-205962.5910319135	-78161.4063289444	17217.9388260664	29389.6593208381	35346.8617433327	-209384.7791674661	-376702.8025889774	-352335.5251882675	-318456.5606503022	-142243.6229764246	-3414.2901657233	21388.8249662238	42817.9393926676	-180713.6037269762	-339626.0319644970	-327139.6906397896	-332777.6929201842	-183434.6559372202	-54003.0845035095	-20004.3678890061	30300.1134970980	-106817.5805363024	-207632.3655806312	-207104.6413604822	-229012.5283430465	-142423.6175622362	-60172.1931380308	-33201.7872167994	15619.8700574795	-42498.3423399926	-85994.5065583829	-87897.3940006236	-103122.1990398759	-68323.4709714361	-33582.2716617501	-20467.8171817041	6923.1182777325	596.2617847036	-664.2944437116	-3191.6718550141	-9231.9321697525	-10480.0633084309	-8894.7172930257	-7253.6384085604	106.0436422758	17382.5588905411	32329.8594159712	30522.2469941161	30209.7444129333	15304.1652856389	3408.8391622298	1226.6746930161	-2463.6083347323	29569.9361779307	60735.9724244132	59402.6350469270	55861.3723738488	28724.6133661902	6100.7441451218	2102.8927714889	-11415.2286870043	
165	-138969.3976790340	-256413.3550140701	-233339.7584160751	-194726.4796173494	-69980.4066916890	21027.3247463785	31855.4350617166	35698.6808356917	-199437.5821791459	-363352.5574425604	-339688.4541722627	-304265.2094565426	-133301.2113841855	-506.4109736745	22938.9437775806	43263.9807585460	-176644.5111131763	-337931.3198947941	-326174.6784443752	-332219.7471839825	-184294.5728567089	-55770.8273475473	-21321.7087710252	32076.0201368237	-107655.4005660015	-213584.1203582678	-213371.8269028604	-236038.0466421639	-147784.9790447525	-63121.7858387695	-35065.6574411614	17752.7306396297	-43977.5209682384	-90914.9233359715	-92878.0833613136	-108972.1873870795	-72659.4138276653	-35911.3405822301	-21879.0855867469	7972.9022708014	-580.3523369548	-3084.8584186733	-5637.6355525710	-11979.1429233819	-12355.3437080295	-9772.3651949028	-7755.7901937036	428.8570096652	16865.6304511624	31823.6917270242	30064.0701945830	29899.2308135073	15255.4015263255	3577.0975333365	1372.2934374201	-2468.2773767268	28074.3956094909	59109.2257061029	58218.7097223555	55063.9392497682	28782.0631245603	6671.2069353175	2662.3292641980	-11907.2007746546	
166	-145828.7949893275	-273411.2813489304	-249012.0017377766	-208415.6358793409	-76146.8133633922	19203.3192612401	31637.8356077322	35622.7427301180	-208292.7575566801	-385163.3597507355	-359503.5464223187	-320401.9714221188	-139681.2859237097	-1239.3762900918	23929.0842546847	44006.8138840256	-176805.9602749664	-342551.4714141245	-329393.3443275934	-331691.1310807192	-181871.7784849466	-52922.4411194519	-18690.1673891580	34055.2687078297	-103364.8312248177	-208027.8672584500	-207322.9267675556	-227854.4116022320	-142332.5623461083	-60065.3515804873	-32889.8095250943	19687.1524406818	-40525.0413049213	-85415.6283416475	-87344.3221921767	-102371.1505849882	-68633.3491252158	-33884.6624066657	-20650.5166462810	9125.4910073308	1192.1372084053	108.0342828649	-2577.6741563939	-8928.0522522144	-10774.8989971060	-9177.7842988536	-7516.4644120539	758.7622973427	17265.2925160687	32922.6776519330	31035.4778475953	30266.8569297215	15124.1436968374	3209.0403356037	1019.7820094653	-2701.6230473746	28458.4621056776	60600.5503825307	59296.8856584964	55080.4442192696	28011.7112342911	5747.9513752318	1829.7198602184	-12413.0635422662	
167	-139723.3176583685	-260139.2697590896	-238118.8104144682	-199458.0721691929	-72922.7505945814	18668.4961946789	29965.9092199092	34787.5614897112	-197631.4774508746	-363278.4220398839	-341579.7366773791	-307264.3551120011	-136420.4827151685	-4635.2558838578	19271.9643500975	41075.6124388431	-176609.8667218278	-339858.3279291379	-329740.3062394075	-335710.4557651413	-186655.6544242853	-58582.2601318672	-23920.7793353479	30413.3641036710	-108837.3482198532	-216246.1089463018	-216721.0694331191	-238061.0824749376	-148094.6924045472	-63411.2993972244	-35475.9436936397	16991.0352711691	-44306.4418789172	-91450.8233393691	-93738.6855433775	-109069.7067824252	-72220.2707603847	-35717.4135628518	-21836.8879688699	7649.8299746978	-511.5752190458	-2827.9748916763	-5265.6304941321	-11398.6020081862	-11807.9923443895	-9422.2355121994	-7519.2602667722	380.6585813587	16942.9553444375	32283.4142683551	30710.8208141468	30491.1132432767	15631.2946515653	3911.1556863968	1615.2323434302	-2398.0113000448	29388.5070430417	61779.3277402708	60962.5679031961	57726.2422004909	30239.2597181584	7418.1857522304	3153.2345298910	-11531.1751097228	
168	-143983.0677103319	-262138.6363070399	-241761.3798945542	-205315.0165703345	-77374.9981153268	16748.4100313379	27412.7400679921	31142.5953448772	-201643.0639879525	-362509.8311468726	-343447.8521980526	-311335.1426295888	-138874.5563633202	-6004.0275436093	16464.4735366302	35444.5815605813	-171697.7054503629	-325180.4400611969	-319396.9071173894	-328208.2602767652	-182175.2340082582	-59918.8063583237	-27389.9143153220	22957.1965596220	-101066.6798034184	-199503.0470788565	-203781.8665589425	-227935.7199591488	-142443.0241959660	-65040.6243724418	-38751.2536224498	10979.3443845533	-39946.7607444359	-82651.0210841568	-86870.9857800109	-103651.0544156914	-69200.9719757291	-36643.4059961787	-23589.4324855302	4615.0967309014	1073.2622044081	-126.5471348171	-3100.7583181440	-9512.6995235354	-10842.9849066257	-9628.7116709836	-7886.2209384593	-115.4652304777	16804.9759659200	31307.8898175684	30054.5816884913	30004.1535299149	15267.7260378693	3863.2252164476	1845.9312194215	-1768.5672356661	27590.3725507243	57589.7796431312	57660.4577727280	54525.7973066961	28215.5445346476	6882.8375193864	3324.2599200163	-10224.0805233116	
169	-145731.9810773216	-262421.6161462330	-241084.9120629077	-207912.7749274511	-81211.4875877382	14775.4877895961	26829.1343773983	33268.4681704080	-207294.5433354918	-368297.9877466264	-347144.2664244372	-318501.6635728447	-145437.1979356533	-7944.9204430081	16584.1274043074	38365.1808207022	-179642.3079781834	-334232.5437691865	-324973.1968494180	-334747.4480155970	-186237.4417480094	-58765.2829268195	-24798.2757468742	24906.7790115759	-107345.7277436685	-206625.5591503581	-207959.4240934382	-231417.8689122857	-143599.3284927411	-62549.8671085556	-35635.9696183887	11841.6861459532	-42786.3371466488	-85764.1217932576	-88487.8503683407	-104318.8896117134	-68770.0850501247	-34729.8838127958	-21580.2401749169	4957.9677377126	541.6953354838	-861.3180051244	-3361.6822726800	-9210.0362254972	-10160.9613931792	-8854.9162019938	-7212.2413760712	-238.8815963562	17362.1262131459	31958.2991673862	30459.5042450115	30614.2151575291	15768.6962428450	3945.1379718678	1735.3798305993	-1994.1823796048	30199.2900158289	61296.8439198804	60471.1747909472	57595.8316015525	29983.9519478287	7120.2975145498	3002.7378385617	-10428.6919978335	
170	-140246.0844185693	-250194.7303528316	-228991.2652802427	-196189.5808730654	-74683.3008352120	17548.0141690250	28159.6634169545	32188.3739937084	-202944.9237826570	-357730.7299621067	-336413.2260448644	-308100.4680355030	-139139.9761318032	-4643.3223050972	18415.0265233276	37672.8941415244	-177072.5686086995	-328068.1210637711	-319358.5548523839	-331216.6301413805	-185144.4089570942	-58895.9553014678	-25233.3920270130	24127.2691015525	-106344.4733277772	-204878.2792374169	-207133.1066139438	-233632.4568643675	-146761.1449289700	-65530.8584426564	-38030.3024460780	11098.1960220005	-43254.3677091328	-86841.6854734267	-89994.9308746642	-107550.9944199284	-71677.7173999504	-36886.3691990838	-23130.8943074076	4586.9691996834	-241.6247351864	-2464.9556252398	-5154.3805840688	-11436.9850775054	-11734.9803758154	-9774.4107618237	-7806.7368382659	-205.8890031418	16895.5547984219	30854.8350371339	29386.1391000735	29671.4326514134	15272.0613697957	3783.5946913373	1631.3382208925	-1898.9214772800	28143.2203938427	57597.8602134098	57277.1062561956	54974.2978433183	28940.6588161934	7166.0614197605	3286.7872767572	-10328.5888174725	
171	-145065.3985014550	-258505.3567958158	-233806.9598642556	-200235.4233849370	-76909.9734237097	18165.2753511528	30385.3700045168	35096.1517491686	-219932.5150803834	-385886.1742893003	-357614.2853111409	-324427.1373273216	-145099.4178348443	-90.9810863152	25561.2980611649	44844.8917252254	-188526.1133352120	-344848.2493824348	-328573.3642545648	-334813.5629356932	-183494.7308584756	-50160.6292390157	-15602.7333197429	31281.7704645929	-107351.4408196630	-203778.3052570990	-201904.2860666091	-226973.5091625496	-142615.1220081063	-60565.0801175972	-32997.8644184494	14792.8382688587	-42819.8426917450	-84550.1889040116	-85865.7893912686	-102197.5396500863	-68181.7417737912	-33563.5572936653	-20288.5314568544	6529.2751143195	679.3095920472	-566.2864873129	-3166.7427910751	-9413.0222743189	-10678.4385002958	-9157.8234253086	-7452.3328126999	-16.8439798382	17707.7609602840	32015.1277780443	29885.3422330679	29686.1117383362	14982.6212976065	2986.7473808439	851.8766848139	-2442.1490180913	29743.9970810549	59295.1120141420	57480.2027112912	54324.8351490551	28026.4896822637	5565.6422508554	1622.6365548654	-11258.6822087251	
172	-131965.8335361905	-235377.2245519155	-213625.3955895050	-181466.8989541363	-68436.4123067361	18218.9639683663	28594.8355197941	33564.6562460028	-216431.5427109315	-380329.9369433919	-354013.1728163373	-318711.1795625879	-140774.5165703345	1542.2522534136	25643.3041978447	45840.0227849594	-201120.6156705679	-366960.4757470741	-350135.6068397848	-352249.8182269682	-189421.6183576762	-49326.7773157697	-14159.5110752031	32436.6212586339	-114951.7275218246	-218188.7194595005	-217535.3532872857	-245933.8684256283	-155289.0219925173	-68665.8604652325	-38674.2561156946	12120.2102989495	-47094.6913123161	-92444.1090502286	-94040.6760690474	-111250.6530712378	-73712.6516772192	-36815.6886002254	-22370.3815583829	5287.6480317856	-1493.1483575563	-4524.3552818816	-7026.9160311141	-13812.4950424901	-13410.3314126855	-10638.1259393387	-8306.3571935358	-423.5071089953	17377.5483519602	31394.9894494276	29356.2068203984	28903.6931919928	14347.3370297311	2720.4552345149	669.7824591488	-2361.1702711291	29872.2258999664	59732.9951294289	58458.6645751391	55957.6147771969	29486.9583533193	7045.8531014166	2769.2425112721	-10640.0210212011	
173	-140771.9191379269	-252812.1946329784	-230371.4748037382	-196105.2254193048	-74436.1339536966	17595.7994801660	28702.1027926340	32569.5432645418	-220222.3862220997	-389605.2865362784	-363611.0728387216	-327107.1764637695	-143907.9360170440	434.1471074364	24724.3099497953	42881.8072027293	-193053.7787297742	-355717.4139905507	-341281.6993086867	-343971.9386002254	-185367.4602220037	-50009.1370145418	-16092.8441617102	29912.5777232828	-105959.0956486633	-204223.5553380420	-205347.9220019107	-232978.1187733835	-147722.9142393755	-66329.8847911071	-38171.0147316289	12273.4496014806	-41997.5656577769	-84349.0896139118	-87005.6695046687	-104176.2456110898	-69922.5522682032	-35880.7110494212	-22387.8568877510	5492.1601352648	698.2759097595	-816.5335583749	-3698.8785554969	-10532.8065661774	-11759.2498401126	-10182.6843222371	-8223.0712858148	-156.2029830999	17338.6276691209	31467.8686584644	29587.4524274910	28905.8059725953	14209.6378959213	2609.1769054586	672.5065893611	-2232.0541049101	28084.0738330216	57056.7731676899	56033.8183578761	53056.4351426596	27463.3349092239	6140.1847799149	2373.6927093326	-10392.3124090640	
174	-138852.1655974194	-252449.6098086947	-229103.6547490567	-195278.8385076906	-74183.1970023104	17610.4879644730	29496.7683300956	35388.0566061493	-217787.0637151445	-389584.9455353431	-362155.9178908049	-327098.5609261080	-145397.5271418921	-522.9561428754	25295.6502072541	46832.6352527820	-195710.2838211899	-363391.7066655075	-346242.1787801388	-349580.8042328201	-189822.4570552331	-50593.9734976577	-14763.3354858180	34002.8438419353	-112711.7132248897	-216856.4231790819	-214844.3927145290	-240975.4968672055	-151778.7849483963	-64788.1835237992	-35327.6377909951	15543.0199759369	-45798.3509019650	-91221.7127802027	-92331.8131165659	-108660.1681885952	-72135.7940969557	-35036.4656072125	-20925.5381561381	7025.1890658976	-662.8949179777	-2974.1285055321	-5362.8423299997	-11820.1982404387	-12227.5800686317	-9765.5971725905	-7737.0001419001	12.5822900678	17447.6747209964	32118.8845572717	30004.0931244404	29577.0291704640	14792.1966565538	2889.4041384865	719.7416658672	-2557.4370623081	29803.0361025838	60390.4591037909	58719.4965824060	55940.0359576858	29254.4000793441	6547.3754996482	2252.6421219461	-11176.2599999600	
175	-140698.7949953233	-257943.7837262567	-231505.4058952497	-191632.7317558439	-67377.4835985466	24216.0719113744	35417.5555778732	37773.5361945191	-209363.6332292066	-378462.9471831830	-348399.9659000064	-308278.4988598027	-131577.2815597819	6726.4169374760	31021.6878857284	48828.4479916139	-182445.7089608915	-344936.8692650374	-327119.3864509385	-329083.2055133187	-179089.2592554841	-47353.0246506459	-12730.2108325739	37653.2311452737	-106125.4896922567	-208833.2382492725	-205947.9021928562	-229719.3105183950	-145166.6623886784	-61046.5135534584	-32582.4777296783	20393.1663658784	-42608.0717524862	-87470.4516840144	-88342.8994657761	-104762.2496202673	-70660.3044396745	-34604.4369773679	-20602.8424299293	9302.6966555545	64.6356495028	-1947.7976094829	-4578.6254197045	-11305.8256427475	-12351.5876003294	-9992.4964225185	-7962.7897290308	612.0124362449	16961.2541091072	31534.9182125783	29265.2325612769	28599.4234378997	14149.7877814019	2573.6589540963	461.1819239256	-2853.9864735226	26964.0007104998	56247.7513770306	54546.5472097643	51102.0513938188	26347.6235640109	5215.4946627574	1456.2667312212	-12332.2469901190	
176	-146383.6837566353	-267495.5868558535	-246299.8248303194	-209333.0401867086	-79994.2653911646	15435.9928540308	27048.8668407441	33201.4541702641	-214667.1496736298	-386871.3642655570	-364939.0878311669	-328748.4598862401	-146305.6610995859	-5490.0186059014	18681.3233303754	40148.1088183919	-184493.4579845789	-347406.7911820079	-337408.8496598395	-340461.5297520545	-185482.6007490726	-55683.5762453233	-22422.2079715880	27199.1356005372	-106765.4906226017	-208600.7165545456	-210197.8125549613	-231413.8330365423	-142910.5589325115	-62263.5043109651	-35722.2488997746	12985.2720734603	-42303.6966945271	-86135.1625915356	-89026.3028048254	-103751.8362712650	-68175.8660363104	-34360.3680349034	-21504.6984622826	5678.6964506987	833.0478912845	-484.6681596156	-3083.5165453521	-9096.0294532649	-10325.6776439387	-9015.2454651925	-7373.7735074508	-47.7584050828	17435.9152096924	32448.7386889630	30907.0215788085	30337.8226128805	15212.9057733356	3462.0748433103	1399.1399844509	-2124.6230054042	28789.9585801596	59470.8011809686	58769.8802413101	55176.5114009737	28348.7534845469	6586.0486187724	2805.4161780107	-10309.6580127590	
177	-136818.1015115359	-249909.4490898408	-230343.8748191273	-195162.9632138974	-73155.6693567728	16667.7526591280	26811.7187160239	32110.1770093854	-207360.4683852568	-373757.3111479519	-353678.6745701027	-319438.4256033752	-141973.8131345533	-4933.1602122106	18072.9079747858	39520.2177267204	-184821.5527928339	-349114.6999832118	-340726.9472841120	-346624.2160558967	-190411.8105783528	-59138.0764991446	-25213.6659012055	26233.8480609651	-109547.3646203073	-215046.5545246147	-218049.3551389822	-242712.0574465576	-151508.2878953217	-67844.5709220709	-39825.2919794465	11657.3254698692	-45044.9389749616	-91965.0715306424	-95298.2549295296	-111709.1779567185	-73668.8502084533	-37553.7623023391	-23666.4873978719	5051.1458773024	-920.7931706079	-3743.6123728895	-6385.3829643931	-12702.1474961627	-12558.2239513383	-10069.5546045584	-8001.2807473539	-157.7133587954	16843.0762643099	31471.0667540052	30033.7543219573	29830.6369715720	15094.2055562884	3657.7380334245	1619.3539438235	-1958.6159673590	27907.6182147768	58265.6612264965	58224.3305522912	55775.6333960891	29533.6100725090	7863.3069798862	3939.8207162158	-10046.6671123529	
178	-146620.7237984459	-267302.1923355957	-244108.4207537893	-206317.8021982524	-77291.3424998801	18120.2692274639	29726.5531006172	33823.1714902708	-211652.6999152597	-380270.3766108659	-356202.3823877990	-320347.0985336324	-141682.1379698692	-2659.8365011032	21452.3902442680	40804.4927930737	-180867.7099931648	-340479.1939304729	-329063.3806879956	-333934.7645467591	-183536.2967720725	-54684.4300072749	-21248.2708882946	28981.9850525230	-103996.0742197493	-203448.7395073868	-204401.7308884545	-226932.6225537222	-141825.6692888207	-61605.8358775422	-35039.7798939547	14799.2598570606	-40716.4513672375	-83361.5519933966	-85991.3987572749	-101766.1949117821	-68058.5690363984	-34455.1619859619	-21589.5709630420	6572.0152772448	1297.2052315170	381.8485546175	-2348.1575071150	-8672.4554103911	-10433.8592950563	-9219.3403134194	-7564.9718028508	164.8869136128	17265.0968288325	32147.4135588546	30407.9753243716	29958.6401793138	15076.6027766452	3285.7749104630	1269.2246878198	-2238.4940681760	27718.4956890349	57357.4431770034	56400.6961589041	53026.6425356549	27361.5986095789	6053.2054093918	2397.6444832838	-10666.4861687372	
179	-141504.0165773296	-256084.0723770466	-237045.8137641101	-202474.2072640861	-77553.6996234651	14785.1811564658	25385.9503999185	31623.6032253294	-202375.6570804154	-361510.2047978223	-343811.2531587762	-313953.5443437819	-142336.4778016277	-9558.2587328521	13411.3921409328	35464.9963565650	-180176.7048138111	-336963.3421631171	-331151.8149812532	-340005.9243182800	-188624.4172962235	-62691.1055127190	-29149.3803272496	21675.6853844893	-109812.4154755052	-212232.5090576234	-215793.1247102040	-238800.6965576234	-147374.2365015029	-66129.8548921559	-39050.0998986713	9408.6028785735	-44854.5316717031	-89920.3631753246	-93621.3348652549	-109437.0044838434	-71576.3875961323	-36893.6924255324	-23399.8924377238	3703.1268237161	-530.5212810182	-2793.6087664284	-5342.6264419848	-11325.3141768195	-11417.6251758762	-9517.0598288805	-7632.5986665388	-499.1266658273	17073.9136537877	31621.7160818784	30444.7204098315	30517.0328518723	15670.7064846348	4223.1594447509	2069.4769072573	-1699.4732908033	29370.8237400870	60007.4065867629	60034.1400903764	57496.5455739160	30318.3018814754	8269.1644002622	4234.0095652661	-9336.4980643627	
180	-147169.8820220565	-262317.8637279355	-244557.6195808151	-210831.8596697925	-81659.7103489144	13644.9306368317	23711.2915047806	27975.2929097915	-191450.2805644826	-337771.0238731932	-324266.7252474258	-299197.7756339537	-136360.2242451314	-12474.2919914380	8266.6940054202	27178.5967358979	-166628.0672186780	-309921.3858173846	-309912.7459798302	-323052.0565232076	-180026.0713777500	-66350.5781679698	-35067.2377975905	13257.6032563076	-102899.8468837938	-198252.4402940330	-205503.6060953089	-229753.7185271569	-140884.8272106437	-67384.8687623913	-41879.2773367549	4249.7187549965	-40519.4508336131	-81593.9091559542	-87128.9746748289	-103920.3160744836	-67992.3566289332	-37787.8449581495	-25016.8474793745	1025.5405644426	918.8497957438	-101.3055189147	-3085.3708329336	-9240.5266452417	-10205.3561932400	-9582.3895807352	-7844.3630494132	-892.3001047263	16868.8668917082	30951.9409365806	30221.5516646281	30612.9932357620	15735.6328984395	4660.0962972068	2664.8192252654	-1070.1282607045	27093.5089097276	55327.6932059830	56327.1227305977	53894.4407657009	28054.8405602456	7851.1930460955	4560.6964676867	-8132.5304015973	
181	-146824.0521322988	-261979.2476626455	-245850.9934975777	-217170.3487744628	-88303.7971707918	8030.4046251439	19359.0709700371	26414.1576819919	-204979.7864413453	-360702.1020791363	-347534.7024424805	-325529.6411566258	-151647.8094791267	-17877.4023467479	5327.7539562148	26771.0714347100	-178372.9027254813	-328241.3850998897	-327390.3828025070	-342243.2750863392	-190192.9560939099	-68823.9237386880	-35856.6216343694	11581.3354798222	-107615.6637677075	-204334.5810579352	-211126.8873253230	-236606.2211772912	-144580.2696451698	-68400.1164060501	-42196.2176617661	2292.2137814978	-43186.3071927363	-84965.3463861442	-90165.4222737193	-106731.6674261320	-68983.4972279515	-37364.7075568800	-24492.6641284536	315.4494206079	426.6603401206	-745.1697375048	-3451.1238498097	-9164.0598508650	-9753.0996268627	-8962.5651381427	-7343.8164312324	-957.5903114208	17378.8357975985	31743.1415963162	31036.2608073916	31649.6162831367	16375.9099973619	4893.5152982300	2781.9824383634	-922.6928622250	30581.2198062564	61211.2549135409	61963.4816599114	59867.5293003725	31139.7572319087	8822.5446455695	4888.5234424965	-7847.8893389054	
182	-140440.5533324539	-249666.5576993796	-227663.8357466344	-195340.5889813571	-74126.1288782697	18678.7454252206	29496.3500335764	33473.7136485914	-204020.4201412206	-358195.6823596188	-335651.7992922982	-308688.7675286598	-139908.0890093374	-3909.0173168090	19755.9674848906	39113.0814546559	-180742.1798234043	-332936.6171355366	-322684.4013764310	-336629.2514120059	-189246.3598226848	-59679.4976456575	-24851.5198650150	24952.4126974610	-109440.6549259321	-208983.6840704144	-209964.4645309702	-237876.7411252478	-149937.1463849450	-66079.5349943640	-37767.3439778396	11320.1915521473	-45004.9188521281	-89304.3764489799	-91801.6265678962	-110116.8243936269	-73541.6827623353	-37343.6948508250	-23124.6417222276	4570.3625247826	-789.1264349898	-3271.4688299437	-5855.4752144490	-12287.2569271233	-12306.7488138351	-9998.1342065186	-7914.8198288405	-320.9284983372	17007.5050694311	30950.4901009689	29346.4990466711	29871.7563245475	15526.2382432767	3872.2014731629	1641.3461762919	-1941.1846570015	28896.6559282265	58485.6900781850	57841.7998828824	55896.4192528460	29622.0402716488	7234.5393542946	3173.3270407633	-10493.9601560501	
183	-145199.1365308823	-260569.8906130084	-236875.7715398360	-203517.8083888942	-78411.2082563875	17279.9363867837	29503.8894148519	34264.2911900022	-220582.0000649543	-389817.4426503741	-363056.6541234971	-330217.4580515318	-147793.9472161598	-1603.6603411199	24055.2357570271	43463.6261941593	-188612.5542608004	-347717.1935547375	-333290.5223842415	-340838.6026937036	-187264.9047950243	-52908.8693299917	-18105.7123115327	29455.4713681568	-106413.2520305705	-203849.7380524111	-203367.4671441305	-229694.5701416203	-144806.9554153876	-62713.5604244612	-34999.7056212426	13291.5468640077	-42145.8905270689	-84131.9448018595	-86146.1718400246	-103049.0706722467	-69025.4799950835	-34560.1790829256	-21225.5939508586	5829.6370265333	983.4279677107	-121.0118476592	-2838.3043547343	-9311.7922072861	-10822.9609954592	-9445.0360056520	-7710.4157183343	-208.9222357460	17751.7355711579	32356.8423659744	30432.6946659552	30215.3269138526	15256.9912301740	3143.1884303450	977.7320626279	-2340.1427085332	29229.1928832102	59071.7187539972	57762.0883767827	55024.8390623001	28651.8423409919	6283.6848228847	2273.0259777117	-10761.6080879061	
184	-137353.2817826250	-247287.2401819119	-226043.6163920600	-194748.3560573356	-75005.3041338897	16229.7823042578	27491.1621618381	32962.1240037014	-212367.6715722131	-376962.1013586435	-353672.7939140845	-324414.3518562932	-147123.4198854007	-5143.4397124424	19943.6113576042	41317.2137395274	-190005.5697548926	-351721.3158436461	-339665.8925406514	-349992.2571619580	-194127.4554523616	-58194.6128645434	-22419.9220788565	27347.2212832166	-112264.0535323132	-215239.0725579192	-215766.6799513143	-243676.7407145370	-153522.9579615950	-67276.3654547199	-38120.4041344893	11799.0184679985	-46181.3999994004	-91725.7705935022	-93948.7130330247	-111485.2048817632	-74011.4477467863	-36886.1954723874	-22597.3585625719	5108.8040839249	-1003.4521117134	-3578.8929073932	-6058.3406681696	-12351.9998391133	-12311.0993610498	-9796.7961864847	-7745.7639172023	-221.5776663229	17279.7150745875	31687.1381337538	29959.1942132739	30192.9243162813	15485.8138000847	3642.4176339857	1413.6259952993	-2098.5993170808	29414.3500905363	59735.7080005676	58984.6445882099	57111.6166049101	30406.5686626615	7694.6247461787	3407.9866743812	-10301.1588081990	
185	-145340.7309604039	-264572.9187232188	-238819.6664518179	-201205.3501984603	-73685.2402268803	21608.2199841312	33465.6755334245	36105.6023909168	-213041.7657948804	-382222.1352068144	-353717.3612256971	-318052.3297168793	-139331.9963835460	2241.1459522496	27248.7636583845	45187.9455043649	-182928.3040589425	-343235.3248752878	-327441.1575310981	-334228.8884735146	-184487.2990274846	-51845.5261286055	-16804.5782129381	33426.8623579000	-104908.3685805193	-204630.3975391324	-202838.0596929762	-228285.2307565474	-144741.4799701011	-61675.6214654883	-33612.1735748033	17599.9967083173	-41567.5077475457	-84640.7676385824	-86100.9744739703	-103345.8742865023	-70113.7462806184	-34887.0419784472	-21117.5719343582	7892.1993276733	1022.6228175365	-79.4939462618	-2804.2768301116	-9504.2422004909	-11265.8852068144	-9626.5828266900	-7790.2422924261	349.4077239623	17407.8025599978	32114.6064860338	30032.8786724146	29775.8123810837	15071.4313942984	3115.9106768835	892.0909569663	-2519.5003427587	27698.0736931200	57076.6549609075	55572.5368560533	52722.0888014838	27507.8766468406	5834.3694229263	1930.0710180033	-11541.0457467943	
186	-146425.9259001663	-267957.4612252974	-244489.4421647160	-208384.3643065282	-79375.2608613536	17276.2251365039	29950.4262339313	35811.9586950787	-206122.5983077913	-372114.4435647304	-348279.3393081271	-317163.4999210556	-143518.5009533289	-5706.6865836451	19809.0535792802	41764.5363973763	-182124.5671527245	-343380.0183680689	-331081.4325065154	-339437.3624418409	-189191.1655824300	-57662.6757582662	-22232.1468126439	30073.4091979247	-110558.2486029835	-214902.1218142428	-213873.0430886656	-236395.5394032601	-146916.3265750911	-61609.6542953761	-33659.2973906370	16171.2331378709	-44304.4067216679	-89451.2725341360	-91106.9848226848	-106791.3357446358	-70671.7071491670	-34503.7318777581	-20834.5509601241	7090.4206158864	172.4215612209	-1390.4092388958	-3799.5531725665	-9869.9863825867	-10822.1750727488	-8992.0743226768	-7279.7151365439	143.9495445207	17645.4514751615	32925.3041418841	31149.5811668585	31100.8832531898	16008.8561772512	3837.5487406866	1466.2757928418	-2405.6732270482	29743.0771576810	61096.4672990215	59871.9756961099	56908.1030284680	29770.3796757083	6870.1114595325	2645.0376514933	-11167.1463589633	
187	-145543.8568567728	-265410.4889697653	-239572.9386082198	-198422.0187208205	-69890.9054625544	24517.8153130196	35593.8020653460	37620.3795867709	-192982.0635292754	-348101.7247197973	-323349.3283768227	-289646.3207012264	-126878.3709108787	908.1752845996	23718.6451028476	42150.2587478415	-171423.6540145738	-325092.7254442872	-313051.6208559175	-321221.1308448852	-180000.0572596892	-55447.7504576778	-21389.0559735946	31757.6389022128	-106828.9322327082	-209453.1688071598	-208415.2624932048	-231027.8543115646	-144676.6439696454	-61191.7745926868	-33517.6414783992	18258.4649137008	-42604.5169750496	-87215.9019150518	-89003.3470216967	-105641.3982606245	-71044.7639052107	-35444.1639215992	-21590.4371732300	7910.0165143739	373.0357798110	-1155.3640397160	-3848.2847245539	-10426.4161660191	-11644.7482552283	-9715.4047510553	-7838.7789736026	246.9786969973	17108.6956932320	32029.5697938651	30160.7853631044	30084.1637227392	15432.0774394826	3638.4709714361	1351.3086696965	-2616.8070738200	27250.7854570382	56792.7203898455	55639.0912617517	52527.2026903060	27474.1230104007	6027.0326560102	2298.3018305113	-11709.4538374984	
188	-151664.7645497570	-273123.2019498273	-251367.3797926260	-214647.8549071454	-82493.2675186669	16112.6598604582	27795.2017139933	33078.4103880868	-200344.4379546799	-356376.4907365215	-336948.9977865583	-307572.9431470245	-139721.7907513111	-8280.0321623577	14730.0310581351	35171.1661060613	-173858.6362111074	-324294.1295467991	-317413.7590556248	-326909.5815206095	-182427.5838289844	-59987.7912279755	-27189.2744757691	22988.5141430433	-105975.9698082550	-204056.6601672423	-206368.9478347244	-228215.5414907905	-140778.0549772960	-61630.4209536486	-35613.3829454064	11604.6842273040	-41539.0936450739	-83450.1195798158	-86761.2720464793	-102442.4656112097	-67630.0731475042	-34762.2957527900	-21951.7565363984	4732.6585743636	1389.9542252254	758.0335773615	-1953.9909703569	-8016.1577379525	-9662.8717352983	-8890.0037643499	-7332.7386519890	-260.7796251439	17764.7660287158	32776.5696409728	31432.4706806408	31460.8209690378	16199.2576885872	4195.2172960236	1996.6513784296	-1974.9120579112	29533.7416908496	60108.8123770865	59581.6741513974	56260.6756633330	29092.2731756843	6804.2867071582	3062.7922982221	-10151.4241973651	
189	-140949.8271786662	-251732.6065569839	-232098.9418179601	-198593.7843997825	-75759.6099775758	16461.8458445255	26639.2966821358	31441.2381883154	-197068.9306478239	-348069.6426945431	-330399.8706740455	-304008.8181849978	-138822.3852897560	-9091.6839025326	13293.5447135217	33830.1858181840	-176989.6995665052	-328144.8323560213	-323072.7422014902	-336446.1722807144	-188990.8946531642	-64939.9931448260	-31119.1776759162	19602.0948961931	-109098.6843372266	-208897.3541306920	-212762.6974879685	-237840.4488540068	-147464.5572347068	-66846.3636250080	-39649.5117407345	8191.7349146201	-44893.6540315618	-89293.2791115055	-93149.7877634146	-110230.7980941417	-72413.0646115135	-37784.7296003613	-24017.7133857764	2987.1914122458	-611.3909667594	-2914.1665927187	-5566.8160505004	-11717.6597605286	-11645.1610606133	-9789.4427243221	-7806.5129528812	-641.2525322173	17204.4199103831	31585.5518385057	30436.4017781482	30946.1245193384	16115.7558229007	4539.5475335364	2278.7702317568	-1608.0485668090	29224.4941611106	59308.1204861777	59547.8177612960	57575.6328994388	30648.1731820798	8504.6437937692	4452.6767835444	-9239.3084108787	
190	-146284.7602327961	-262074.1889309926	-238100.3550790244	-202676.4031341935	-76535.9890676963	18969.5272777964	30617.7715878022	33902.9183684686	-213071.5965670168	-376383.0158128677	-350878.7087060709	-318163.4224116222	-141816.0040611410	-1540.3105064035	23005.0262315330	40990.4823764070	-180740.0036963977	-334641.7894812052	-322220.8946391740	-331173.8252330360	-183572.4686170936	-54944.7923371946	-20769.5149125016	27747.2382762535	-103672.1626814722	-199584.9623974722	-199799.7955089617	-225182.0930265093	-141785.3643914684	-62063.0518844733	-34979.8874572301	13380.0242639182	-40673.8703402804	-81848.2758018355	-84243.7318068080	-101311.1053528316	-68180.6050890173	-34830.1480857476	-21650.8562072301	5770.6291870523	1439.8470936461	714.2618116846	-2082.4860778012	-8477.7766282537	-10314.6248461083	-9249.1039488200	-7614.6312496003	-29.8235062516	17419.8111419561	31804.7520325691	30015.1463199907	30005.1850507243	15296.1819059382	3434.1199295696	1311.8594309606	-2171.7453522720	28166.6349899671	57295.2477355941	56218.2029041555	53244.6079000384	27571.2514759609	5935.2256381507	2226.3577651333	-10802.2195254541	
191	-144460.1100555209	-262348.1295757787	-237542.9667863824	-200606.2796151509	-74711.6952005788	20113.4481375112	32277.4039885920	37319.8105673606	-205043.7076068448	-367366.1201494148	-341611.3221092351	-309494.9918287526	-138921.7624262519	-2350.0174237337	22801.9084134769	44060.5135164844	-182001.7350655139	-340555.1462210604	-326296.5605663613	-334251.0659115982	-186299.2724641852	-55336.5109602840	-19843.6479708285	31922.5014969461	-110642.8072407025	-213316.1176231933	-210955.4127004589	-233400.5182961195	-145384.3973142907	-60353.6538327018	-32259.2788386976	17113.2913548862	-44684.5849262119	-89427.6339506987	-90440.6739275550	-106152.6812174229	-70378.9253925237	-34093.2399220948	-20287.7233397688	7465.0088517684	-140.8500615567	-1856.4727931536	-4212.5743516564	-10251.8143227168	-11012.1463639598	-9007.1473692520	-7245.2632526701	109.2591745411	17517.4258412078	32503.8860891932	30511.0591043905	30531.4427213242	15737.3808938507	3686.7379904547	1289.8514215992	-2572.5901485354	29856.9185283560	60833.1982814099	59217.7804515621	56179.0476304682	29371.4155314658	6498.1381027756	2227.4292837842	-11622.2263156738	
192	-144939.3861601433	-262927.4095856517	-238247.7789196406	-197046.3291802571	-69837.5466161822	23677.3439988248	34182.7475567201	36442.6709906226	-199307.4801309878	-357021.1245992821	-332645.0848012999	-296169.1438377383	-128538.6901191561	1891.1842962554	24189.2327161678	41920.1289831958	-173558.3286376391	-326537.1819678946	-315483.4336427155	-321324.2367723123	-177851.9912971268	-54086.0952569391	-21117.1796775070	29834.0461894826	-104497.9511144155	-203770.0856876759	-204060.0933093102	-225737.8066691050	-140632.5029219429	-60455.0751560901	-33927.5341909296	15907.9931398296	-41491.6182027852	-84535.8203574683	-86957.4984550876	-102959.3582258090	-68817.4364277549	-34874.8972553322	-21614.2574147800	6787.7711551068	681.5888964169	-658.7547766372	-3441.6339926692	-9909.8190184110	-11165.2241372074	-9597.6442474498	-7798.6699073852	62.4869032201	17093.3107012663	31697.9869731709	29968.1214644890	29626.9662947285	14991.1404651126	3398.9593386256	1269.0112660687	-2452.8563391372	27386.0287637503	56806.1332531898	55851.4676507739	52133.8322620875	26783.7081634529	5644.1280078825	2124.4134329432	-11433.7150406114	
193	-149966.4763426548	-270714.4462198612	-249290.8716233771	-212540.3612306936	-81440.6729302571	16248.4027774447	27886.9864465416	33600.5618494580	-200878.9907595053	-358201.5928706191	-338797.7490366782	-308555.3675672327	-139692.6986831271	-7684.5663362992	15404.8904940922	36292.4927271201	-175312.5472647256	-327766.2647296303	-320599.2816766996	-328985.2113971764	-182751.2138074795	-59395.0535243189	-26543.7982420376	23555.7125773455	-106599.0736111777	-205733.7732746147	-207889.1341745411	-229023.2052335156	-140721.6797204768	-61267.7163836659	-35311.7966081878	11597.0948422311	-42005.4058233004	-84483.1965056600	-87654.4161969973	-102912.4792266245	-67563.5782479135	-34489.1563889022	-21750.1004952513	4664.3266470405	1146.8347173590	401.4063829064	-2220.9100872985	-8146.5839558951	-9603.9794144922	-8741.0446175892	-7236.1828192952	-357.9447109235	17639.8785634913	32637.1953264901	31293.3690581830	31310.9584152756	16128.1273843214	4177.3322271121	1995.6659251887	-1960.0984886640	29592.9139215992	60312.0357358420	59782.5252012583	56391.5945914077	29141.7730657617	6784.7384021649	3027.4215022624	-10196.6478259305	
194	-142082.3389783592	-254860.3147254333	-232186.1610116478	-193298.3806510217	-69560.7198412318	22440.5306883954	32310.8241997634	35429.8968636080	-192111.1069756891	-340677.9428742165	-319720.2397452194	-287850.9510574556	-127528.1274642652	-1522.3122721604	19910.6521728703	38784.2729038757	-172598.5490894410	-321724.4491208189	-313273.1987440842	-322344.0715416347	-180279.1271364959	-58032.1401873081	-25090.1673611777	26085.4006299565	-107222.0620533145	-206426.0585028140	-207776.7680912637	-230283.8638168729	-143020.9815280043	-62250.8099847707	-35558.7859996562	13313.8015387167	-43460.9974807735	-87084.2384471332	-89852.3239509385	-106193.1686312836	-70406.9973178882	-35872.5731165260	-22359.3167949763	5382.8096220261	-202.0381401493	-2045.4486041827	-4688.3435431456	-11041.7966221780	-11553.3682617437	-9683.1591419641	-7785.7130030459	-285.5831984283	17066.7296863008	31519.4087642300	30038.4593136432	30083.0057629429	15488.2111893227	3930.2096414124	1731.7000581591	-2195.7498551020	28195.6141946070	57691.6602092127	57136.5858555577	53973.4967053195	28183.6314604518	6611.0263994148	2942.5113600026	-10733.0199949236	
195	-150298.2513150742	-269085.7233637519	-246420.2455121595	-208765.6036580247	-78601.3352210044	18629.8973392732	29799.0900056360	33500.5924659040	-200939.9708255388	-355072.6029924933	-334125.3165101768	-302968.1112047119	-135577.7412851353	-4445.0542617997	18002.6635298750	36418.8677411103	-172068.8504552795	-318914.2206436669	-311137.1330533305	-320310.5099170184	-178201.1071195878	-57356.1853595069	-25142.2498630964	23711.1507198932	-102560.6087134657	-196545.0544276829	-198668.8023461483	-221066.8132574667	-137040.2500339761	-60349.5854208637	-34861.0707651813	11633.3308290963	-39751.5417895801	-79610.1119032201	-82881.7327251615	-98982.4163848650	-65933.8938357396	-34328.2717037206	-21770.1955693192	4655.2382602648	1770.0084090800	1511.8679099914	-1299.3378071837	-7551.3811866446	-9531.8469947157	-8965.4934745939	-7444.8652698500	-319.2439682464	17423.6165209692	31923.0301427795	30511.8947590896	30485.0496370555	15629.0786746131	3902.3784555673	1779.8412427651	-1990.2383302155	28760.9736135760	58150.6109039236	57518.0026721188	54101.3215985946	27793.3638748321	6159.9621006811	2601.8230655618	-10203.6953924437	
196	-140938.7911440346	-252509.0292154323	-232400.7595522752	-197935.4097955040	-75078.1509287462	17080.1866745811	27445.7304917338	32743.1242944967	-198297.2538942584	-350639.3987712651	-332012.1552826810	-303736.7570140621	-137924.7159129973	-7414.2858017955	15153.0603025470	36042.6747249936	-176902.6946839425	-327745.3207621834	-321225.8447562916	-332481.1445552331	-185964.7967390957	-61871.3447253134	-28419.3619981533	21860.4726112817	-108082.5725819023	-206614.5802604966	-209401.5202867182	-233104.5785666890	-144343.8426667626	-64291.7170641868	-37584.3807739351	9670.9232900038	-44113.0556987881	-87525.2607214521	-90867.3059086403	-107119.0783608340	-70323.2364075691	-36164.1078880468	-22801.5813737129	3780.4889377878	-194.2628429586	-1981.2797510553	-4507.2098462682	-10471.3931152469	-10842.2964562948	-9228.8801363840	-7461.1025697909	-519.2126832710	17251.7080145578	31730.7457559878	30449.4047930257	30743.1620329288	15917.0256689291	4292.1905788325	2073.7613240279	-1840.4717768691	29568.5455619244	59890.6767065986	59617.2094125735	56930.5897468182	29836.7713869436	7579.3911926004	3649.2971108340	-9927.5708181440	
197	-146553.4691946869	-261003.1452057751	-240096.9615620603	-204993.3197758778	-77789.7964293138	17895.7671299405	28259.3368948260	31701.6870023503	-200450.5061017044	-352581.5175686317	-333543.8173575802	-304962.9435607332	-137328.8969365567	-5765.9216941273	16158.9145781370	34305.4601190762	-171617.0922830327	-317832.9522236346	-312470.6974969622	-324910.8296209468	-181756.4621726305	-60905.2267093966	-28508.2903086227	20256.5513168729	-101271.9186092991	-194800.3819840832	-198927.6858741446	-224075.9785151253	-139812.6725605174	-63880.7308344925	-38095.1462060709	8637.8466019922	-39862.8970105046	-80276.9616400054	-84451.8509759130	-101780.5040881220	-67932.2667951762	-36297.2209954192	-23415.5155300668	3207.2809242293	1304.8619302011	490.2640361186	-2428.0361075803	-8689.8682537494	-10137.0011232093	-9346.9933416875	-7697.9605517716	-492.9525873785	17008.9756741254	31081.0529627142	29897.3704731869	30251.9052357141	15622.0054231821	4129.0551771553	2064.9290449524	-1625.6354406498	27606.4559789908	56179.5593262343	56251.8379400902	53594.3912895322	27895.5562803786	6780.7146868605	3346.1409257882	-9589.9019260441	
198	-146786.4591287733	-264410.4879205039	-242371.0029549197	-209130.9489739223	-81193.9190200099	15812.4101062852	27945.9170753789	33978.3479880164	-206972.1051020082	-367553.8315405954	-345776.0793031706	-318297.4041234971	-145510.9750675524	-7460.0518664860	17217.6562889726	38618.5241390061	-180195.3572225154	-334403.2121146712	-324766.2479324556	-336780.1030854278	-188753.1628813315	-59635.0037953281	-25182.8141568336	25126.3119363968	-107166.4875557607	-205207.7413660783	-206139.5800376535	-230721.1421499265	-144011.1146972531	-62210.3998555017	-35294.2619985530	11961.6187194215	-42595.7981920728	-84853.5334564467	-87411.1782635025	-103864.7578214937	-69003.2067654371	-34636.8879149079	-21499.8119114144	5021.3436470725	818.6079579976	-192.2937611921	-2693.4504878565	-8622.9065617805	-9944.6489401461	-8727.3107592255	-7166.0644046591	-269.2879113104	17578.9867353383	32353.0989363488	30797.2741340097	31084.0728077433	16106.6689060901	4030.9698512247	1748.6385764422	-2093.3942134737	29968.2316788981	60797.7407904835	59943.2774166986	57425.5405444567	30088.0319275230	7114.2510792402	3023.1299175381	-10395.5492753102	
199	-141106.9523005804	-255022.8928694199	-230662.9509954992	-192677.0743726417	-69236.3189004941	22759.9731788821	33492.2748275214	36387.2924591088	-204201.2956608548	-364299.8058496818	-338460.5230377814	-303797.8531583765	-133043.2233117885	2020.3415205695	25500.5954607956	44122.4286222499	-179538.8052211243	-335842.6022420216	-322371.3539967863	-330214.7351804330	-183478.0229218630	-53978.3225429298	-19464.1358193832	31776.2101380628	-106945.8700524830	-207380.2871508458	-206192.5141720229	-230467.5657257291	-144987.6334920216	-61646.4903128198	-33869.5187138255	16607.9197614879	-43275.8151401413	-87417.4847527341	-89012.7233867357	-105879.7304417690	-71072.0728327258	-35243.9998031386	-21373.7619286023	7246.8487304937	105.0220025102	-1682.3088985354	-4270.8852277996	-10732.0654649127	-11680.6975898967	-9623.9366186205	-7719.7492974946	161.3116575931	17067.0266442425	31511.4500701506	29627.2257160959	29585.6510526589	15121.7638722339	3413.4783422471	1188.1528134194	-2470.5704733867	27676.7507544689	57138.1851156786	55973.7472289508	52995.3033834181	27648.5168821150	6024.3930073228	2205.0476704400	-11581.8833890941	
200	-148179.2464754813	-271698.3138640397	-245912.9116691849	-206562.2119817648	-76126.1290401557	20600.6356385105	33030.9728671016	37140.6153048254	-212197.6468755996	-383494.2116380068	-355879.5694351176	-318817.9958629125	-140140.9222887087	262.3645773376	25553.2607584261	45233.8632043042	-181634.4739653284	-343078.9415891212	-328060.9459490519	-332272.1961658992	-182669.5815106165	-51924.0746144714	-17371.7292705935	33566.1469725313	-105329.0534553674	-205999.7548635760	-203977.5558876551	-225189.2630218326	-140307.4422076858	-58348.6601842303	-31392.2959226704	18159.1257394794	-41167.6472563315	-84108.3544044992	-85470.6428354439	-100687.2853950819	-67244.1409847467	-32926.7090588226	-19909.7996650358	8100.4963795488	1422.6936456734	780.7432537494	-1838.2530348635	-8096.4122677635	-10093.3247473778	-8886.5735592143	-7356.4197574907	289.8428286486	17525.9403569887	32685.8933720661	30628.8329426084	30143.1806348331	15171.7168573324	3155.4456352728	947.6202093726	-2696.8980817504	28727.9532988776	59294.9528851688	57601.1167598011	53863.3022492166	27549.6388582438	5469.7873017396	1648.2128291683	-11716.1531741654	
201	-140378.5257838482	-261767.6449789348	-235884.1372633666	-193422.7777114911	-66760.0776143595	24388.4160511000	35597.4700360946	38840.5886525886	-195580.5560685277	-359702.6325806632	-333295.6987071102	-295499.8337630308	-127949.4782832886	1879.2996270625	25736.7435285559	46268.9833007563	-176986.4195536342	-340810.2111493509	-325565.2787887327	-329000.0657686988	-182256.9323756076	-53336.2526561301	-18212.8111879237	37155.7223634561	-110013.9578956415	-218138.6852775646	-214983.7904635137	-234476.6759681184	-145679.1692398551	-59513.7935903124	-31209.3887912909	22101.0930534903	-44749.3848980318	-92414.3777540611	-92914.2159759529	-107821.5457817696	-71646.9249918058	-34293.2281134082	-20199.9551885473	10046.3670256140	-542.8472335476	-2856.4188151541	-5116.7969859219	-11398.3870665052	-12007.7787307735	-9451.2789286342	-7482.1882075019	676.7614519378	17118.8736649399	32776.1511415963	30644.2716777389	30106.0549223347	15251.0787295744	3340.9565995539	1021.7457789716	-3027.3900004397	28554.7462856149	60325.3483207822	58464.7683490822	54779.9580135585	28470.6284125975	6163.2906433871	1987.4449367645	-12702.3261723746	
202	-149553.7270061876	-280191.4990786486	-253632.9017461707	-207533.8146454896	-71958.1914961867	24129.8667008426	35908.3485186429	37511.5003497538	-195675.6185945095	-362670.5733503614	-337208.4773999105	-297042.4952753262	-127548.7443639678	1274.5981129285	24553.5545495971	43095.6379049149	-169454.6843622090	-330177.5059518099	-317587.9469873209	-319446.9274790547	-176522.1386953585	-52892.7485220405	-19419.9848446694	35474.8828704592	-103443.5323842015	-208707.5982078617	-207352.6851256715	-225474.8200157089	-140046.7078346844	-58179.2268453009	-31375.3017095964	22058.1834468534	-40191.6289991846	-85093.5193523759	-86823.0949931248	-101572.4647578105	-68283.1599663837	-33770.0939328713	-20515.0708930913	10099.4928720181	1435.9684502111	702.7035167242	-2073.7807073820	-8645.1074413613	-10823.1120641069	-9332.5888124760	-7664.8733991270	858.7465604215	17261.2408434462	33089.1416552747	31178.3035962682	30381.7584120779	15288.6722067664	3383.3293391452	1138.9813401365	-2893.0422532537	27701.2992233468	59045.8260784408	57672.0980689595	53295.8154319359	27249.4896672742	5569.2919584612	1825.1401543314	-12652.2465184510	
203	-145813.4041274943	-271763.9690577833	-247195.6292090369	-203640.4145341679	-72688.5059058423	21527.5079064339	33122.0599507946	37939.9102761656	-197179.8428576282	-362724.5384759129	-339003.6097147608	-300702.2792933775	-131857.2707144170	-1899.2586409168	21721.4432729359	43418.4049039476	-176164.4208856965	-339177.3710637711	-326947.7203568688	-329099.1122010105	-181948.3470806552	-55340.0413039220	-21167.2151145593	33312.8012908912	-109749.6527594573	-217510.3920839729	-215997.4997741590	-233710.6587442441	-143847.2053214537	-59461.0091755404	-32144.3922568512	19456.2501149191	-44124.1026027676	-90875.7897210364	-92355.9200532825	-106497.7989715240	-70234.2043021713	-34118.2322554921	-20569.4279906946	8630.1135100889	73.6213066002	-1532.2339592927	-3978.3482738152	-10160.6657802907	-11169.9459590448	-9128.1710245987	-7386.5317236665	379.2324183775	17550.4487420856	33466.3565729726	31654.9761707758	31057.9017032009	15809.4527832406	3769.9484323037	1455.7631537398	-2776.1675720293	30172.1642653572	63024.2395423622	61560.1290401557	57143.6198726097	29318.7036666187	6307.3709948196	2252.5864231581	-12368.3386106181	
204	-142586.6698504253	-260746.7533716264	-236410.3784895434	-193222.0108143867	-67263.3236961179	23991.4775577993	34103.8090374376	36486.2311152948	-198938.1222069663	-359406.3638558455	-335156.3961091391	-295430.4572490967	-127145.8697536934	2321.3297248737	24344.6208249392	42859.2909101992	-174227.5950540819	-330541.8318164013	-319238.8694898791	-321986.0313249473	-177421.5717195095	-53693.8941585124	-20869.3337250576	31404.3750519634	-105719.8926715592	-207789.3471056376	-207875.7142012024	-227824.4114063699	-141614.6520299709	-60756.0670457998	-34120.3964978655	17232.9748806840	-42731.2200081143	-87573.1015475106	-89789.8851468566	-105089.1300604375	-69952.1753195750	-35177.1240986346	-21760.3392861426	7553.6636397976	60.6695366462	-1822.8014827561	-4522.4317280634	-10985.7284481725	-11792.8025200259	-9753.1224897672	-7871.2764303930	257.6827923142	16929.3012289348	31641.2724312084	29891.3018734811	29275.6340696150	14738.4382804506	3336.6319710924	1258.8989681264	-2528.2747685629	27775.9175350553	58067.7459468534	57056.6493868317	52762.9594775278	27002.0698987913	5715.7496242645	2148.7230959405	-12005.4808085108	
205	-148068.0011791699	-272100.1319860818	-246934.6575970517	-204536.5620203377	-74155.5722621275	21193.6061892428	32909.3500155890	37568.5728746962	-207161.6055267092	-375350.9782103399	-349403.5242509273	-309619.3318533752	-135071.2688637199	240.0248045376	24173.0048595789	44596.7907682991	-179006.0229128693	-338719.1350619164	-324962.5734043234	-325890.4433568768	-178289.3169728511	-51514.7237384881	-18162.6623457086	33089.6764078089	-107382.7213141948	-209680.6843272336	-207904.2100271409	-225811.3419652565	-138980.7407555081	-57389.4705147576	-30956.6721617981	18487.0677293186	-42624.2981251199	-86586.0953049053	-88012.0336133362	-101954.7407165356	-67288.1118802363	-32807.4060241590	-19815.7093456207	8162.7298961531	706.5862242981	-398.5411160543	-2883.0944115343	-9013.0832633826	-10430.6900412110	-8910.5609440954	-7290.0757416779	260.8293781178	17533.3799465177	32806.6661220501	30905.2477825611	30084.8372505756	15085.4953043058	3233.3106632930	1055.3104164668	-2757.7116200195	30022.1568136032	61947.1680706782	60158.6040007834	55317.1838175924	27887.7578784536	5348.7869949556	1474.0968468198	-12306.9326034472	
206	-140113.6450928546	-260562.7200360946	-236749.7066165420	-193354.0354390509	-66827.7889186013	23563.4799241334	33825.2509683183	37140.6280758346	-192972.2207655810	-354456.1940923590	-331317.6943122042	-292571.1401593278	-126539.6648039780	614.4841751407	22901.6240906402	43314.7764333909	-173765.9410145258	-334924.5518325099	-323481.0212300540	-326302.5470069071	-180732.6516322509	-55323.1157555081	-21565.6447211163	33366.6073464281	-109187.6681466248	-217220.5701915851	-216426.1385094893	-235435.6893606901	-145882.1972451394	-61265.4370343278	-33689.7805974594	19619.7324273711	-44858.5066513175	-92803.3277702497	-94467.9982482332	-109266.2307175748	-72315.5474765765	-35400.3668067680	-21468.0857436365	8827.0960533784	-834.6951246323	-3361.6769464297	-5842.0114259561	-12164.3366260153	-12465.5189186812	-9760.1164440234	-7742.7769870012	508.7403747762	17039.5401667226	32463.5456278780	30671.1840684158	30120.3199677427	15256.2527710492	3591.4087122666	1374.8919050988	-2728.4137167434	29035.1682305657	61227.9248289204	60135.8891430433	55915.2251564898	28865.1807427571	6370.1991977648	2437.1005632035	-12605.6581936317	
207	-147144.2926809526	-274185.8564390669	-249515.8516244564	-206065.1839744820	-73572.6808107093	21411.9765724930	33009.6994016213	36042.4061230893	-203040.1681865966	-373619.1988669976	-348908.1881805209	-308232.2550884177	-133147.6928222531	280.6627584181	23837.1923335971	42979.7123215256	-172606.5709970181	-333639.1230153972	-321966.3807649415	-323220.0447494963	-177371.1111687372	-52795.6108829384	-19759.7796631172	33018.9944019410	-102306.9177868780	-205304.0893451011	-205258.5142809462	-223952.9410245187	-139074.9243282729	-58923.4211135361	-32647.9841191801	19128.1042456111	-39922.2770379653	-84010.1278509929	-86330.7273549421	-100923.8397927859	-67528.2011354007	-33764.7952561397	-20854.5522921863	8693.5256779227	1336.8141218582	406.9137437244	-2356.7814358691	-8679.7547036886	-10547.3759443352	-9137.3550230638	-7535.6072075259	629.4132540691	17192.0732644218	32703.9247779563	30947.2783280570	30144.1052469062	15100.9140115359	3343.3158716264	1199.9489859139	-2660.0615946374	28517.0150314179	60480.8532543090	59219.5279373321	54477.8289514182	27497.3423150102	5482.8315176116	1794.5277694503	-12407.8997965432	
208	-138617.8615134945	-260673.2360388287	-237354.9176379829	-195262.0351552507	-68857.6061582646	21237.1785283161	32220.0432325643	36838.4452685310	-203165.3549191369	-376639.9424205360	-351992.6368406642	-310669.0228928834	-134116.3161764118	323.3179391708	24273.2151285495	45937.9333009561	-179937.2917855830	-348411.9113324220	-335285.2466563539	-335407.1359492917	-183470.3702923142	-53531.2892953361	-19094.9224066257	35230.6583765029	-108655.5644766085	-217371.3392301819	-216240.1148061765	-235105.9783992070	-145780.3670645865	-60982.5372327881	-33217.1403961611	19961.7531497826	-44248.0549123417	-91990.0935571358	-93574.0429277788	-107789.8155858276	-71284.1348210860	-34601.5388096780	-20814.7341731421	9140.2635284760	-450.1871512455	-2660.0544686541	-5082.7533496419	-11321.2155352632	-11953.8949649447	-9469.1751237129	-7551.4951104422	565.3162013942	17150.3109940602	32897.4498513047	31051.0829136288	30334.2474837714	15298.8292791875	3494.3783396489	1214.7195474386	-2756.7974575899	29649.8501814722	62880.3792789876	61534.6306550189	57275.8042598011	29479.9557941209	6595.8036971972	2337.7126343054	-12618.1806418282	
209	-140470.7996260633	-263347.2931246402	-240195.0855657617	-196935.1910684878	-68815.7374568304	21925.1272664045	32451.7996190682	34975.6066818959	-207760.2219137727	-384244.3906040148	-359592.7458998865	-314686.0817324604	-133202.4411714153	3073.3435851161	26180.3917811860	44750.6349390029	-177996.5996928163	-345477.8778250112	-333663.8956194839	-332169.5646944551	-179930.8992249456	-51669.0437621914	-18381.0656078121	34201.4480185949	-102296.0162665484	-207185.2664144442	-208045.2299810933	-228447.8594839233	-142947.6264160031	-61973.9838553658	-34940.9645399639	18789.0268480989	-40491.0683328936	-86000.1355595661	-88628.9097715208	-103654.6560561365	-69468.1562040324	-34990.3028797726	-21698.2466323708	8737.2014211995	795.4586271265	-694.0354140685	-3535.8245665052	-10106.5921191481	-11585.9383923718	-9709.3436410767	-7894.4918357476	682.7649414812	16781.1431372314	32016.5928576282	30249.4700730686	29339.0879530810	14513.6888600425	3103.3034263878	1071.9548517843	-2517.9845328888	26703.8558334932	57463.3834590448	56795.2805125192	52503.0231596956	26809.8695238552	5832.6779137487	2280.4017941369	-12094.6884403380	
210	-147348.6035850761	-273874.3321991318	-253624.0788374984	-213270.9829090320	-79941.9521946550	15567.0506363520	26889.8916552747	33214.2285600937	-201740.8026659232	-370297.1100755068	-351971.9495725009	-315768.2774176979	-140390.7335605734	-8210.0458637119	14783.7690835652	37212.4068056089	-175048.1818539748	-336913.4990776493	-330769.9959118780	-333562.2113472116	-182881.3392561637	-59324.9955541299	-26837.6853714985	25712.0087528380	-105625.2596002414	-210194.8015137343	-213305.4163319024	-231267.0605733564	-141112.8435441449	-61661.6384555273	-35917.8100807032	13602.1434859859	-41528.3432803306	-86230.4933027149	-89824.4726002894	-103511.6092770689	-67501.7819844829	-34360.7251045264	-21795.5861293649	5931.9944159312	1021.1420629877	45.3680139182	-2582.9459570462	-8399.8694818848	-9789.1391670264	-8673.3012838961	-7192.7814888319	57.4620766980	17321.9712052715	32949.4299393227	31719.8286586243	31154.5991911694	15753.6435889134	4053.2020947253	1942.9323246435	-2072.2628589473	28922.9804667514	61066.0943845533	60850.7739331511	56626.7970638670	28894.9399682623	6937.7764403860	3241.8452489447	-10594.7760736442	
211	-141131.2212062708	-255821.1868234763	-239367.9917568032	-203947.8924007499	-77249.3761921607	14293.4645179793	23522.2495593102	28349.6936146953	-195000.1939264758	-349897.5767279835	-337110.7786158544	-307865.7257051036	-138739.0000519634	-11824.1199885281	8868.6541574731	29526.7829038357	-173018.1583235402	-327116.2835463833	-327662.1144154515	-337900.5243128837	-187498.5819003422	-67808.4978195350	-35837.4382754541	15603.8113208301	-106642.3318493780	-209085.7477256012	-217107.0511499904	-240405.5630785927	-147544.8889441833	-69756.2833934910	-43550.4843350281	5638.5775853799	-43595.5993120843	-89058.9814530570	-94869.3305013271	-111155.6564848347	-72343.2573348363	-39179.3422870299	-25828.5805013271	1893.0240400758	-460.2313990950	-2835.2762994852	-5779.6893227168	-11896.1076871882	-11740.1572552923	-10039.3695238552	-8068.9171952945	-643.6112896521	16681.8385656498	31160.8117845037	30487.4465156530	30651.1299814930	15692.8350441289	4652.0086119372	2622.7939520578	-1203.5440829656	28054.8701134401	58569.8217634785	59871.7991643883	57288.7888106773	29988.6730301868	8811.6618280730	5161.6897724002	-8664.0903683807	
212	-148632.0338601625	-265429.2985418265	-247092.1816810965	-215284.7754041155	-85529.5067252654	11459.3212528380	22636.4596334181	28225.5366841743	-207133.5931044545	-365109.8752828009	-349085.3275484059	-322984.9658940106	-148238.1554515621	-13049.3459584453	9900.8143367070	30022.5869088162	-176639.4243942265	-326695.7341751407	-323740.3760432656	-335965.9647987817	-186403.6843761991	-64502.0454919737	-32085.8702283592	15695.4492217479	-104626.4625973315	-200589.2359009257	-206382.8805720773	-230992.5658826186	-142200.9342812660	-66155.5302576986	-40346.0929545600	5388.9495365263	-41296.2956718470	-82565.4562547966	-87444.7560997058	-103889.1340636192	-67995.7243840336	-36554.1805438971	-23888.1346791859	1859.5753999185	1101.8395989224	140.0327179666	-2747.2081884353	-8755.3351170776	-9884.2183352920	-9197.5572107237	-7562.7235995859	-681.5887325323	17324.6664787989	31709.8640167322	30755.4349847707	31007.5823909967	15886.7564244772	4348.1083427267	2320.6342924581	-1286.3697696821	29307.8999814131	59256.0003297678	59711.4768892700	57141.3828944423	29644.0007894442	7851.3507091008	4157.6854594366	-8601.3716533560	
213	-139651.1527374728	-251205.8612566753	-232953.9043513366	-203062.3052211243	-80164.9981722867	12786.7441251359	23761.8562322125	30088.4354734267	-203455.3158016756	-360947.4326014486	-344119.4818447813	-320259.1779477248	-148421.1046453297	-12575.5587786199	11347.9935035735	33532.7658148663	-180871.8464231181	-336581.2024055065	-331266.4211385185	-346200.6468366270	-194542.9554793425	-66177.4415681360	-31516.7709602440	19060.5285798798	-110380.2818765589	-212379.0167592015	-216604.1148891181	-243982.9667234267	-152181.7659467735	-69385.7042791875	-41284.9464417050	7281.2741300125	-45541.5845524751	-91113.6374792146	-94844.6170216168	-112486.2343799965	-73938.1581206830	-38277.0254280986	-24346.0539899910	2806.7860536183	-961.6567316609	-3600.5098800444	-6097.0795699827	-12215.3393730814	-11902.3878769346	-9768.0279952913	-7740.2639501791	-586.1806748049	16971.6690150134	31417.3925216647	30216.0615576634	30823.8250931344	16064.8941295328	4393.4831288773	2241.4047500560	-1473.4813041619	29919.2878343646	61247.4410175237	61360.3405012871	59790.2155902245	31865.9543561333	8938.2031459852	4602.7502768051	-9240.2964343102	
214	-147695.4492087570	-266669.9968312308	-243934.6670164204	-209959.5698678131	-80723.0449703409	16825.5937509993	29009.7536244484	32777.7815497889	-205652.0044278828	-366641.2855129989	-344164.5564532569	-315991.8241298126	-143310.5161346412	-5836.2976564499	18662.9421936956	37690.9491098267	-175413.4875567601	-328736.2870958845	-319273.9331230813	-331907.6031973491	-186721.6622877494	-59252.8205003677	-24929.7917745907	25657.1134261480	-103732.1799742981	-202073.8829583973	-203573.7717606805	-229771.2805524911	-145091.0096292210	-63812.8076314275	-36536.9250997298	13126.4165417546	-40833.2918015717	-83277.3460233995	-86198.8661632211	-103732.5141890109	-69980.4831918329	-35795.4435007755	-22398.7894931968	5705.0868788373	996.7711581047	-233.5213469717	-3019.9561029036	-9398.8727595773	-10851.3486175732	-9412.6009259481	-7685.6624646249	73.5763232684	17022.6103103415	31411.1136320031	29872.1630701986	30129.7826220341	15580.1549229343	3823.5224372042	1631.2984708765	-1980.5221693927	28332.9811732540	58426.3674553115	57838.0601596476	55336.7212802187	28999.5836730941	6775.7089059302	2876.9506307559	-10766.8081070926	
215	-147080.7232008666	-269064.1140207294	-246788.6029904947	-213110.9802349146	-82896.4801969414	14752.0764172023	27618.5200848603	34248.5670098251	-207571.9819686940	-374350.0165133746	-352234.2137415259	-323861.6077951122	-148155.9538424949	-8660.9073382339	17009.9402300780	39791.8846951746	-181223.0164584133	-341934.0575245027	-331498.4033870156	-342198.5482590257	-191649.9050538421	-60007.4865114959	-24702.8679279787	27748.1349799741	-109024.0057479534	-212443.9802359139	-212873.7919714521	-236881.0201658033	-147899.5631805209	-63147.0563123561	-35333.0682299661	14428.3721350169	-43615.9966973251	-88448.7702217639	-90694.5849861697	-106916.4419228863	-70993.6594277629	-35053.3452119708	-21504.8988292242	6358.1091271745	406.2343889902	-1017.5407423174	-3502.1755094414	-9545.1195388447	-10664.5915355590	-8961.1319910783	-7280.1894816049	56.8521570814	17539.0146766676	32781.0052053354	31138.0496580407	31348.4818917482	16255.8264531770	4034.0709140765	1711.2650763862	-2208.9060731245	30384.4647967831	62682.0162705455	61744.7406265989	59186.7452753262	31125.1116653876	7496.0850151493	3128.0504704688	-11050.8950548814	
216	-143708.5434504109	-263329.7522743988	-240296.0436043026	-202561.5782649015	-74263.8501494948	20029.5553610258	31268.8137840960	34739.6427415100	-200010.5957555881	-362057.4172312692	-339595.7511082198	-307206.7329530011	-136473.7258490023	-3030.8496268627	20589.8698056568	40359.9487440842	-174491.3727995491	-332858.7209054825	-322874.3076803930	-332186.5560385489	-186045.1586732940	-58415.7413930593	-24056.5158088706	29494.8200207054	-105493.4582583861	-208896.2202699300	-209952.3510548574	-234001.2925110722	-147174.0962712250	-63764.4159111985	-36083.9726112817	16214.7578304873	-42353.6014415851	-87793.7805285079	-90292.1458543186	-107146.2718985834	-71937.3539987848	-36151.8644804058	-22389.6839245171	7266.9748936749	154.4041584724	-1790.6956332742	-4428.5793771185	-10830.2203728575	-11727.8355267891	-9653.2064496594	-7735.2009385393	342.6003703393	16910.6419360770	31851.1351578489	30187.7437344110	30204.5937460028	15522.6964816769	3729.4441563140	1557.3246194679	-2309.1589890717	27895.2640011432	58854.7402858388	58136.1324547519	55253.5592023216	28931.9771310997	6786.3117715129	2833.0044968342	-11616.5213229886	
217	-150526.8844093758	-277635.4785231197	-252705.8585885536	-213341.2567212682	-79496.6776679218	18833.2600419305	31677.0485807991	36439.2439382675	-205271.1749908065	-373528.9116571933	-348491.5954677907	-313944.2792823852	-139449.9556841983	-3095.3047774367	21880.7456090912	42559.8598616574	-175870.1779497234	-335365.3687733836	-322398.1246222659	-327987.8263982157	-181893.1989139646	-54158.9535716855	-19956.3703013079	32554.2312232189	-105132.5337392476	-207383.1674451186	-205854.9602949524	-226245.5957066225	-140665.1211856853	-58289.3501474962	-31463.5885166843	18871.4031541795	-40925.6899952434	-84406.4166216983	-85926.6824745379	-100916.7199081846	-67434.2720504765	-32951.7960066113	-19925.3613825867	8504.5793911087	1455.0104796223	776.5314198804	-1751.5510310741	-7830.9860648104	-9863.2719895194	-8642.4624654243	-7124.2783250592	529.2724701810	17622.4674459181	33126.5214399063	31246.4217311013	30829.3988771905	15675.0540709341	3498.8781437868	1215.7055702785	-2670.5354920136	29357.5445796160	61137.9384383394	59582.1964816769	55594.2785798798	28398.4173971524	5685.5444497074	1758.0777892364	-12176.8997785559	
218	-139803.9294146920	-258859.9157093406	-237215.5605473747	-197658.6056716072	-71052.4425924149	19977.9748487065	30403.5315347995	34596.1878027868	-194186.7787387679	-355331.3357886048	-334941.7197403028	-300825.8418013718	-132957.2791494788	-4118.0937729838	18474.1551227936	39744.4364337506	-174123.3229466456	-334538.2060949092	-326214.9022138414	-332856.5867549246	-185662.1290871227	-59543.0725679122	-25730.8647362257	29047.3383787813	-108247.6227585780	-214872.1258494020	-216427.0663842655	-237781.6749068656	-147920.5547494564	-63803.1840024623	-36373.2179755452	16183.0685207614	-44184.0277634545	-91246.0868908289	-94053.7374798142	-109752.7613500096	-72838.9213193911	-36419.4973778460	-22576.6635498609	7138.5157649015	-491.9521396937	-2780.0117357380	-5352.0047186781	-11634.3956694487	-12060.3815114160	-9678.5183520801	-7724.3439498593	214.6245513159	17031.3676201954	32309.9439884321	30843.0093334293	30637.5239181616	15699.3191473203	4006.6468536151	1743.2294384753	-2348.1174573101	28759.4187442041	60675.5735871946	60271.2754900550	57040.3609029243	29891.6784113984	7440.3028687804	3391.5364073692	-11486.2730537701	
219	-148990.4329392108	-274581.3312887727	-249807.5531655714	-207458.0368480590	-74672.6154946917	21441.5706052939	33037.6266818160	35812.7015191305	-199881.0290255660	-363908.4595264933	-340091.4945848123	-303052.2645637471	-132511.9641122650	-1090.5039762008	22174.2657019458	40995.7516388463	-171137.7084412574	-327757.6377899958	-317023.6447760777	-321987.0574085843	-178807.4864165628	-55075.8152660527	-21860.4162179825	31006.0295521953	-102665.4055045248	-203949.0138342607	-204205.1212066705	-224772.2381993077	-140282.5252362337	-59938.9884231501	-33499.5490904403	17865.0518345085	-39830.3963449731	-82977.7116310118	-85449.3701504141	-101054.6237218998	-68019.2390147336	-34349.6183137071	-21338.7103609059	7958.8993838338	1622.0554569583	1040.2034048030	-1781.7410632914	-8172.7771139118	-10294.2923301995	-9103.4804947317	-7525.0979950115	475.5613148344	17243.3682937212	32535.2229330551	30821.4232969989	30356.1585064115	15392.4787029931	3555.8402984299	1404.6609996562	-2524.0798827625	28243.1970902485	59198.6446461691	58170.3870225361	54137.1654185453	27775.4788628805	5878.6784034040	2171.8110040531	-11890.5025731885	
220	-144861.6321969334	-269891.3367519266	-247599.8268798766	-206973.4051967415	-75854.8464031322	18755.2354402501	30306.8128387615	35802.5098560613	-195207.7085271968	-359273.8000127910	-338488.7592424933	-304133.2459758330	-135582.2379344941	-5665.7969369564	17827.4803618253	40247.2804315762	-174610.3817002830	-336637.7033078712	-327173.3801193960	-332353.7131069727	-185114.7571789460	-58614.2072371051	-24631.6799063459	30299.6388102776	-109289.3994977536	-217060.7273059766	-217293.4273531434	-236543.4518768787	-146051.5844755292	-61462.7054443672	-34242.9771011208	17627.5140141340	-44050.3186426756	-91048.5007494724	-93212.8603373225	-107787.7137665084	-71055.2992223475	-34854.3602763654	-21328.0791972451	7890.7694543042	-32.8274654643	-1902.2823422311	-4320.6631751247	-10396.5663323021	-11199.4961147352	-9142.1063281450	-7379.9965054602	316.9041604710	17413.9382904435	33197.5006255596	31646.5865370779	31342.4785391085	16089.4481764838	4083.3631173654	1746.6030644426	-2524.5500967319	30269.7587818176	63605.7897350265	62706.6104962107	58832.2826959820	30526.5266832150	7138.9117501279	2958.7360648104	-11916.4403240119	
221	-145354.3227947525	-267929.0717135137	-245913.1501672822	-204227.6806288373	-73357.6483135872	20544.5538231085	31052.2746386544	34106.5045208173	-191501.6251239128	-349308.9473540628	-329677.4088581639	-294829.4016952066	-129545.6870223363	-3492.3837338514	18156.8815244068	37637.8635000959	-167286.0827587378	-321861.4007328841	-315005.8023441497	-321337.9819257243	-179255.8521061173	-58455.9218750000	-26114.5273567409	27715.6093400246	-103217.5503475553	-205936.5759135569	-208386.6448010601	-229187.3813365391	-142611.9639953473	-62388.1042536055	-36128.7869799661	15863.5060297551	-40963.5081872362	-85638.9964135249	-88935.5120555129	-104702.3725197461	-69977.8178262503	-35856.0132616638	-22624.0690553850	6987.0427988696	659.9948576202	-877.7549295296	-3626.8295420024	-10062.7288838658	-11291.3962980062	-9607.2341821358	-7794.4289390269	302.8315425940	16846.9499862097	31862.5491434030	30532.3845562724	30291.2589337107	15521.7105177955	3979.8589203201	1827.2686908416	-2232.1286874041	27718.9277878374	58834.3425048766	58516.8142117949	54650.5136433950	28143.8023781258	6487.3879308966	2882.1384555273	-11635.3872443800	
222	-148645.7880012471	-274015.6358103895	-252417.8816852935	-213153.4005210332	-80230.6176551708	16482.7127032569	28224.8365840448	34135.6979356533	-201087.1569255244	-365674.8948919961	-345689.2233117885	-311721.6029015573	-139529.6098156898	-6927.2936372794	16481.0439760409	38211.3783456447	-174290.8093272336	-332135.4090979950	-324089.5246006811	-329601.4780134785	-182752.2512531178	-58230.5154321358	-25290.7048737689	27046.4374440394	-105647.7690555849	-207923.6064130852	-209508.3305303067	-229168.2310943096	-141328.1527054953	-60629.9964914700	-34623.6045983628	14738.4293247554	-41715.9629790627	-85604.6096348171	-88453.0108573564	-103138.7874286502	-68097.7655970197	-34155.6625435693	-21399.9026875080	6446.1624176580	960.3853207342	44.2160878741	-2536.7457549885	-8567.4845198980	-10117.0982778124	-8812.1730841488	-7269.0151183567	104.3179331750	17424.2232818096	32874.8289813971	31451.1201973810	31117.8440647784	15862.2848264822	3972.7403457966	1826.3497997410	-2236.7297552523	30049.6277030970	62547.8201356245	61866.7043311509	57824.4091869324	29653.1167448117	6722.1916300924	2843.8312717847	-11306.7882720565	
223	-140102.3764399863	-257085.0570218566	-237399.4663806680	-198720.8804511624	-72497.5881249600	18590.6688960971	28356.3121582406	32749.6984392987	-191966.6687332118	-348520.8245525151	-331147.4626263111	-298535.4760148855	-132703.7742449316	-6086.8983795408	15284.6110807991	36204.6067608404	-171976.9328872474	-328827.7832505916	-323892.0481540995	-332069.0397100441	-185520.7270761384	-62455.8523049773	-29556.1960759625	24320.8448402325	-106791.4225495251	-211385.7824971220	-215182.7067604407	-237138.7411182527	-147070.9910752830	-65516.6995545136	-38756.2859177139	12563.9340354391	-43757.1649528732	-90317.7851002894	-94119.6084426564	-110034.2330959005	-72622.3436770514	-37317.7079256204	-23712.3283908129	5334.6960090097	-417.8591811365	-2754.5337872138	-5425.5266872122	-11636.7758527996	-11899.2926339857	-9758.9403719781	-7808.2341311717	-56.1021900582	16976.2540551452	32097.0645375656	30945.2398881188	30928.0031377910	15927.5764621706	4363.4599491958	2162.6310907121	-1960.7733625528	28670.5214558951	60305.8581768435	60535.0139861537	57489.1525935741	30168.6949077849	7960.2249126615	4057.2226752366	-10628.0428778140	
224	-149471.8963389774	-273231.5394332390	-251868.8330755148	-214093.9111315634	-81333.3620081463	15958.3674073452	27633.1535349114	32111.3108101896	-200758.0025122314	-362496.7401209549	-342986.3585555769	-311231.6434929809	-139893.6167228271	-7620.2589986649	15506.4972059670	35460.1166268947	-171832.7331718470	-326153.3432733355	-319514.2690585828	-327815.1817390557	-182742.2783740247	-59819.7037395673	-27155.5853898855	24441.7176267907	-102788.0828007083	-202187.9516130644	-205033.7836453137	-226868.1785033336	-140888.7155522512	-62070.0281751647	-36250.9183894538	12936.1289931888	-40155.9094087762	-82725.5987195015	-86262.3612097084	-102035.4079977696	-67948.6758541986	-35036.2237324923	-22321.6066589121	5607.1466807368	1453.2013112769	733.6946679538	-2040.7278445974	-8236.2937651893	-10002.4192888207	-8994.2842858628	-7454.5307533496	67.3078552699	17299.6062412062	32388.0592023216	31086.9097195574	30903.1271564818	15805.4496744292	4032.4228393211	1898.7499160591	-2010.5636252079	28738.6089423046	59822.9965034616	59488.6749998001	56037.2455911039	28927.2894172503	6815.6166658672	3127.8084268675	-10583.5818283928	
225	-144588.3932521505	-264227.9533568368	-242836.6226026877	-207932.3967127143	-79512.2662645498	15922.6065709740	27894.6876918649	33495.0194982732	-190837.7220027101	-344959.0500937340	-326115.6817680353	-300225.8460363904	-138154.0837700259	-10148.3552379125	13605.4243372666	35796.8334512503	-172212.8901013686	-326810.3673743684	-319415.0146037190	-331976.7862484811	-188200.0502446278	-63212.1820838130	-28677.3195850122	24937.4933127079	-110206.5237422854	-215443.7153963610	-216922.0750491654	-240833.2577885169	-150086.4275380132	-65090.9100103527	-37096.9617749105	13756.7033948101	-44843.0470928466	-91135.7785898727	-93840.3393391053	-110489.0417635984	-73210.1405250704	-36690.6303772144	-22713.0445946054	5925.4082226113	-415.6240296831	-2532.4732648216	-5011.6857092607	-11158.3372585700	-11538.4345590704	-9377.7450195063	-7503.6573911966	5.8473144906	17300.9138296639	32553.4102192057	31158.6734199124	31678.1814912302	16700.8399736585	4681.4646388942	2253.1389821566	-2045.9932837283	30417.7744367965	62845.6355096012	62295.9616849738	59908.4946667546	31777.2699349658	8180.5592323005	3798.3987682671	-10889.6486413565	
226	-147770.5480092015	-267409.4909673590	-243382.0457048238	-205991.1272414220	-76807.7678114607	19681.8627046559	31520.3644354375	34375.8660213210	-195543.8086956782	-349904.5495750991	-327433.2656499824	-297738.0748333174	-133907.5895429618	-4115.7614959069	19301.1258713865	37965.6812264166	-169686.2692584420	-319895.3505342239	-310285.0823410319	-321551.1936306840	-181556.4319029403	-58527.9909703569	-24703.2123285207	27252.4870840928	-104324.4460090097	-203960.8580289476	-204682.2869290020	-229052.3365620603	-144083.3604292578	-62756.2074939243	-35485.4295675844	15220.2621264630	-41398.9941741014	-84736.7077787238	-87275.8834410575	-104529.8259974978	-70432.9516080679	-35924.1777748465	-22309.3939966264	6642.9268155219	710.5862572749	-660.2509243493	-3426.6626974610	-9962.6908436461	-11252.0264753613	-9607.7841199795	-7795.1029815010	208.3335501807	17128.0159008058	31803.3444804857	30190.8540987145	30377.3816143435	15748.0272608084	3938.2913259066	1680.6068757595	-2256.6558712666	28827.7870009513	59477.0251752766	58617.7377206447	55570.2047398631	28973.5269300413	6512.1350249424	2609.5643427027	-11539.4760498609	
227	-146439.6598134913	-264716.5591493588	-243020.1236599434	-210180.3852118109	-82615.0899326874	14130.3703592671	26663.9577137695	33067.6063881028	-207123.9381255596	-369581.1046023599	-348152.7809272272	-320613.4206498625	-147525.6342285031	-9470.9178588274	15778.9738184318	37812.8688922998	-180822.1370565122	-337490.2756449460	-327742.0232856069	-338580.8640337203	-189349.1679617549	-60177.4519668154	-25408.4883581958	25133.0127560198	-109137.7387159440	-210446.9342552843	-211296.8969565426	-235468.5768059286	-146520.5846903780	-63459.4343652069	-35938.2624042674	12440.9805327050	-43940.7361087794	-88119.4303410399	-90590.1056506220	-106845.9378057847	-70523.6494567824	-35287.7669550636	-21774.0673126119	5354.6557033848	245.6112256971	-1392.9545859715	-3878.4374990007	-9903.7686318832	-10668.6757892444	-9054.0823840017	-7324.1473222851	-131.4409555673	17634.5335883538	32598.8487165036	31048.5839968662	31248.0183930513	16183.6744991526	4101.8343216376	1780.8423859603	-2058.7759387391	31008.7390007435	63231.4481095309	62337.9617479295	59596.1168347483	31166.0170899687	7493.5784927411	3140.3812845757	-10745.2846975729	
228	-142276.1264999440	-256779.1661820079	-233904.0816705040	-199176.1034201922	-74997.7402858388	18774.9372341871	30223.0390634993	34446.0210052123	-199504.3644444311	-355912.9091919289	-333123.0895039892	-304041.0635022944	-137257.2586908816	-3950.8628575483	19912.3975531226	40010.0625109923	-176106.0233265781	-330452.1097187580	-319627.2053544305	-330906.4318229966	-186021.7732416379	-58390.9930708781	-23751.8616933679	27937.1331442664	-109054.2914528172	-212212.2612800588	-212363.6154477248	-237647.1773181680	-149220.4586920808	-64425.8556955903	-36149.5069021409	14879.7599080248	-44701.2262597132	-90567.5399049069	-92665.7825530826	-109938.8707539892	-73309.1066249360	-36573.4535856757	-22403.8580539300	6443.1396297007	-815.8460843566	-3455.8013818272	-6004.5891682256	-12383.6775310182	-12432.8674383234	-9854.2801587682	-7791.7105557687	138.7488677971	16877.2944587011	31263.6311616622	29584.7585329928	29808.6149380836	15402.2915487497	3728.9472341472	1518.6875379733	-2216.8086676979	28960.1097517348	59843.6097537334	58974.1308688683	56326.0097501359	29627.0520293713	6955.2178446374	2827.9892625592	-11532.1760340720	
229	-150044.0902584580	-269835.7913149143	-246263.6374542322	-211677.9125005996	-81977.9124186573	16634.5982987976	29177.5047766372	34039.9672720405	-205775.5445636272	-365146.5416546751	-341999.4013034824	-313480.3316824955	-142968.0354600361	-6278.1901791139	18429.5291684654	38476.9735396281	-176466.9157293265	-328262.7103149383	-317559.2078166970	-328503.1769864016	-184345.0715386368	-57747.2311732540	-23629.2075049165	26372.7817606405	-106208.2355611649	-204414.7121486473	-204620.9484303051	-228655.2709132771	-143025.6078081031	-61513.1963757515	-34460.7199541523	13830.7050046767	-41939.1819199284	-84203.6137099482	-86500.3836079400	-103064.7551463769	-68887.6187084293	-34671.0065174117	-21397.2328670616	5925.0213349802	1010.4398963130	30.4844279627	-2615.2408554378	-8822.0383989671	-10315.3768137231	-9053.3339578936	-7397.7956358723	-30.4182195734	17565.4790037813	32309.9754472851	30609.2155832294	30725.2766872122	15847.1501223139	3801.8516534360	1560.5426389822	-2189.5298439898	29920.0732614240	60597.5016428434	59451.7215440330	56473.4301871482	29356.5290255660	6487.7155822301	2489.9705027661	-10950.4118210780	
230	-140302.2287679474	-252448.2527220836	-229796.6437278156	-195709.0808181041	-73849.7597821134	18595.6640625000	29970.6535169241	34475.7604876167	-196928.0988204304	-349807.2481433071	-327537.2508434062	-299990.5571517652	-136541.8030976193	-5117.6702761256	18786.3123710908	39313.2418577322	-177401.1041376871	-330714.1513824268	-319963.7668821150	-332157.5938948980	-187505.7902226832	-59537.1536947989	-24566.1653046255	27424.8673443895	-109114.4068655666	-209779.8016346492	-209825.8309879845	-234552.8051171975	-147020.4002012583	-63143.2106776829	-35217.3333653108	14171.6023029787	-44615.7177467063	-89338.5497399830	-91216.6981415084	-108105.3769915979	-71911.3452249616	-35721.0400518035	-21817.6527404707	6072.6859970581	-467.1896814642	-2667.9715919992	-4985.5741118253	-11138.4895783369	-11442.7198862001	-9312.1051030075	-7407.7103429186	-52.3612576746	17148.6689540563	31782.5591723427	30091.8880158369	30428.5435373497	15916.8429235818	4010.6822077258	1698.0048036183	-2213.1636018243	29470.6849817728	60119.0761324028	58990.3017605606	56669.7064296735	30015.5984317041	7241.1742813060	2996.4846038389	-10790.5105975393	
231	-148345.0906951506	-266938.1338427747	-242441.7746876199	-206165.6116883714	-77700.0565651781	19338.6756443464	31402.8892000032	34553.4332210124	-202165.1618880308	-359396.1166468806	-335072.7398261624	-304985.4655352632	-137194.8184458141	-3043.9890916795	21027.0113999744	39570.6951696006	-172851.6746210668	-323286.3547762375	-311831.4709534488	-322471.4480245907	-181297.4731938715	-56135.3848120923	-22274.8482238504	28534.6330953009	-102734.6167897800	-199625.8557595453	-199465.5536422359	-223697.9572431009	-140981.9137067504	-60673.3199787350	-33868.4743850329	15551.4648717303	-40175.2236665388	-81822.0469149719	-84001.8481958701	-100965.8365260856	-68280.1862798590	-34587.8748191273	-21358.1801591679	6759.1585843566	1368.3992649175	539.4342392955	-2180.8254688699	-8555.8002806025	-10358.3359175141	-9147.1558123081	-7507.8061005052	206.0223952338	17196.0234355014	31697.8481289172	29963.2610662094	30033.2817946166	15489.5512409264	3646.4250417706	1427.0169470693	-2294.1518001327	28263.9848176883	57878.0762293345	56737.2029591168	53851.4226884273	28104.8271187084	6107.1376530922	2307.0756507419	-11197.8937288149	
232	-144584.7515778892	-266256.9780094813	-243225.3123481069	-207849.9170324092	-79505.0687176228	16134.7471859811	28901.2474987609	35238.7975655139	-205556.7327231629	-373121.3974302092	-349571.7716457614	-318632.4824063859	-144517.2068383858	-6659.5122793553	19074.1597195574	41858.8226248721	-180324.2761246083	-342122.5704084325	-329949.2933334932	-338217.4850195462	-188929.6535459037	-57943.1180888654	-22482.7362177027	30735.9306897944	-108857.2487748625	-213155.0977481853	-212219.8759813092	-234648.3267349786	-146406.3034313843	-61652.7464255164	-33746.3107232508	16913.0865130948	-43781.4630140381	-89103.4596434110	-90763.8774962426	-106343.9835405874	-70626.7518437020	-34470.4049579096	-20806.2864123657	7608.9418159616	286.3251580887	-1284.5957925620	-3676.3788742725	-9573.4722055673	-10611.8770525550	-8785.3397578105	-7109.7042362177	351.3299926851	17576.9811122969	33053.3602204048	31279.0685317536	31298.0133146265	16175.0787005948	3950.5887844957	1567.7233647512	-2459.9789448228	30529.8168359475	63141.3970604694	61863.5659525694	58731.8068589713	30654.2017219877	7062.4919326794	2647.3034543681	-11852.2123924757	
233	-142353.6346811845	-260183.4812172231	-238834.8547792354	-202135.2187759817	-75378.8787073900	17874.6773841216	28846.4009847068	32677.6037119868	-198939.1928232524	-359476.4575458877	-339114.5479342543	-307449.0126590880	-137393.9272632067	-5463.8911586243	17690.8139939483	37531.9064738424	-173077.5056730062	-329795.9217860626	-322304.4690997538	-331535.1909805497	-185192.1926473762	-60279.6818199987	-26535.2962744228	26061.8184777916	-103700.9058522800	-205483.2231938715	-208436.0373786854	-232220.3545473986	-145386.1089992645	-64770.2363825867	-37609.9185283560	13577.5938978959	-41506.1177960716	-86306.5988514086	-89691.8994427923	-106337.4943899495	-70963.1108839377	-36595.5664212394	-23045.5767409744	5960.4141454416	385.7533036742	-1522.2836183327	-4239.0229058743	-10569.8867327402	-11376.3151871083	-9636.8268808759	-7755.2567642380	121.0928216536	16734.0590744116	31479.5572596892	30066.9239555353	30065.5320004717	15438.4029823005	3916.2706164860	1781.5842087171	-2017.5880410191	27442.0585297950	58053.8833641117	57781.0657427171	54800.8178022672	28592.5285598938	7029.8210379893	3215.7681052539	-10856.6217732716	
234	-148857.0549722995	-270008.0394422327	-250580.0606243205	-218571.1482416379	-87504.4899750576	10933.5190026222	23462.5285159248	30084.0884137567	-204048.6438297439	-365479.5670827737	-347852.8149003102	-322139.6812274159	-149080.5906611745	-13383.6727733675	11040.5690943576	32785.8772264326	-175158.9038676771	-329250.3959432559	-323892.3480599658	-336016.0903134194	-188010.4180117197	-63428.9539494196	-29792.5953258906	20346.2607614240	-104644.5139881523	-203735.2633675892	-207447.7101060853	-231372.3263172726	-143266.5479032761	-64249.0889823564	-37814.4451885872	9497.4423755676	-41080.8024360850	-83543.7440651781	-87421.4297484571	-103616.3070698228	-68332.7354042754	-35502.0769218470	-22602.8243226768	3929.2694712922	1301.7336525086	456.1542384162	-2225.0670667850	-8103.4556472244	-9530.7270211771	-8711.0508232205	-7190.2028941625	-240.3340108564	17359.7382212922	32253.8392621594	31108.1537477616	31412.2656140077	16286.2740300828	4439.5010562564	2202.7426751567	-1635.3752218438	29422.9820206575	60562.8183858564	60504.0884587251	57902.6977677715	30162.1599673830	7660.6360192425	3699.0965120555	-9579.7696881395	
235	-140536.9911182527	-253310.6848988312	-233603.0624700211	-201704.8939376679	-78037.3457425972	15183.1285864751	26235.8198638159	31281.2759887040	-196014.6912743429	-349275.5763152741	-331368.9321147912	-306876.2572189179	-141338.3265161327	-10187.2726100825	13259.3979648328	34339.5806552187	-175032.5055101209	-327888.4371192681	-322066.9528322062	-336944.6040067792	-190513.3150731885	-64936.8061694567	-30372.3276023679	21355.2357230510	-108624.2807473539	-210533.8988242277	-213833.1735768019	-240399.7137745027	-150298.7726190762	-67609.1075882579	-39654.2757188939	9928.9764715640	-44521.1254786630	-89740.9489359491	-93265.3877310374	-111025.4271173094	-73540.7961475122	-38000.5355889454	-23944.3626666827	3995.6873630964	-735.9510094893	-3151.9942900198	-5754.5154251407	-11896.1735218406	-11837.4796693128	-9680.1546441305	-7712.0112240982	-274.2312112273	16957.6165129749	31436.1590230478	30225.7419306808	30928.3395419625	16232.4627232428	4575.0656937516	2284.5091135840	-1659.2898189674	29056.8344295616	59745.1210427859	59832.0206424677	58007.6021620779	30899.2601728383	8315.8919120939	4197.5960184030	-9877.7745806952	
236	-146192.9843010521	-262845.1055207134	-241101.9008647912	-209837.3658354518	-82925.6889219989	14063.6988370187	26573.1863028428	31340.4125565602	-209855.3534491718	-372298.8914474210	-350200.1956082918	-323530.1716801372	-148409.3773043777	-8117.9257842479	17114.4890926788	36848.9044672551	-177499.0926987401	-330311.8606481038	-320931.9171553227	-333893.8850559206	-187244.6312725841	-59367.3770645466	-25022.8939496594	23973.7644488280	-103366.7906134082	-200058.1540935182	-202029.2949183775	-229141.8467728719	-144722.1612175029	-64564.4833327338	-37258.6506799213	11314.6015425141	-40756.5442598411	-82490.3017975345	-85582.6009839073	-103224.2570780171	-69403.1987920504	-35798.8942594414	-22490.5878991190	4892.2701698005	1047.7448606181	-112.4214862737	-2866.2417558039	-9158.8954775838	-10522.6164730030	-9264.4969801260	-7560.1090022624	-58.0727198053	17145.6282437164	31473.3229856181	29952.4146271025	30246.4794944359	15640.9627732077	3841.6944970741	1649.4907635025	-1886.9353075435	29015.2146149111	59349.8617783081	58688.3562082294	56237.6783344525	29371.6022490167	6886.4669332790	2871.0881679298	-10500.1611625416	
237	-139188.1773431504	-250584.7240852440	-229665.3440917594	-199533.8861171735	-78479.6987820574	14529.0352771649	26426.7935403476	32586.4755831894	-208937.7195114639	-370787.8530154771	-348823.9399332870	-322843.6370255340	-148771.4965894011	-8326.1319441113	17209.7244979534	39129.0247365854	-184478.0400298190	-341951.0349364048	-331523.5539100473	-344694.9749546319	-193139.7517537654	-60667.3509879045	-24924.8282049437	24817.4773809238	-110301.7223594589	-211565.2256551388	-212702.2795082262	-240784.3472935054	-151675.4794114943	-67077.5787445638	-38232.5846114336	10691.1224108228	-45358.0693641676	-90207.6514953473	-92744.0078674613	-110518.7554221828	-73398.0140481101	-37003.0312959676	-22794.2516628294	4481.7796571214	-660.1687501999	-3025.6786052619	-5531.4117621195	-11836.5591603511	-11913.5488366190	-9706.9561848459	-7716.9021958541	-390.3162393675	17253.8713955375	31719.3869325994	30112.4868552539	30468.8057477536	15767.5095023104	3892.1178700195	1593.7560177635	-1991.9755342239	30130.6009549277	61191.3250111921	60482.1427694903	58635.6327415499	31138.2325762663	7973.1583335332	3512.6825025182	-10231.0594071773	
238	-142615.7091647480	-255195.7972847116	-233339.2596182288	-201202.4613112369	-77549.9985939898	16906.5957845677	28290.5444257243	31998.5860094493	-207549.3589512983	-366534.6044284824	-344149.3304323756	-316222.8575312980	-143178.7334196726	-4835.6277110914	19273.8683646713	37804.9733667498	-177822.5054321757	-329714.7930966599	-320370.5785507003	-333259.1330043649	-186344.4680125192	-58642.8362722643	-24463.8937498001	24099.0842696741	-103535.9105509721	-199951.4665415547	-202253.4967332997	-230380.4464976656	-145784.0898217655	-65683.6019322397	-38112.6823736090	10663.6172444599	-41338.9605317856	-83419.6932219717	-86659.3634761128	-104846.9404809015	-70501.8536280459	-36624.3493610498	-23058.4643620891	4479.6607858068	538.3813825067	-1003.7920823740	-3831.4438735130	-10252.1343184398	-11209.7327751263	-9663.9994843630	-7818.0760264774	-212.4734656802	16895.7804965304	30872.6429453665	29305.7885568560	29674.6413594829	15280.7291476800	3705.0754658720	1582.2507904435	-1827.5127989895	27679.3349851704	56662.5569928770	56250.8371006811	54006.0534243892	28329.1786222499	6738.6951715992	2966.8588123961	-10217.8343885904	
239	-146425.6638086787	-264315.7031619740	-241933.3323730094	-210694.7015670968	-83329.0038922598	14367.6497165995	27274.3145795360	33626.2162167834	-208795.8267639582	-371316.9673579800	-348508.9438695158	-322540.3903531914	-148553.1806138479	-8223.0553260505	17525.6523867198	39115.9711063411	-179626.8328826506	-333867.9466295728	-323071.4007238904	-335547.0378353639	-188041.1505440170	-58447.1074243732	-23616.7317628390	25880.6896474882	-106191.1681875959	-204124.2926619660	-204599.7680872666	-230265.4201252318	-144404.0026681217	-62499.5483419673	-35125.4071623577	12400.7085271969	-41877.8214526973	-83800.4891786183	-86206.0022214361	-102910.5026491350	-68623.8547552523	-34433.8423739687	-21229.6549748977	5294.6020131827	926.7186920408	-79.8268538949	-2619.6181368317	-8574.5502096524	-9956.7262197413	-8760.6647260329	-7197.3104924133	-188.9840072589	17470.1707188140	32126.0845454800	30491.2659227904	30797.9472221556	15940.5823740087	3850.5816375272	1562.0536492309	-2130.1701422199	29792.9015553051	60556.2767711531	59503.7838561653	57104.3690182112	29891.0375475665	6927.6520349674	2753.5133625927	-10551.9500811429	
240	-140652.2415049805	-253992.8819441113	-231102.1412135856	-196646.4394576218	-73435.4969491478	19503.3670206175	30797.8331874360	34780.1163780698	-199072.2624892076	-355084.4648727296	-331911.2917536055	-303111.6158424469	-136385.5566071486	-2995.2160279163	20842.6855783528	40745.0775074348	-175380.5978171367	-328621.9347879093	-317668.6858451650	-329676.3389673670	-185687.5452711291	-57880.5168631284	-23241.4664316321	28515.9912701458	-106213.4874208557	-206375.0357818096	-206540.4540703345	-232292.7239653284	-146636.8610288357	-63360.4287411662	-35523.8944353175	14872.9017161918	-42998.8246274623	-87116.1185725249	-89279.8809568064	-106712.1957971588	-71731.8301715592	-35974.1156385904	-22054.8363492102	6365.2385160847	-173.4332409983	-2218.5516586323	-4777.4308037142	-11138.7357090608	-11764.4258292162	-9619.4145741398	-7687.7942668361	20.7415309622	16857.3014827561	31170.6893387055	29485.9393257147	29768.9139405858	15426.5261425956	3746.2780452561	1474.2828188955	-2294.2336365199	28055.5240890413	57871.7011004253	57047.4419498673	54712.7211153348	28899.1530902245	6813.8184737944	2808.7977833605	-11185.6467646777	
241	-149477.6761469925	-268971.2214161230	-243741.3864349498	-207325.1340925988	-78424.2245569119	19073.7212802187	31507.8948919960	35585.9483123881	-210228.3921299405	-373095.0526699204	-346753.2009765125	-314115.0417855830	-140359.5154081527	-1633.5340770098	23207.3751998593	42232.3075604774	-178491.0145437612	-332103.4699521537	-318448.0795220165	-326008.5501377031	-180814.7221076362	-52963.8307101800	-19097.4018411039	30295.8794168905	-103813.4834566465	-200362.4551495747	-199055.2467133138	-221643.5839139246	-138521.3169958349	-58367.2694313204	-31909.3921379349	16022.4523985114	-40315.4362378885	-81345.4647518147	-83059.3286246482	-98853.9329971700	-66241.8142887407	-32888.3591001935	-20119.4745189387	6999.5143858723	1648.3067500480	1158.0358037941	-1490.8118064882	-7605.4105030059	-9651.3496188683	-8688.6643592911	-7210.1792248257	163.4886140157	17541.0130628038	32264.8866178211	30327.0719643371	30176.2336635009	15380.9949875288	3359.9995443208	1183.6970093054	-2440.9293967047	28654.6418891101	58217.4419928370	56688.1533120683	53369.1766756204	27485.4122577705	5493.6736467527	1750.6275631955	-11315.0849701810	
242	-141482.6458053530	-252983.5249864096	-230948.5514407857	-197196.2879352935	-75393.6802151286	17233.6189362689	28459.3449941241	33722.8926315874	-204395.1903300077	-360838.6127076538	-338555.7749374440	-309514.5232416379	-140783.2697261128	-5962.0562404068	18123.6659121978	39154.1700632755	-182195.7095494772	-336621.7093376263	-326081.6850367342	-335785.8639657681	-187225.6200744676	-58822.0584728351	-24265.4458591152	25869.0844985130	-110417.5899087043	-210678.9724633858	-210984.4249338466	-234311.5448294401	-145401.8346534040	-62868.2267553642	-35387.7193725617	12369.9889837554	-45058.3312557959	-89165.0709960188	-91347.3602573788	-107261.8735999856	-70509.9675458477	-35260.7177686908	-21639.7146688731	5132.6836786902	-451.0080183551	-2478.5981758842	-4909.0506943112	-10741.0924059462	-10987.4189400662	-9087.8981247202	-7304.0357388399	-232.2875515637	17289.4299623065	31671.4472691225	30039.8230605654	30240.1783064722	15617.5795120235	3914.4746688331	1663.9250007994	-2085.3174525134	29457.2779033560	59324.3790491494	58466.6866735818	56047.4478986793	29671.0517965352	7403.8403533912	3283.2942258650	-10174.5865001039	
243	-144665.9797422614	-258028.4967962554	-236542.9717109155	-203094.7918005724	-78247.5412389678	16399.0897708014	27561.2953220932	31339.1686632611	-210384.5900825819	-370620.2490936381	-348720.7427570990	-318396.9427752862	-143358.6071785463	-5061.5431106501	18575.3196389742	37022.4425914156	-178782.3730813507	-330764.0352321966	-322071.1513794289	-331830.2430219126	-183834.4149408816	-57699.8914384273	-24444.8388694359	23546.6144884002	-102421.8314446630	-197498.9488789892	-200178.7380104407	-225484.8630773935	-141258.9277208845	-63674.3246114735	-37214.1358663501	10379.3669956351	-40280.2527450675	-81359.9240015029	-84834.8402264806	-101612.0043289524	-67801.6085815586	-35473.3060945095	-22515.2891104662	4329.9365946374	1325.6294858420	320.4541752606	-2511.7747076058	-8673.2721074364	-10119.0813407361	-9217.2137954880	-7561.1253687404	-247.4520127830	17080.1892487689	31112.1899312884	29672.1230373817	29787.7321675540	15247.0284539684	3718.6407039444	1648.9127034568	-1778.0045677843	27558.6212446438	56111.7590866030	55835.9986139758	53350.1793047694	27939.1412345709	6843.3121772272	3173.9970250943	-9762.4516270546	
244	-144688.2546287414	-260503.5540669369	-237848.3357796112	-203875.5578132994	-78489.9370143419	16599.9127244420	28665.7459408576	34620.4151307480	-213079.5587706255	-378194.2918815154	-354049.3690202098	-322779.0172928259	-145850.2266284536	-4615.3106982684	20555.0978591072	41870.7237564754	-185357.8845852520	-343863.3948410319	-331307.7720784568	-339092.7428840097	-187486.2588097979	-55481.7601268707	-20858.0514108068	28571.0010432655	-108828.4862586739	-208967.1767685549	-208425.6585823580	-231932.2704965704	-144443.1661580247	-61394.2846046383	-34048.5473356757	13812.2187609923	-43600.4942810262	-87034.8634331431	-88868.6502851992	-104561.9955511320	-69094.8921079560	-34007.5693871514	-20719.7780092815	6005.6793217575	424.5343078473	-1003.5820492373	-3446.7111153748	-9370.1803160575	-10389.7367723123	-8837.4676497746	-7187.0798188076	-106.6737956479	17648.3188095581	32357.8277892364	30575.9030492533	30562.1844861218	15646.1052658928	3619.3675202657	1378.6181188443	-2259.7595892492	29956.0000959325	60617.5617855030	59405.1341325707	56439.6637767012	29398.4081816401	6588.6506959101	2510.7871158704	-10800.9391258554	
245	-139603.2771728703	-251037.6285395082	-229654.0575135105	-194265.4071233851	-72317.2565913597	19108.7610941897	29224.2991563939	33106.9951903860	-206607.0981848778	-366636.4766664268	-344743.5522312292	-311808.0038412957	-138448.6932659408	-2255.0733833381	20536.1155566481	39777.6054367725	-180677.0387067504	-337026.5844755292	-327568.8128237721	-335583.7619525854	-185487.5334794305	-57082.1245683039	-23627.4247639662	26112.1102853591	-106615.6789110466	-206822.1599573900	-209173.5395771377	-234364.5875833413	-146881.4514941481	-65413.1836447141	-38006.7338443736	11727.3709038837	-43325.8590852040	-87836.8007352824	-90861.2014661678	-107764.6243094861	-71594.7494663757	-36634.2005148376	-23047.1915221684	4994.6776649239	-287.4342662765	-2590.0726338658	-5247.7918545344	-11652.6897014502	-11968.8028148184	-9938.3844793266	-7908.9186472723	-231.8327117709	16767.1551377830	31013.9877935933	29439.8203804522	29361.4934865854	14926.8608589553	3455.8358525598	1485.1252238424	-1994.2160918713	27632.3837268563	57276.8847171591	56773.1641804170	54112.3000477664	28311.2491985642	6907.1726474562	3121.5770977232	-10378.6809496115	
246	-143372.5872036087	-258032.9756681296	-239705.0468470197	-208073.3588263862	-82281.2897600089	11692.3473334772	22673.0893371067	28825.0763152740	-218612.8935149655	-387655.0916274943	-369026.7460337922	-338012.0244607796	-152886.2155772336	-9921.0033026749	13826.8406631731	34667.3985873945	-187244.9972619276	-346509.7792653972	-340064.1330733164	-347295.4078768547	-189116.3761401973	-59583.3885834373	-26757.3196529643	20100.2900917754	-105214.6409807496	-202669.3843793969	-207533.4854962107	-233164.6651697205	-144718.2148357556	-67030.3266220581	-40505.4190779691	6484.8551499744	-41792.6796665148	-83788.0274746578	-88154.3551669625	-104446.5977281994	-68575.3750849402	-36265.7345558727	-23463.0605973395	2621.1443044097	899.6707467943	-327.4244631779	-3175.1905998177	-9307.7406925524	-10367.0120655059	-9396.2971138319	-7702.3769686141	-579.0603445175	17389.6232922023	31818.5708701074	30599.7203298878	30384.1063501295	15241.8769556232	3679.1310297551	1726.0817224674	-1546.8916242965	28903.5901075643	58867.7962264566	58999.4331260792	56219.8085817584	29037.2200680721	7478.5822610882	3766.3359844669	-8914.0293063683	
247	-133621.2884988968	-238080.6215254461	-222329.4849825723	-194908.4767843438	-77346.6727663725	10903.5842506875	20585.0591023919	26525.0396620779	-209683.4053396409	-368730.5588615615	-353710.5319555033	-328355.9855201938	-150014.7670030299	-12502.6454116302	10116.8458255388	31142.7227421895	-188111.2643828744	-345557.1351898264	-342153.9860618125	-354311.7388438539	-194003.2427531018	-65244.4363717943	-31717.0000019986	14961.1912453633	-110404.7938601225	-210994.5137013542	-218037.3384127574	-247950.2452433487	-153947.7404757051	-74480.3990680561	-46158.3307611442	1479.8171797055	-45745.3531214025	-90538.3346943752	-95691.3508190234	-113722.4808924517	-73914.7165465512	-40043.8792739911	-26091.7241332102	124.4698782057	-1392.4082755740	-4361.2176038069	-7194.6027266804	-13583.2102289988	-12667.8357726161	-10623.3248243237	-8377.8941125448	-1196.0859434958	16803.6990928386	30626.0048455887	29650.1066709037	30041.8159895434	15272.4444980734	4148.4484822685	2163.9670871706	-1104.1582955599	28919.8253259705	58450.7860995859	59368.5090596220	58041.2943567728	30738.3177922742	9313.5631695287	5288.1032093406	-7681.9370223363	
248	-141435.0566311317	-247378.2044930369	-228532.6716931280	-202699.9303680209	-82422.0024572701	11127.9372551724	22224.3377322365	27008.1654755052	-217680.6806368317	-375473.1455815106	-355731.0540239671	-332397.8014178019	-152920.4566305321	-10114.9289580136	13947.4628081830	32205.4597853111	-187572.6284555673	-338156.3619142124	-330833.3398837218	-344613.2936852456	-188926.5080033656	-60197.4349058263	-26615.8098628565	16529.0819273232	-103905.2880522112	-195960.3567798270	-201192.9483693480	-232702.9944239256	-146087.5634653204	-70515.5549213354	-42848.4465266452	2398.3544824444	-41229.2456300764	-80958.6342734715	-85508.4777056952	-104170.8298437900	-68863.0331956303	-37731.7638622410	-24429.6961648999	595.1619519858	922.2299671032	-297.1492669161	-3332.7295454000	-9743.3664809974	-10616.8034843470	-9924.7861995155	-8043.7534725553	-1047.9597103639	17189.6407688987	30608.8630534104	29312.2237524783	29695.2954180257	15045.1757252894	3621.6118822349	1683.9506707278	-1257.8650510041	28014.4287261768	55503.5660754829	55604.1458423270	54154.8049143403	28360.1805588865	7565.0048615774	3850.9532778924	-7910.3860252382	
249	-142815.0616905698	-250988.6473022992	-230312.6029944919	-203691.2767631587	-82721.2100301388	12905.3531923526	24900.0428658225	31353.2451634050	-210451.7488528076	-364664.3098638558	-343505.9804637535	-322695.9491318112	-151065.3543455407	-10243.2036166539	14873.1994525854	35998.7396372953	-185723.4369663757	-335505.5298599786	-326099.4537425652	-342675.5259177539	-192150.5414468214	-61384.3708419273	-26303.5938879029	20219.9417470101	-111085.5133945702	-207212.9069485083	-209031.5670278124	-238530.6145093854	-149331.2263986154	-66993.2891794177	-38681.5844725313	6697.9564406658	-45170.0209952194	-87205.8816213386	-90139.2508444055	-108293.1744122138	-71400.0019556232	-36646.4252945926	-22821.0446945350	2329.7878203745	-446.2830297471	-2422.6520099850	-4932.3641016724	-11014.4519298414	-11080.4946447701	-9426.6621688331	-7533.8151631252	-892.7098492661	17344.5207403988	31134.4708315346	29627.0757077018	30385.3872173990	15841.0082981581	4033.7804165867	1767.1226716392	-1657.0594861218	29978.2299111426	58997.4539973858	58354.2324503550	57141.1921617182	30394.0471957742	7848.4086882834	3597.2723332774	-8848.1364459421	
250	-143524.4225425301	-251967.8893878709	-231336.1078360834	-203176.5866050301	-80519.7749594286	15104.7394844030	26230.4547518547	30323.1927952721	-203775.7491905698	-353349.7157051436	-333389.3712136656	-312336.4215612209	-144519.9485512199	-8366.3011439946	15133.5698788053	33693.9383903732	-176765.5134994964	-322132.0135654499	-315153.5201398216	-333546.5807331639	-188413.7394034600	-62509.2648905171	-28447.9708934910	18832.3722349466	-105741.0174926851	-200327.5539610114	-203715.4853333253	-234067.2592035207	-147622.2409403780	-67574.2345898487	-39903.8897366254	6847.3155298670	-42563.4609295056	-84018.2898269618	-87755.1178330455	-106977.6145333685	-71533.2148557416	-37748.7183712666	-23985.8995087458	2383.8174095437	159.3933640717	-1677.2994511864	-4489.8052600969	-10912.3973662542	-11402.8851098826	-9904.2265585028	-7940.1680387008	-706.6193719621	16863.7188019634	30288.3699695414	28941.1300824220	29705.2699999201	15430.3180211131	3944.7810541379	1829.5186558663	-1530.2297102840	27832.2614679266	55834.3860851960	55756.1425856197	54412.3173685725	28875.2389507787	7334.0716845341	3577.3099567904	-9081.8453938427	
251	-148850.5514577737	-264566.8091763399	-243316.9868942265	-216102.8037951282	-88342.6315813667	11500.4863606021	24687.5328178962	31124.0266242565	-210273.8162673478	-368630.3614675269	-347733.9276499344	-327507.6136439946	-153957.9274960428	-12324.6109169145	13634.7431877958	34743.8210299949	-180768.4607456351	-331800.1603800924	-323092.9989077689	-340721.0235464233	-192551.8917502078	-62765.1953164972	-27541.3735230398	20494.0484518899	-107614.2114141644	-204532.7247997410	-206360.8188615215	-234953.7327881172	-147433.6155686397	-65404.4168445414	-37635.2683121083	8479.8202895162	-42825.9615021025	-84662.8670755788	-87654.1472783161	-105784.2624352456	-70386.6189992245	-36041.4568523759	-22539.3523779259	3272.4048889582	685.2736333621	-527.8606141277	-3136.6666496786	-9156.6076841903	-10178.6726824316	-8988.3157037446	-7315.3308121083	-514.5282541091	17563.7448136512	31917.3194291219	30419.7802586979	31198.9639553754	16309.5102617757	4182.1308428866	1888.2316968854	-1689.3705821102	30139.8440627798	60331.3714245171	59665.1673371946	58138.0929185853	30711.5530526509	7603.3488753917	3353.7747525742	-9444.2525492054	
252	-139070.7348566609	-248797.6004402900	-230352.0144917978	-203335.2616837746	-81463.7508094302	12058.0789973858	23420.5787875336	29024.3129217031	-202867.0120505164	-358755.7229270593	-341395.1375551611	-321354.8831012967	-150318.1394967943	-13277.4011455935	11148.5412609523	32500.6746480478	-179839.7300820223	-334060.9075440890	-328916.5456378710	-347972.7270971236	-197247.8318663661	-67650.9113434142	-32249.0608551580	18030.6000775454	-109458.1418061685	-210979.7741839745	-215484.7241511976	-246449.4247120027	-155366.3245155411	-71583.8719021809	-42735.7138714345	6437.3973892380	-45225.7936952385	-90617.2957697781	-94744.8064812372	-114084.8017565634	-75767.7000941337	-39594.5484438955	-25165.4105669609	2399.2437933695	-942.0608151861	-3685.0233815394	-6407.2794822445	-12782.8522110434	-12422.4160161246	-10152.5742067584	-8023.6875609571	-605.7632196933	16884.7263006843	30984.6638836259	29842.5253211739	30802.4451745971	16183.4198704112	4537.7310643307	2257.7898329576	-1378.1208159456	28915.7682511512	59247.9052527021	59781.7163137151	59136.0052063347	31937.8417154323	9270.9593036502	4936.5858705471	-8897.6629952513	
253	-147261.1474272113	-262899.7251714793	-243045.7569720917	-215849.2130580072	-88016.1752496243	10375.3478860882	23089.7446557623	28472.5173997506	-213670.4868622490	-376396.9680175157	-356865.3583507211	-335399.8508899735	-156652.1700003198	-13551.6466477600	12236.2583890941	32428.5585387887	-181352.7875805433	-334931.3086597036	-328252.5005046447	-345391.5052972707	-194194.7955369420	-64479.0420224162	-29540.9915279643	18592.5332575867	-105127.3963419753	-202018.0331556584	-205984.5502806024	-235791.4435327529	-148577.1852915547	-68199.4966483595	-40483.2935373497	6990.8960931504	-41616.5401747170	-83495.6656923526	-87512.3724368045	-106102.9567664364	-70876.2845266932	-37298.9024816529	-23839.4136657793	2836.3129506827	999.3826915851	-227.9400881779	-3088.1991657873	-9351.7255522112	-10517.5812937692	-9413.9364437436	-7677.7996330583	-428.4759609235	17364.3024810533	31603.4758430065	30315.1914132451	31031.7315439930	16174.0028190154	4263.3604692297	2057.7997020098	-1396.0816115455	28994.4659070015	58787.1374382435	58846.1819169305	57531.9573550221	30551.4937683871	8156.0808510808	4045.5965430337	-8896.0532964793	
Total: 16267.44 MB, Rate: 467.91 MB/s, Elapsed time: 0:00:34  