SEG	idx	CPU	GPU
0	0	-146229.0000000000	-146229.0000000000	0	16	1	17
0	1	230141.0000000000	230141.0000000000	0	16	3	19
0	2	199291.0000000000	199291.0000000000	0	16	5	21
0	3	636744.0000000000	636744.0000000000	0	16	7	23
0	4	544811.0000000000	544811.0000000000	0	16	9	25
0	5	-472005.0000000000	-472005.0000000000	0	16	11	27
0	6	-29616.0000000000	-29616.0000000000	0	16	13	29
0	7	254204.0000000000	254204.0000000000	0	16	15	31
0	8	176328.0000000000	176328.0000000000	2	18	1	17
0	9	-277512.0000000000	-277512.0000000000	2	18	3	19
0	10	-240312.0000000000	-240312.0000000000	2	18	5	21
0	11	-767808.0000000000	-767808.0000000000	2	18	7	23
0	12	-656952.0000000000	-656952.0000000000	2	18	9	25
0	13	569160.0000000000	569160.0000000000	2	18	11	27
0	14	35712.0000000000	35712.0000000000	2	18	13	29
0	15	-306528.0000000000	-306528.0000000000	2	18	15	31
0	16	180120.0000000000	180120.0000000000	4	20	1	17
0	17	-283480.0000000000	-283480.0000000000	4	20	3	19
0	18	-245480.0000000000	-245480.0000000000	4	20	5	21
0	19	-784320.0000000000	-784320.0000000000	4	20	7	23
0	20	-671080.0000000000	-671080.0000000000	4	20	9	25
0	21	581400.0000000000	581400.0000000000	4	20	11	27
0	22	36480.0000000000	36480.0000000000	4	20	13	29
0	23	-313120.0000000000	-313120.0000000000	4	20	15	31
0	24	153813.0000000000	153813.0000000000	6	22	1	17
0	25	-242077.0000000000	-242077.0000000000	6	22	3	19
0	26	-209627.0000000000	-209627.0000000000	6	22	5	21
0	27	-669768.0000000000	-669768.0000000000	6	22	7	23
0	28	-573067.0000000000	-573067.0000000000	6	22	9	25
0	29	496485.0000000000	496485.0000000000	6	22	11	27
0	30	31152.0000000000	31152.0000000000	6	22	13	29
0	31	-267388.0000000000	-267388.0000000000	6	22	15	31
0	32	94326.0000000000	94326.0000000000	8	24	1	17
0	33	-148454.0000000000	-148454.0000000000	8	24	3	19
0	34	-128554.0000000000	-128554.0000000000	8	24	5	21
0	35	-410736.0000000000	-410736.0000000000	8	24	7	23
0	36	-351434.0000000000	-351434.0000000000	8	24	9	25
0	37	304470.0000000000	304470.0000000000	8	24	11	27
0	38	19104.0000000000	19104.0000000000	8	24	13	29
0	39	-163976.0000000000	-163976.0000000000	8	24	15	31
0	40	-158079.0000000000	-158079.0000000000	10	26	1	17
0	41	248791.0000000000	248791.0000000000	10	26	3	19
0	42	215441.0000000000	215441.0000000000	10	26	5	21
0	43	688344.0000000000	688344.0000000000	10	26	7	23
0	44	588961.0000000000	588961.0000000000	10	26	9	25
0	45	-510255.0000000000	-510255.0000000000	10	26	11	27
0	46	-32016.0000000000	-32016.0000000000	10	26	13	29
0	47	274804.0000000000	274804.0000000000	10	26	15	31
0	48	-145044.0000000000	-145044.0000000000	12	28	1	17
0	49	228276.0000000000	228276.0000000000	12	28	3	19
0	50	197676.0000000000	197676.0000000000	12	28	5	21
0	51	631584.0000000000	631584.0000000000	12	28	7	23
0	52	540396.0000000000	540396.0000000000	12	28	9	25
0	53	-468180.0000000000	-468180.0000000000	12	28	11	27
0	54	-29376.0000000000	-29376.0000000000	12	28	13	29
0	55	252144.0000000000	252144.0000000000	12	28	15	31
0	56	-248376.0000000000	-248376.0000000000	14	30	1	17
0	57	390904.0000000000	390904.0000000000	14	30	3	19
0	58	338504.0000000000	338504.0000000000	14	30	5	21
0	59	1081536.0000000000	1081536.0000000000	14	30	7	23
0	60	925384.0000000000	925384.0000000000	14	30	9	25
0	61	-801720.0000000000	-801720.0000000000	14	30	11	27
0	62	-50304.0000000000	-50304.0000000000	14	30	13	29
0	63	431776.0000000000	431776.0000000000	14	30	15	31
1	0	-5859.0000000000	-5859.0000000000	32	48	33	49
1	1	52514.0000000000	52514.0000000000	32	48	35	51
1	2	-188139.0000000000	-188139.0000000000	32	48	37	53
1	3	-117397.0000000000	-117397.0000000000	32	48	39	55
1	4	68138.0000000000	68138.0000000000	32	48	41	57
1	5	61845.0000000000	61845.0000000000	32	48	43	59
1	6	277543.0000000000	277543.0000000000	32	48	45	61
1	7	60977.0000000000	60977.0000000000	32	48	47	63
1	8	7074.0000000000	7074.0000000000	34	50	33	49
1	9	-63404.0000000000	-63404.0000000000	34	50	35	51
1	10	227154.0000000000	227154.0000000000	34	50	37	53
1	11	141742.0000000000	141742.0000000000	34	50	39	55
1	12	-82268.0000000000	-82268.0000000000	34	50	41	57
1	13	-74670.0000000000	-74670.0000000000	34	50	43	59
1	14	-335098.0000000000	-335098.0000000000	34	50	45	61
1	15	-73622.0000000000	-73622.0000000000	34	50	47	63
1	16	-2268.0000000000	-2268.0000000000	36	52	33	49
1	17	20328.0000000000	20328.0000000000	36	52	35	51
1	18	-72828.0000000000	-72828.0000000000	36	52	37	53
1	19	-45444.0000000000	-45444.0000000000	36	52	39	55
1	20	26376.0000000000	26376.0000000000	36	52	41	57
1	21	23940.0000000000	23940.0000000000	36	52	43	59
1	22	107436.0000000000	107436.0000000000	36	52	45	61
1	23	23604.0000000000	23604.0000000000	36	52	47	63
1	24	12906.0000000000	12906.0000000000	38	54	33	49
1	25	-115676.0000000000	-115676.0000000000	38	54	35	51
1	26	414426.0000000000	414426.0000000000	38	54	37	53
1	27	258598.0000000000	258598.0000000000	38	54	39	55
1	28	-150092.0000000000	-150092.0000000000	38	54	41	57
1	29	-136230.0000000000	-136230.0000000000	38	54	43	59
1	30	-611362.0000000000	-611362.0000000000	38	54	45	61
1	31	-134318.0000000000	-134318.0000000000	38	54	47	63
1	32	3780.0000000000	3780.0000000000	40	56	33	49
1	33	-33880.0000000000	-33880.0000000000	40	56	35	51
1	34	121380.0000000000	121380.0000000000	40	56	37	53
1	35	75740.0000000000	75740.0000000000	40	56	39	55
1	36	-43960.0000000000	-43960.0000000000	40	56	41	57
1	37	-39900.0000000000	-39900.0000000000	40	56	43	59
1	38	-179060.0000000000	-179060.0000000000	40	56	45	61
1	39	-39340.0000000000	-39340.0000000000	40	56	47	63
1	40	4536.0000000000	4536.0000000000	42	58	33	49
1	41	-40656.0000000000	-40656.0000000000	42	58	35	51
1	42	145656.0000000000	145656.0000000000	42	58	37	53
1	43	90888.0000000000	90888.0000000000	42	58	39	55
1	44	-52752.0000000000	-52752.0000000000	42	58	41	57
1	45	-47880.0000000000	-47880.0000000000	42	58	43	59
1	46	-214872.0000000000	-214872.0000000000	42	58	45	61
1	47	-47208.0000000000	-47208.0000000000	42	58	47	63
1	48	-5616.0000000000	-5616.0000000000	44	60	33	49
1	49	50336.0000000000	50336.0000000000	44	60	35	51
1	50	-180336.0000000000	-180336.0000000000	44	60	37	53
1	51	-112528.0000000000	-112528.0000000000	44	60	39	55
1	52	65312.0000000000	65312.0000000000	44	60	41	57
1	53	59280.0000000000	59280.0000000000	44	60	43	59
1	54	266032.0000000000	266032.0000000000	44	60	45	61
1	55	58448.0000000000	58448.0000000000	44	60	47	63
1	56	10638.0000000000	10638.0000000000	46	62	33	49
1	57	-95348.0000000000	-95348.0000000000	46	62	35	51
1	58	341598.0000000000	341598.0000000000	46	62	37	53
1	59	213154.0000000000	213154.0000000000	46	62	39	55
1	60	-123716.0000000000	-123716.0000000000	46	62	41	57
1	61	-112290.0000000000	-112290.0000000000	46	62	43	59
1	62	-503926.0000000000	-503926.0000000000	46	62	45	61
1	63	-110714.0000000000	-110714.0000000000	46	62	47	63
2	0	1643720.0000000000	1643720.0000000000	64	80	65	81
2	1	868621.0000000000	868621.0000000000	64	80	67	83
2	2	49595.0000000000	49595.0000000000	64	80	69	85
2	3	-630565.0000000000	-630565.0000000000	64	80	71	87
2	4	-41093.0000000000	-41093.0000000000	64	80	73	89
2	5	164372.0000000000	164372.0000000000	64	80	75	91
2	6	912548.0000000000	912548.0000000000	64	80	77	93
2	7	-487448.0000000000	-487448.0000000000	64	80	79	95
2	8	720360.0000000000	720360.0000000000	66	82	65	81
2	9	380673.0000000000	380673.0000000000	66	82	67	83
2	10	21735.0000000000	21735.0000000000	66	82	69	85
2	11	-276345.0000000000	-276345.0000000000	66	82	71	87
2	12	-18009.0000000000	-18009.0000000000	66	82	73	89
2	13	72036.0000000000	72036.0000000000	66	82	75	91
2	14	399924.0000000000	399924.0000000000	66	82	77	93
2	15	-213624.0000000000	-213624.0000000000	66	82	79	95
2	16	-440800.0000000000	-440800.0000000000	68	84	65	81
2	17	-232940.0000000000	-232940.0000000000	68	84	67	83
2	18	-13300.0000000000	-13300.0000000000	68	84	69	85
2	19	169100.0000000000	169100.0000000000	68	84	71	87
2	20	11020.0000000000	11020.0000000000	68	84	73	89
2	21	-44080.0000000000	-44080.0000000000	68	84	75	91
2	22	-244720.0000000000	-244720.0000000000	68	84	77	93
2	23	130720.0000000000	130720.0000000000	68	84	79	95
2	24	-1354880.0000000000	-1354880.0000000000	70	86	65	81
2	25	-715984.0000000000	-715984.0000000000	70	86	67	83
2	26	-40880.0000000000	-40880.0000000000	70	86	69	85
2	27	519760.0000000000	519760.0000000000	70	86	71	87
2	28	33872.0000000000	33872.0000000000	70	86	73	89
2	29	-135488.0000000000	-135488.0000000000	70	86	75	91
2	30	-752192.0000000000	-752192.0000000000	70	86	77	93
2	31	401792.0000000000	401792.0000000000	70	86	79	95
2	32	-455880.0000000000	-455880.0000000000	72	88	65	81
2	33	-240909.0000000000	-240909.0000000000	72	88	67	83
2	34	-13755.0000000000	-13755.0000000000	72	88	69	85
2	35	174885.0000000000	174885.0000000000	72	88	71	87
2	36	11397.0000000000	11397.0000000000	72	88	73	89
2	37	-45588.0000000000	-45588.0000000000	72	88	75	91
2	38	-253092.0000000000	-253092.0000000000	72	88	77	93
2	39	135192.0000000000	135192.0000000000	72	88	79	95
2	40	-113680.0000000000	-113680.0000000000	74	90	65	81
2	41	-60074.0000000000	-60074.0000000000	74	90	67	83
2	42	-3430.0000000000	-3430.0000000000	74	90	69	85
2	43	43610.0000000000	43610.0000000000	74	90	71	87
2	44	2842.0000000000	2842.0000000000	74	90	73	89
2	45	-11368.0000000000	-11368.0000000000	74	90	75	91
2	46	-63112.0000000000	-63112.0000000000	74	90	77	93
2	47	33712.0000000000	33712.0000000000	74	90	79	95
2	48	-380480.0000000000	-380480.0000000000	76	92	65	81
2	49	-201064.0000000000	-201064.0000000000	76	92	67	83
2	50	-11480.0000000000	-11480.0000000000	76	92	69	85
2	51	145960.0000000000	145960.0000000000	76	92	71	87
2	52	9512.0000000000	9512.0000000000	76	92	73	89
2	53	-38048.0000000000	-38048.0000000000	76	92	75	91
2	54	-211232.0000000000	-211232.0000000000	76	92	77	93
2	55	112832.0000000000	112832.0000000000	76	92	79	95
2	56	448920.0000000000	448920.0000000000	78	94	65	81
2	57	237231.0000000000	237231.0000000000	78	94	67	83
2	58	13545.0000000000	13545.0000000000	78	94	69	85
2	59	-172215.0000000000	-172215.0000000000	78	94	71	87
2	60	-11223.0000000000	-11223.0000000000	78	94	73	89
2	61	44892.0000000000	44892.0000000000	78	94	75	91
2	62	249228.0000000000	249228.0000000000	78	94	77	93
2	63	-133128.0000000000	-133128.0000000000	78	94	79	95
3	0	409782.0000000000	409782.0000000000	96	112	97	113
3	1	31425.0000000000	31425.0000000000	96	112	99	115
3	2	99722.0000000000	99722.0000000000	96	112	101	117
3	3	-287434.0000000000	-287434.0000000000	96	112	103	119
3	4	-45671.0000000000	-45671.0000000000	96	112	105	121
3	5	-79191.0000000000	-79191.0000000000	96	112	107	123
3	6	219975.0000000000	219975.0000000000	96	112	109	125
3	7	292462.0000000000	292462.0000000000	96	112	111	127
3	8	295356.0000000000	295356.0000000000	98	114	97	113
3	9	22650.0000000000	22650.0000000000	98	114	99	115
3	10	71876.0000000000	71876.0000000000	98	114	101	117
3	11	-207172.0000000000	-207172.0000000000	98	114	103	119
3	12	-32918.0000000000	-32918.0000000000	98	114	105	121
3	13	-57078.0000000000	-57078.0000000000	98	114	107	123
3	14	158550.0000000000	158550.0000000000	98	114	109	125
3	15	210796.0000000000	210796.0000000000	98	114	111	127
3	16	176040.0000000000	176040.0000000000	100	116	97	113
3	17	13500.0000000000	13500.0000000000	100	116	99	115
3	18	42840.0000000000	42840.0000000000	100	116	101	117
3	19	-123480.0000000000	-123480.0000000000	100	116	103	119
3	20	-19620.0000000000	-19620.0000000000	100	116	105	121
3	21	-34020.0000000000	-34020.0000000000	100	116	107	123
3	22	94500.0000000000	94500.0000000000	100	116	109	125
3	23	125640.0000000000	125640.0000000000	100	116	111	127
3	24	135942.0000000000	135942.0000000000	102	118	97	113
3	25	10425.0000000000	10425.0000000000	102	118	99	115
3	26	33082.0000000000	33082.0000000000	102	118	101	117
3	27	-95354.0000000000	-95354.0000000000	102	118	103	119
3	28	-15151.0000000000	-15151.0000000000	102	118	105	121
3	29	-26271.0000000000	-26271.0000000000	102	118	107	123
3	30	72975.0000000000	72975.0000000000	102	118	109	125
3	31	97022.0000000000	97022.0000000000	102	118	111	127
3	32	1005384.0000000000	1005384.0000000000	104	120	97	113
3	33	77100.0000000000	77100.0000000000	104	120	99	115
3	34	244664.0000000000	244664.0000000000	104	120	101	117
3	35	-705208.0000000000	-705208.0000000000	104	120	103	119
3	36	-112052.0000000000	-112052.0000000000	104	120	105	121
3	37	-194292.0000000000	-194292.0000000000	104	120	107	123
3	38	539700.0000000000	539700.0000000000	104	120	109	125
3	39	717544.0000000000	717544.0000000000	104	120	111	127
3	40	108558.0000000000	108558.0000000000	106	122	97	113
3	41	8325.0000000000	8325.0000000000	106	122	99	115
3	42	26418.0000000000	26418.0000000000	106	122	101	117
3	43	-76146.0000000000	-76146.0000000000	106	122	103	119
3	44	-12099.0000000000	-12099.0000000000	106	122	105	121
3	45	-20979.0000000000	-20979.0000000000	106	122	107	123
3	46	58275.0000000000	58275.0000000000	106	122	109	125
3	47	77478.0000000000	77478.0000000000	106	122	111	127
3	48	-657216.0000000000	-657216.0000000000	108	124	97	113
3	49	-50400.0000000000	-50400.0000000000	108	124	99	115
3	50	-159936.0000000000	-159936.0000000000	108	124	101	117
3	51	460992.0000000000	460992.0000000000	108	124	103	119
3	52	73248.0000000000	73248.0000000000	108	124	105	121
3	53	127008.0000000000	127008.0000000000	108	124	107	123
3	54	-352800.0000000000	-352800.0000000000	108	124	109	125
3	55	-469056.0000000000	-469056.0000000000	108	124	111	127
3	56	-860640.0000000000	-860640.0000000000	110	126	97	113
3	57	-66000.0000000000	-66000.0000000000	110	126	99	115
3	58	-209440.0000000000	-209440.0000000000	110	126	101	117
3	59	603680.0000000000	603680.0000000000	110	126	103	119
3	60	95920.0000000000	95920.0000000000	110	126	105	121
3	61	166320.0000000000	166320.0000000000	110	126	107	123
3	62	-462000.0000000000	-462000.0000000000	110	126	109	125
3	63	-614240.0000000000	-614240.0000000000	110	126	111	127
4	0	-56277.0000000000	-56277.0000000000	128	144	129	145
4	1	73260.0000000000	73260.0000000000	128	144	131	147
4	2	182817.0000000000	182817.0000000000	128	144	133	149
4	3	3996.0000000000	3996.0000000000	128	144	135	151
4	4	-33966.0000000000	-33966.0000000000	128	144	137	153
4	5	178155.0000000000	178155.0000000000	128	144	139	155
4	6	37962.0000000000	37962.0000000000	128	144	141	157
4	7	279054.0000000000	279054.0000000000	128	144	143	159
4	8	24167.0000000000	24167.0000000000	130	146	129	145
4	9	-31460.0000000000	-31460.0000000000	130	146	131	147
4	10	-78507.0000000000	-78507.0000000000	130	146	133	149
4	11	-1716.0000000000	-1716.0000000000	130	146	135	151
4	12	14586.0000000000	14586.0000000000	130	146	137	153
4	13	-76505.0000000000	-76505.0000000000	130	146	139	155
4	14	-16302.0000000000	-16302.0000000000	130	146	141	157
4	15	-119834.0000000000	-119834.0000000000	130	146	143	159
4	16	62192.0000000000	62192.0000000000	132	148	129	145
4	17	-80960.0000000000	-80960.0000000000	132	148	131	147
4	18	-202032.0000000000	-202032.0000000000	132	148	133	149
4	19	-4416.0000000000	-4416.0000000000	132	148	135	151
4	20	37536.0000000000	37536.0000000000	132	148	137	153
4	21	-196880.0000000000	-196880.0000000000	132	148	139	155
4	22	-41952.0000000000	-41952.0000000000	132	148	141	157
4	23	-308384.0000000000	-308384.0000000000	132	148	143	159
4	24	75374.0000000000	75374.0000000000	134	150	129	145
4	25	-98120.0000000000	-98120.0000000000	134	150	131	147
4	26	-244854.0000000000	-244854.0000000000	134	150	133	149
4	27	-5352.0000000000	-5352.0000000000	134	150	135	151
4	28	45492.0000000000	45492.0000000000	134	150	137	153
4	29	-238610.0000000000	-238610.0000000000	134	150	139	155
4	30	-50844.0000000000	-50844.0000000000	134	150	141	157
4	31	-373748.0000000000	-373748.0000000000	134	150	143	159
4	32	-73346.0000000000	-73346.0000000000	136	152	129	145
4	33	95480.0000000000	95480.0000000000	136	152	131	147
4	34	238266.0000000000	238266.0000000000	136	152	133	149
4	35	5208.0000000000	5208.0000000000	136	152	135	151
4	36	-44268.0000000000	-44268.0000000000	136	152	137	153
4	37	232190.0000000000	232190.0000000000	136	152	139	155
4	38	49476.0000000000	49476.0000000000	136	152	141	157
4	39	363692.0000000000	363692.0000000000	136	152	143	159
4	40	100555.0000000000	100555.0000000000	138	154	129	145
4	41	-130900.0000000000	-130900.0000000000	138	154	131	147
4	42	-326655.0000000000	-326655.0000000000	138	154	133	149
4	43	-7140.0000000000	-7140.0000000000	138	154	135	151
4	44	60690.0000000000	60690.0000000000	138	154	137	153
4	45	-318325.0000000000	-318325.0000000000	138	154	139	155
4	46	-67830.0000000000	-67830.0000000000	138	154	141	157
4	47	-498610.0000000000	-498610.0000000000	138	154	143	159
4	48	34476.0000000000	34476.0000000000	140	156	129	145
4	49	-44880.0000000000	-44880.0000000000	140	156	131	147
4	50	-111996.0000000000	-111996.0000000000	140	156	133	149
4	51	-2448.0000000000	-2448.0000000000	140	156	135	151
4	52	20808.0000000000	20808.0000000000	140	156	137	153
4	53	-109140.0000000000	-109140.0000000000	140	156	139	155
4	54	-23256.0000000000	-23256.0000000000	140	156	141	157
4	55	-170952.0000000000	-170952.0000000000	140	156	143	159
4	56	48503.0000000000	48503.0000000000	142	158	129	145
4	57	-63140.0000000000	-63140.0000000000	142	158	131	147
4	58	-157563.0000000000	-157563.0000000000	142	158	133	149
4	59	-3444.0000000000	-3444.0000000000	142	158	135	151
4	60	29274.0000000000	29274.0000000000	142	158	137	153
4	61	-153545.0000000000	-153545.0000000000	142	158	139	155
4	62	-32718.0000000000	-32718.0000000000	142	158	141	157
4	63	-240506.0000000000	-240506.0000000000	142	158	143	159
5	0	7120.0000000000	7120.0000000000	160	176	161	177
5	1	-987010.0000000000	-987010.0000000000	160	176	163	179
5	2	-384480.0000000000	-384480.0000000000	160	176	165	181
5	3	-78320.0000000000	-78320.0000000000	160	176	167	183
5	4	-754720.0000000000	-754720.0000000000	160	176	169	185
5	5	608760.0000000000	608760.0000000000	160	176	171	187
5	6	168210.0000000000	168210.0000000000	160	176	173	189
5	7	634570.0000000000	634570.0000000000	160	176	175	191
5	8	-2656.0000000000	-2656.0000000000	162	178	161	177
5	9	368188.0000000000	368188.0000000000	162	178	163	179
5	10	143424.0000000000	143424.0000000000	162	178	165	181
5	11	29216.0000000000	29216.0000000000	162	178	167	183
5	12	281536.0000000000	281536.0000000000	162	178	169	185
5	13	-227088.0000000000	-227088.0000000000	162	178	171	187
5	14	-62748.0000000000	-62748.0000000000	162	178	173	189
5	15	-236716.0000000000	-236716.0000000000	162	178	175	191
5	16	-2752.0000000000	-2752.0000000000	164	180	161	177
5	17	381496.0000000000	381496.0000000000	164	180	163	179
5	18	148608.0000000000	148608.0000000000	164	180	165	181
5	19	30272.0000000000	30272.0000000000	164	180	167	183
5	20	291712.0000000000	291712.0000000000	164	180	169	185
5	21	-235296.0000000000	-235296.0000000000	164	180	171	187
5	22	-65016.0000000000	-65016.0000000000	164	180	173	189
5	23	-245272.0000000000	-245272.0000000000	164	180	175	191
5	24	-2224.0000000000	-2224.0000000000	166	182	161	177
5	25	308302.0000000000	308302.0000000000	166	182	163	179
5	26	120096.0000000000	120096.0000000000	166	182	165	181
5	27	24464.0000000000	24464.0000000000	166	182	167	183
5	28	235744.0000000000	235744.0000000000	166	182	169	185
5	29	-190152.0000000000	-190152.0000000000	166	182	171	187
5	30	-52542.0000000000	-52542.0000000000	166	182	173	189
5	31	-198214.0000000000	-198214.0000000000	166	182	175	191
5	32	0.0000000000	0.0000000000	168	184	161	177
5	33	-0.0000000000	-0.0000000000	168	184	163	179
5	34	-0.0000000000	-0.0000000000	168	184	165	181
5	35	-0.0000000000	-0.0000000000	168	184	167	183
5	36	-0.0000000000	-0.0000000000	168	184	169	185
5	37	0.0000000000	0.0000000000	168	184	171	187
5	38	0.0000000000	0.0000000000	168	184	173	189
5	39	0.0000000000	0.0000000000	168	184	175	191
5	40	-2240.0000000000	-2240.0000000000	170	186	161	177
5	41	310520.0000000000	310520.0000000000	170	186	163	179
5	42	120960.0000000000	120960.0000000000	170	186	165	181
5	43	24640.0000000000	24640.0000000000	170	186	167	183
5	44	237440.0000000000	237440.0000000000	170	186	169	185
5	45	-191520.0000000000	-191520.0000000000	170	186	171	187
5	46	-52920.0000000000	-52920.0000000000	170	186	173	189
5	47	-199640.0000000000	-199640.0000000000	170	186	175	191
5	48	5088.0000000000	5088.0000000000	172	188	161	177
5	49	-705324.0000000000	-705324.0000000000	172	188	163	179
5	50	-274752.0000000000	-274752.0000000000	172	188	165	181
5	51	-55968.0000000000	-55968.0000000000	172	188	167	183
5	52	-539328.0000000000	-539328.0000000000	172	188	169	185
5	53	435024.0000000000	435024.0000000000	172	188	171	187
5	54	120204.0000000000	120204.0000000000	172	188	173	189
5	55	453468.0000000000	453468.0000000000	172	188	175	191
5	56	-2736.0000000000	-2736.0000000000	174	190	161	177
5	57	379278.0000000000	379278.0000000000	174	190	163	179
5	58	147744.0000000000	147744.0000000000	174	190	165	181
5	59	30096.0000000000	30096.0000000000	174	190	167	183
5	60	290016.0000000000	290016.0000000000	174	190	169	185
5	61	-233928.0000000000	-233928.0000000000	174	190	171	187
5	62	-64638.0000000000	-64638.0000000000	174	190	173	189
5	63	-243846.0000000000	-243846.0000000000	174	190	175	191
6	0	153216.0000000000	153216.0000000000	192	208	193	209
6	1	-42112.0000000000	-42112.0000000000	192	208	195	211
6	2	-490112.0000000000	-490112.0000000000	192	208	197	213
6	3	834176.0000000000	834176.0000000000	192	208	199	215
6	4	156800.0000000000	156800.0000000000	192	208	201	217
6	5	180096.0000000000	180096.0000000000	192	208	203	219
6	6	-115584.0000000000	-115584.0000000000	192	208	205	221
6	7	-674688.0000000000	-674688.0000000000	192	208	207	223
6	8	103113.0000000000	103113.0000000000	194	210	193	209
6	9	-28341.0000000000	-28341.0000000000	194	210	195	211
6	10	-329841.0000000000	-329841.0000000000	194	210	197	213
6	11	561393.0000000000	561393.0000000000	194	210	199	215
6	12	105525.0000000000	105525.0000000000	194	210	201	217
6	13	121203.0000000000	121203.0000000000	194	210	203	219
6	14	-77787.0000000000	-77787.0000000000	194	210	205	221
6	15	-454059.0000000000	-454059.0000000000	194	210	207	223
6	16	-123804.0000000000	-123804.0000000000	196	212	193	209
6	17	34028.0000000000	34028.0000000000	196	212	195	211
6	18	396028.0000000000	396028.0000000000	196	212	197	213
6	19	-674044.0000000000	-674044.0000000000	196	212	199	215
6	20	-126700.0000000000	-126700.0000000000	196	212	201	217
6	21	-145524.0000000000	-145524.0000000000	196	212	203	219
6	22	93396.0000000000	93396.0000000000	196	212	205	221
6	23	545172.0000000000	545172.0000000000	196	212	207	223
6	24	-142614.0000000000	-142614.0000000000	198	214	193	209
6	25	39198.0000000000	39198.0000000000	198	214	195	211
6	26	456198.0000000000	456198.0000000000	198	214	197	213
6	27	-776454.0000000000	-776454.0000000000	198	214	199	215
6	28	-145950.0000000000	-145950.0000000000	198	214	201	217
6	29	-167634.0000000000	-167634.0000000000	198	214	203	219
6	30	107586.0000000000	107586.0000000000	198	214	205	221
6	31	628002.0000000000	628002.0000000000	198	214	207	223
6	32	89262.0000000000	89262.0000000000	200	216	193	209
6	33	-24534.0000000000	-24534.0000000000	200	216	195	211
6	34	-285534.0000000000	-285534.0000000000	200	216	197	213
6	35	485982.0000000000	485982.0000000000	200	216	199	215
6	36	91350.0000000000	91350.0000000000	200	216	201	217
6	37	104922.0000000000	104922.0000000000	200	216	203	219
6	38	-67338.0000000000	-67338.0000000000	200	216	205	221
6	39	-393066.0000000000	-393066.0000000000	200	216	207	223
6	40	309168.0000000000	309168.0000000000	202	218	193	209
6	41	-84976.0000000000	-84976.0000000000	202	218	195	211
6	42	-988976.0000000000	-988976.0000000000	202	218	197	213
6	43	1683248.0000000000	1683248.0000000000	202	218	199	215
6	44	316400.0000000000	316400.0000000000	202	218	201	217
6	45	363408.0000000000	363408.0000000000	202	218	203	219
6	46	-233232.0000000000	-233232.0000000000	202	218	205	221
6	47	-1361424.0000000000	-1361424.0000000000	202	218	207	223
6	48	140220.0000000000	140220.0000000000	204	220	193	209
6	49	-38540.0000000000	-38540.0000000000	204	220	195	211
6	50	-448540.0000000000	-448540.0000000000	204	220	197	213
6	51	763420.0000000000	763420.0000000000	204	220	199	215
6	52	143500.0000000000	143500.0000000000	204	220	201	217
6	53	164820.0000000000	164820.0000000000	204	220	203	219
6	54	-105780.0000000000	-105780.0000000000	204	220	205	221
6	55	-617460.0000000000	-617460.0000000000	204	220	207	223
6	56	-12825.0000000000	-12825.0000000000	206	222	193	209
6	57	3525.0000000000	3525.0000000000	206	222	195	211
6	58	41025.0000000000	41025.0000000000	206	222	197	213
6	59	-69825.0000000000	-69825.0000000000	206	222	199	215
6	60	-13125.0000000000	-13125.0000000000	206	222	201	217
6	61	-15075.0000000000	-15075.0000000000	206	222	203	219
6	62	9675.0000000000	9675.0000000000	206	222	205	221
6	63	56475.0000000000	56475.0000000000	206	222	207	223
7	0	-284580.0000000000	-284580.0000000000	224	240	225	241
7	1	-261171.0000000000	-261171.0000000000	224	240	227	243
7	2	-260712.0000000000	-260712.0000000000	224	240	229	245
7	3	118881.0000000000	118881.0000000000	224	240	231	247
7	4	437886.0000000000	437886.0000000000	224	240	233	249
7	5	464967.0000000000	464967.0000000000	224	240	235	251
7	6	-142290.0000000000	-142290.0000000000	224	240	237	253
7	7	-166617.0000000000	-166617.0000000000	224	240	239	255
7	8	-264740.0000000000	-264740.0000000000	226	242	225	241
7	9	-242963.0000000000	-242963.0000000000	226	242	227	243
7	10	-242536.0000000000	-242536.0000000000	226	242	229	245
7	11	110593.0000000000	110593.0000000000	226	242	231	247
7	12	407358.0000000000	407358.0000000000	226	242	233	249
7	13	432551.0000000000	432551.0000000000	226	242	235	251
7	14	-132370.0000000000	-132370.0000000000	226	242	237	253
7	15	-155001.0000000000	-155001.0000000000	226	242	239	255
7	16	225680.0000000000	225680.0000000000	228	244	225	241
7	17	207116.0000000000	207116.0000000000	228	244	227	243
7	18	206752.0000000000	206752.0000000000	228	244	229	245
7	19	-94276.0000000000	-94276.0000000000	228	244	231	247
7	20	-347256.0000000000	-347256.0000000000	228	244	233	249
7	21	-368732.0000000000	-368732.0000000000	228	244	235	251
7	22	112840.0000000000	112840.0000000000	228	244	237	253
7	23	132132.0000000000	132132.0000000000	228	244	239	255
7	24	286440.0000000000	286440.0000000000	230	246	225	241
7	25	262878.0000000000	262878.0000000000	230	246	227	243
7	26	262416.0000000000	262416.0000000000	230	246	229	245
7	27	-119658.0000000000	-119658.0000000000	230	246	231	247
7	28	-440748.0000000000	-440748.0000000000	230	246	233	249
7	29	-468006.0000000000	-468006.0000000000	230	246	235	251
7	30	143220.0000000000	143220.0000000000	230	246	237	253
7	31	167706.0000000000	167706.0000000000	230	246	239	255
7	32	531960.0000000000	531960.0000000000	232	248	225	241
7	33	488202.0000000000	488202.0000000000	232	248	227	243
7	34	487344.0000000000	487344.0000000000	232	248	229	245
7	35	-222222.0000000000	-222222.0000000000	232	248	231	247
7	36	-818532.0000000000	-818532.0000000000	232	248	233	249
7	37	-869154.0000000000	-869154.0000000000	232	248	235	251
7	38	265980.0000000000	265980.0000000000	232	248	237	253
7	39	311454.0000000000	311454.0000000000	232	248	239	255
7	40	795460.0000000000	795460.0000000000	234	250	225	241
7	41	730027.0000000000	730027.0000000000	234	250	227	243
7	42	728744.0000000000	728744.0000000000	234	250	229	245
7	43	-332297.0000000000	-332297.0000000000	234	250	231	247
7	44	-1223982.0000000000	-1223982.0000000000	234	250	233	249
7	45	-1299679.0000000000	-1299679.0000000000	234	250	235	251
7	46	397730.0000000000	397730.0000000000	234	250	237	253
7	47	465729.0000000000	465729.0000000000	234	250	239	255
7	48	543120.0000000000	543120.0000000000	236	252	225	241
7	49	498444.0000000000	498444.0000000000	236	252	227	243
7	50	497568.0000000000	497568.0000000000	236	252	229	245
7	51	-226884.0000000000	-226884.0000000000	236	252	231	247
7	52	-835704.0000000000	-835704.0000000000	236	252	233	249
7	53	-887388.0000000000	-887388.0000000000	236	252	235	251
7	54	271560.0000000000	271560.0000000000	236	252	237	253
7	55	317988.0000000000	317988.0000000000	236	252	239	255
7	56	889080.0000000000	889080.0000000000	238	254	225	241
7	57	815946.0000000000	815946.0000000000	238	254	227	243
7	58	814512.0000000000	814512.0000000000	238	254	229	245
7	59	-371406.0000000000	-371406.0000000000	238	254	231	247
7	60	-1368036.0000000000	-1368036.0000000000	238	254	233	249
7	61	-1452642.0000000000	-1452642.0000000000	238	254	235	251
7	62	444540.0000000000	444540.0000000000	238	254	237	253
7	63	520542.0000000000	520542.0000000000	238	254	239	255
8	0	855711.0000000000	855711.0000000000	256	272	257	273
8	1	-456084.0000000000	-456084.0000000000	256	272	259	275
8	2	370845.0000000000	370845.0000000000	256	272	261	277
8	3	70848.0000000000	70848.0000000000	256	272	263	279
8	4	-577854.0000000000	-577854.0000000000	256	272	265	281
8	5	574533.0000000000	574533.0000000000	256	272	267	283
8	6	368631.0000000000	368631.0000000000	256	272	269	285
8	7	-73062.0000000000	-73062.0000000000	256	272	271	287
8	8	739761.0000000000	739761.0000000000	258	274	257	273
8	9	-394284.0000000000	-394284.0000000000	258	274	259	275
8	10	320595.0000000000	320595.0000000000	258	274	261	277
8	11	61248.0000000000	61248.0000000000	258	274	263	279
8	12	-499554.0000000000	-499554.0000000000	258	274	265	281
8	13	496683.0000000000	496683.0000000000	258	274	267	283
8	14	318681.0000000000	318681.0000000000	258	274	269	285
8	15	-63162.0000000000	-63162.0000000000	258	274	271	287
8	16	-534916.0000000000	-534916.0000000000	260	276	257	273
8	17	285104.0000000000	285104.0000000000	260	276	259	275
8	18	-231820.0000000000	-231820.0000000000	260	276	261	277
8	19	-44288.0000000000	-44288.0000000000	260	276	263	279
8	20	361224.0000000000	361224.0000000000	260	276	265	281
8	21	-359148.0000000000	-359148.0000000000	260	276	267	283
8	22	-230436.0000000000	-230436.0000000000	260	276	269	285
8	23	45672.0000000000	45672.0000000000	260	276	271	287
8	24	-228808.0000000000	-228808.0000000000	262	278	257	273
8	25	121952.0000000000	121952.0000000000	262	278	259	275
8	26	-99160.0000000000	-99160.0000000000	262	278	261	277
8	27	-18944.0000000000	-18944.0000000000	262	278	263	279
8	28	154512.0000000000	154512.0000000000	262	278	265	281
8	29	-153624.0000000000	-153624.0000000000	262	278	267	283
8	30	-98568.0000000000	-98568.0000000000	262	278	269	285
8	31	19536.0000000000	19536.0000000000	262	278	271	287
8	32	373359.0000000000	373359.0000000000	264	280	257	273
8	33	-198996.0000000000	-198996.0000000000	264	280	259	275
8	34	161805.0000000000	161805.0000000000	264	280	261	277
8	35	30912.0000000000	30912.0000000000	264	280	263	279
8	36	-252126.0000000000	-252126.0000000000	264	280	265	281
8	37	250677.0000000000	250677.0000000000	264	280	267	283
8	38	160839.0000000000	160839.0000000000	264	280	269	285
8	39	-31878.0000000000	-31878.0000000000	264	280	271	287
8	40	820153.0000000000	820153.0000000000	266	282	257	273
8	41	-437132.0000000000	-437132.0000000000	266	282	259	275
8	42	355435.0000000000	355435.0000000000	266	282	261	277
8	43	67904.0000000000	67904.0000000000	266	282	263	279
8	44	-553842.0000000000	-553842.0000000000	266	282	265	281
8	45	550659.0000000000	550659.0000000000	266	282	267	283
8	46	353313.0000000000	353313.0000000000	266	282	269	285
8	47	-70026.0000000000	-70026.0000000000	266	282	271	287
8	48	-157692.0000000000	-157692.0000000000	268	284	257	273
8	49	84048.0000000000	84048.0000000000	268	284	259	275
8	50	-68340.0000000000	-68340.0000000000	268	284	261	277
8	51	-13056.0000000000	-13056.0000000000	268	284	263	279
8	52	106488.0000000000	106488.0000000000	268	284	265	281
8	53	-105876.0000000000	-105876.0000000000	268	284	267	283
8	54	-67932.0000000000	-67932.0000000000	268	284	269	285
8	55	13464.0000000000	13464.0000000000	268	284	271	287
8	56	205618.0000000000	205618.0000000000	270	286	257	273
8	57	-109592.0000000000	-109592.0000000000	270	286	259	275
8	58	89110.0000000000	89110.0000000000	270	286	261	277
8	59	17024.0000000000	17024.0000000000	270	286	263	279
8	60	-138852.0000000000	-138852.0000000000	270	286	265	281
8	61	138054.0000000000	138054.0000000000	270	286	267	283
8	62	88578.0000000000	88578.0000000000	270	286	269	285
8	63	-17556.0000000000	-17556.0000000000	270	286	271	287
9	0	-62208.0000000000	-62208.0000000000	288	304	289	305
9	1	-22272.0000000000	-22272.0000000000	288	304	291	307
9	2	-26688.0000000000	-26688.0000000000	288	304	293	309
9	3	194304.0000000000	194304.0000000000	288	304	295	311
9	4	47808.0000000000	47808.0000000000	288	304	297	313
9	5	60480.0000000000	60480.0000000000	288	304	299	315
9	6	146496.0000000000	146496.0000000000	288	304	301	317
9	7	-10560.0000000000	-10560.0000000000	288	304	303	319
9	8	89424.0000000000	89424.0000000000	290	306	289	305
9	9	32016.0000000000	32016.0000000000	290	306	291	307
9	10	38364.0000000000	38364.0000000000	290	306	293	309
9	11	-279312.0000000000	-279312.0000000000	290	306	295	311
9	12	-68724.0000000000	-68724.0000000000	290	306	297	313
9	13	-86940.0000000000	-86940.0000000000	290	306	299	315
9	14	-210588.0000000000	-210588.0000000000	290	306	301	317
9	15	15180.0000000000	15180.0000000000	290	306	303	319
9	16	-42768.0000000000	-42768.0000000000	292	308	289	305
9	17	-15312.0000000000	-15312.0000000000	292	308	291	307
9	18	-18348.0000000000	-18348.0000000000	292	308	293	309
9	19	133584.0000000000	133584.0000000000	292	308	295	311
9	20	32868.0000000000	32868.0000000000	292	308	297	313
9	21	41580.0000000000	41580.0000000000	292	308	299	315
9	22	100716.0000000000	100716.0000000000	292	308	301	317
9	23	-7260.0000000000	-7260.0000000000	292	308	303	319
9	24	-176904.0000000000	-176904.0000000000	294	310	289	305
9	25	-63336.0000000000	-63336.0000000000	294	310	291	307
9	26	-75894.0000000000	-75894.0000000000	294	310	293	309
9	27	552552.0000000000	552552.0000000000	294	310	295	311
9	28	135954.0000000000	135954.0000000000	294	310	297	313
9	29	171990.0000000000	171990.0000000000	294	310	299	315
9	30	416598.0000000000	416598.0000000000	294	310	301	317
9	31	-30030.0000000000	-30030.0000000000	294	310	303	319
9	32	-19116.0000000000	-19116.0000000000	296	312	289	305
9	33	-6844.0000000000	-6844.0000000000	296	312	291	307
9	34	-8201.0000000000	-8201.0000000000	296	312	293	309
9	35	59708.0000000000	59708.0000000000	296	312	295	311
9	36	14691.0000000000	14691.0000000000	296	312	297	313
9	37	18585.0000000000	18585.0000000000	296	312	299	315
9	38	45017.0000000000	45017.0000000000	296	312	301	317
9	39	-3245.0000000000	-3245.0000000000	296	312	303	319
9	40	-59940.0000000000	-59940.0000000000	298	314	289	305
9	41	-21460.0000000000	-21460.0000000000	298	314	291	307
9	42	-25715.0000000000	-25715.0000000000	298	314	293	309
9	43	187220.0000000000	187220.0000000000	298	314	295	311
9	44	46065.0000000000	46065.0000000000	298	314	297	313
9	45	58275.0000000000	58275.0000000000	298	314	299	315
9	46	141155.0000000000	141155.0000000000	298	314	301	317
9	47	-10175.0000000000	-10175.0000000000	298	314	303	319
9	48	-19440.0000000000	-19440.0000000000	300	316	289	305
9	49	-6960.0000000000	-6960.0000000000	300	316	291	307
9	50	-8340.0000000000	-8340.0000000000	300	316	293	309
9	51	60720.0000000000	60720.0000000000	300	316	295	311
9	52	14940.0000000000	14940.0000000000	300	316	297	313
9	53	18900.0000000000	18900.0000000000	300	316	299	315
9	54	45780.0000000000	45780.0000000000	300	316	301	317
9	55	-3300.0000000000	-3300.0000000000	300	316	303	319
9	56	-208656.0000000000	-208656.0000000000	302	318	289	305
9	57	-74704.0000000000	-74704.0000000000	302	318	291	307
9	58	-89516.0000000000	-89516.0000000000	302	318	293	309
9	59	651728.0000000000	651728.0000000000	302	318	295	311
9	60	160356.0000000000	160356.0000000000	302	318	297	313
9	61	202860.0000000000	202860.0000000000	302	318	299	315
9	62	491372.0000000000	491372.0000000000	302	318	301	317
9	63	-35420.0000000000	-35420.0000000000	302	318	303	319
10	0	-43520.0000000000	-43520.0000000000	320	336	321	337
10	1	198560.0000000000	198560.0000000000	320	336	323	339
10	2	178160.0000000000	178160.0000000000	320	336	325	341
10	3	136340.0000000000	136340.0000000000	320	336	327	343
10	4	53040.0000000000	53040.0000000000	320	336	329	345
10	5	-157760.0000000000	-157760.0000000000	320	336	331	347
10	6	-48960.0000000000	-48960.0000000000	320	336	333	349
10	7	-28560.0000000000	-28560.0000000000	320	336	335	351
10	8	-2048.0000000000	-2048.0000000000	322	338	321	337
10	9	9344.0000000000	9344.0000000000	322	338	323	339
10	10	8384.0000000000	8384.0000000000	322	338	325	341
10	11	6416.0000000000	6416.0000000000	322	338	327	343
10	12	2496.0000000000	2496.0000000000	322	338	329	345
10	13	-7424.0000000000	-7424.0000000000	322	338	331	347
10	14	-2304.0000000000	-2304.0000000000	322	338	333	349
10	15	-1344.0000000000	-1344.0000000000	322	338	335	351
10	16	46080.0000000000	46080.0000000000	324	340	321	337
10	17	-210240.0000000000	-210240.0000000000	324	340	323	339
10	18	-188640.0000000000	-188640.0000000000	324	340	325	341
10	19	-144360.0000000000	-144360.0000000000	324	340	327	343
10	20	-56160.0000000000	-56160.0000000000	324	340	329	345
10	21	167040.0000000000	167040.0000000000	324	340	331	347
10	22	51840.0000000000	51840.0000000000	324	340	333	349
10	23	30240.0000000000	30240.0000000000	324	340	335	351
10	24	-64768.0000000000	-64768.0000000000	326	342	321	337
10	25	295504.0000000000	295504.0000000000	326	342	323	339
10	26	265144.0000000000	265144.0000000000	326	342	325	341
10	27	202906.0000000000	202906.0000000000	326	342	327	343
10	28	78936.0000000000	78936.0000000000	326	342	329	345
10	29	-234784.0000000000	-234784.0000000000	326	342	331	347
10	30	-72864.0000000000	-72864.0000000000	326	342	333	349
10	31	-42504.0000000000	-42504.0000000000	326	342	335	351
10	32	-12416.0000000000	-12416.0000000000	328	344	321	337
10	33	56648.0000000000	56648.0000000000	328	344	323	339
10	34	50828.0000000000	50828.0000000000	328	344	325	341
10	35	38897.0000000000	38897.0000000000	328	344	327	343
10	36	15132.0000000000	15132.0000000000	328	344	329	345
10	37	-45008.0000000000	-45008.0000000000	328	344	331	347
10	38	-13968.0000000000	-13968.0000000000	328	344	333	349
10	39	-8148.0000000000	-8148.0000000000	328	344	335	351
10	40	17920.0000000000	17920.0000000000	330	346	321	337
10	41	-81760.0000000000	-81760.0000000000	330	346	323	339
10	42	-73360.0000000000	-73360.0000000000	330	346	325	341
10	43	-56140.0000000000	-56140.0000000000	330	346	327	343
10	44	-21840.0000000000	-21840.0000000000	330	346	329	345
10	45	64960.0000000000	64960.0000000000	330	346	331	347
10	46	20160.0000000000	20160.0000000000	330	346	333	349
10	47	11760.0000000000	11760.0000000000	330	346	335	351
10	48	-23040.0000000000	-23040.0000000000	332	348	321	337
10	49	105120.0000000000	105120.0000000000	332	348	323	339
10	50	94320.0000000000	94320.0000000000	332	348	325	341
10	51	72180.0000000000	72180.0000000000	332	348	327	343
10	52	28080.0000000000	28080.0000000000	332	348	329	345
10	53	-83520.0000000000	-83520.0000000000	332	348	331	347
10	54	-25920.0000000000	-25920.0000000000	332	348	333	349
10	55	-15120.0000000000	-15120.0000000000	332	348	335	351
10	56	19456.0000000000	19456.0000000000	334	350	321	337
10	57	-88768.0000000000	-88768.0000000000	334	350	323	339
10	58	-79648.0000000000	-79648.0000000000	334	350	325	341
10	59	-60952.0000000000	-60952.0000000000	334	350	327	343
10	60	-23712.0000000000	-23712.0000000000	334	350	329	345
10	61	70528.0000000000	70528.0000000000	334	350	331	347
10	62	21888.0000000000	21888.0000000000	334	350	333	349
10	63	12768.0000000000	12768.0000000000	334	350	335	351
11	0	-19885.0000000000	-19885.0000000000	352	368	353	369
11	1	4559.0000000000	4559.0000000000	352	368	355	371
11	2	-28906.0000000000	-28906.0000000000	352	368	357	373
11	3	78085.0000000000	78085.0000000000	352	368	359	375
11	4	65378.0000000000	65378.0000000000	352	368	361	377
11	5	44329.0000000000	44329.0000000000	352	368	363	379
11	6	35502.0000000000	35502.0000000000	352	368	365	381
11	7	-50246.0000000000	-50246.0000000000	352	368	367	383
11	8	24395.0000000000	24395.0000000000	354	370	353	369
11	9	-5593.0000000000	-5593.0000000000	354	370	355	371
11	10	35462.0000000000	35462.0000000000	354	370	357	373
11	11	-95795.0000000000	-95795.0000000000	354	370	359	375
11	12	-80206.0000000000	-80206.0000000000	354	370	361	377
11	13	-54383.0000000000	-54383.0000000000	354	370	363	379
11	14	-43554.0000000000	-43554.0000000000	354	370	365	381
11	15	61642.0000000000	61642.0000000000	354	370	367	383
11	16	163180.0000000000	163180.0000000000	356	372	353	369
11	17	-37412.0000000000	-37412.0000000000	356	372	355	371
11	18	237208.0000000000	237208.0000000000	356	372	357	373
11	19	-640780.0000000000	-640780.0000000000	356	372	359	375
11	20	-536504.0000000000	-536504.0000000000	356	372	361	377
11	21	-363772.0000000000	-363772.0000000000	356	372	363	379
11	22	-291336.0000000000	-291336.0000000000	356	372	365	381
11	23	412328.0000000000	412328.0000000000	356	372	367	383
11	24	63140.0000000000	63140.0000000000	358	374	353	369
11	25	-14476.0000000000	-14476.0000000000	358	374	355	371
11	26	91784.0000000000	91784.0000000000	358	374	357	373
11	27	-247940.0000000000	-247940.0000000000	358	374	359	375
11	28	-207592.0000000000	-207592.0000000000	358	374	361	377
11	29	-140756.0000000000	-140756.0000000000	358	374	363	379
11	30	-112728.0000000000	-112728.0000000000	358	374	365	381
11	31	159544.0000000000	159544.0000000000	358	374	367	383
11	32	-298685.0000000000	-298685.0000000000	360	376	353	369
11	33	68479.0000000000	68479.0000000000	360	376	355	371
11	34	-434186.0000000000	-434186.0000000000	360	376	357	373
11	35	1172885.0000000000	1172885.0000000000	360	376	359	375
11	36	982018.0000000000	982018.0000000000	360	376	361	377
11	37	665849.0000000000	665849.0000000000	360	376	363	379
11	38	533262.0000000000	533262.0000000000	360	376	365	381
11	39	-754726.0000000000	-754726.0000000000	360	376	367	383
11	40	-65600.0000000000	-65600.0000000000	362	378	353	369
11	41	15040.0000000000	15040.0000000000	362	378	355	371
11	42	-95360.0000000000	-95360.0000000000	362	378	357	373
11	43	257600.0000000000	257600.0000000000	362	378	359	375
11	44	215680.0000000000	215680.0000000000	362	378	361	377
11	45	146240.0000000000	146240.0000000000	362	378	363	379
11	46	117120.0000000000	117120.0000000000	362	378	365	381
11	47	-165760.0000000000	-165760.0000000000	362	378	367	383
11	48	92660.0000000000	92660.0000000000	364	380	353	369
11	49	-21244.0000000000	-21244.0000000000	364	380	355	371
11	50	134696.0000000000	134696.0000000000	364	380	357	373
11	51	-363860.0000000000	-363860.0000000000	364	380	359	375
11	52	-304648.0000000000	-304648.0000000000	364	380	361	377
11	53	-206564.0000000000	-206564.0000000000	364	380	363	379
11	54	-165432.0000000000	-165432.0000000000	364	380	365	381
11	55	234136.0000000000	234136.0000000000	364	380	367	383
11	56	-23575.0000000000	-23575.0000000000	366	382	353	369
11	57	5405.0000000000	5405.0000000000	366	382	355	371
11	58	-34270.0000000000	-34270.0000000000	366	382	357	373
11	59	92575.0000000000	92575.0000000000	366	382	359	375
11	60	77510.0000000000	77510.0000000000	366	382	361	377
11	61	52555.0000000000	52555.0000000000	366	382	363	379
11	62	42090.0000000000	42090.0000000000	366	382	365	381
11	63	-59570.0000000000	-59570.0000000000	366	382	367	383
12	0	-211328.0000000000	-211328.0000000000	384	400	385	401
12	1	-148336.0000000000	-148336.0000000000	384	400	387	403
12	2	200660.0000000000	200660.0000000000	384	400	389	405
12	3	365760.0000000000	365760.0000000000	384	400	391	407
12	4	-223520.0000000000	-223520.0000000000	384	400	393	409
12	5	-379476.0000000000	-379476.0000000000	384	400	395	411
12	6	199136.0000000000	199136.0000000000	384	400	397	413
12	7	-294640.0000000000	-294640.0000000000	384	400	399	415
12	8	-364416.0000000000	-364416.0000000000	386	402	385	401
12	9	-255792.0000000000	-255792.0000000000	386	402	387	403
12	10	346020.0000000000	346020.0000000000	386	402	389	405
12	11	630720.0000000000	630720.0000000000	386	402	391	407
12	12	-385440.0000000000	-385440.0000000000	386	402	393	409
12	13	-654372.0000000000	-654372.0000000000	386	402	395	411
12	14	343392.0000000000	343392.0000000000	386	402	397	413
12	15	-508080.0000000000	-508080.0000000000	386	402	399	415
12	16	-277888.0000000000	-277888.0000000000	388	404	385	401
12	17	-195056.0000000000	-195056.0000000000	388	404	387	403
12	18	263860.0000000000	263860.0000000000	388	404	389	405
12	19	480960.0000000000	480960.0000000000	388	404	391	407
12	20	-293920.0000000000	-293920.0000000000	388	404	393	409
12	21	-498996.0000000000	-498996.0000000000	388	404	395	411
12	22	261856.0000000000	261856.0000000000	388	404	397	413
12	23	-387440.0000000000	-387440.0000000000	388	404	399	415
12	24	50336.0000000000	50336.0000000000	390	406	385	401
12	25	35332.0000000000	35332.0000000000	390	406	387	403
12	26	-47795.0000000000	-47795.0000000000	390	406	389	405
12	27	-87120.0000000000	-87120.0000000000	390	406	391	407
12	28	53240.0000000000	53240.0000000000	390	406	393	409
12	29	90387.0000000000	90387.0000000000	390	406	395	411
12	30	-47432.0000000000	-47432.0000000000	390	406	397	413
12	31	70180.0000000000	70180.0000000000	390	406	399	415
12	32	131872.0000000000	131872.0000000000	392	408	385	401
12	33	92564.0000000000	92564.0000000000	392	408	387	403
12	34	-125215.0000000000	-125215.0000000000	392	408	389	405
12	35	-228240.0000000000	-228240.0000000000	392	408	391	407
12	36	139480.0000000000	139480.0000000000	392	408	393	409
12	37	236799.0000000000	236799.0000000000	392	408	395	411
12	38	-124264.0000000000	-124264.0000000000	392	408	397	413
12	39	183860.0000000000	183860.0000000000	392	408	399	415
12	40	215488.0000000000	215488.0000000000	394	410	385	401
12	41	151256.0000000000	151256.0000000000	394	410	387	403
12	42	-204610.0000000000	-204610.0000000000	394	410	389	405
12	43	-372960.0000000000	-372960.0000000000	394	410	391	407
12	44	227920.0000000000	227920.0000000000	394	410	393	409
12	45	386946.0000000000	386946.0000000000	394	410	395	411
12	46	-203056.0000000000	-203056.0000000000	394	410	397	413
12	47	300440.0000000000	300440.0000000000	394	410	399	415
12	48	292864.0000000000	292864.0000000000	396	412	385	401
12	49	205568.0000000000	205568.0000000000	396	412	387	403
12	50	-278080.0000000000	-278080.0000000000	396	412	389	405
12	51	-506880.0000000000	-506880.0000000000	396	412	391	407
12	52	309760.0000000000	309760.0000000000	396	412	393	409
12	53	525888.0000000000	525888.0000000000	396	412	395	411
12	54	-275968.0000000000	-275968.0000000000	396	412	397	413
12	55	408320.0000000000	408320.0000000000	396	412	399	415
12	56	-197184.0000000000	-197184.0000000000	398	414	385	401
12	57	-138408.0000000000	-138408.0000000000	398	414	387	403
12	58	187230.0000000000	187230.0000000000	398	414	389	405
12	59	341280.0000000000	341280.0000000000	398	414	391	407
12	60	-208560.0000000000	-208560.0000000000	398	414	393	409
12	61	-354078.0000000000	-354078.0000000000	398	414	395	411
12	62	185808.0000000000	185808.0000000000	398	414	397	413
12	63	-274920.0000000000	-274920.0000000000	398	414	399	415
13	0	239085.0000000000	239085.0000000000	416	432	417	433
13	1	-42090.0000000000	-42090.0000000000	416	432	419	435
13	2	86250.0000000000	86250.0000000000	416	432	421	437
13	3	111090.0000000000	111090.0000000000	416	432	423	439
13	4	21735.0000000000	21735.0000000000	416	432	425	441
13	5	51750.0000000000	51750.0000000000	416	432	427	443
13	6	-221490.0000000000	-221490.0000000000	416	432	429	445
13	7	-169395.0000000000	-169395.0000000000	416	432	431	447
13	8	-353430.0000000000	-353430.0000000000	418	434	417	433
13	9	62220.0000000000	62220.0000000000	418	434	419	435
13	10	-127500.0000000000	-127500.0000000000	418	434	421	437
13	11	-164220.0000000000	-164220.0000000000	418	434	423	439
13	12	-32130.0000000000	-32130.0000000000	418	434	425	441
13	13	-76500.0000000000	-76500.0000000000	418	434	427	443
13	14	327420.0000000000	327420.0000000000	418	434	429	445
13	15	250410.0000000000	250410.0000000000	418	434	431	447
13	16	-124740.0000000000	-124740.0000000000	420	436	417	433
13	17	21960.0000000000	21960.0000000000	420	436	419	435
13	18	-45000.0000000000	-45000.0000000000	420	436	421	437
13	19	-57960.0000000000	-57960.0000000000	420	436	423	439
13	20	-11340.0000000000	-11340.0000000000	420	436	425	441
13	21	-27000.0000000000	-27000.0000000000	420	436	427	443
13	22	115560.0000000000	115560.0000000000	420	436	429	445
13	23	88380.0000000000	88380.0000000000	420	436	431	447
13	24	53361.0000000000	53361.0000000000	422	438	417	433
13	25	-9394.0000000000	-9394.0000000000	422	438	419	435
13	26	19250.0000000000	19250.0000000000	422	438	421	437
13	27	24794.0000000000	24794.0000000000	422	438	423	439
13	28	4851.0000000000	4851.0000000000	422	438	425	441
13	29	11550.0000000000	11550.0000000000	422	438	427	443
13	30	-49434.0000000000	-49434.0000000000	422	438	429	445
13	31	-37807.0000000000	-37807.0000000000	422	438	431	447
13	32	155232.0000000000	155232.0000000000	424	440	417	433
13	33	-27328.0000000000	-27328.0000000000	424	440	419	435
13	34	56000.0000000000	56000.0000000000	424	440	421	437
13	35	72128.0000000000	72128.0000000000	424	440	423	439
13	36	14112.0000000000	14112.0000000000	424	440	425	441
13	37	33600.0000000000	33600.0000000000	424	440	427	443
13	38	-143808.0000000000	-143808.0000000000	424	440	429	445
13	39	-109984.0000000000	-109984.0000000000	424	440	431	447
13	40	297297.0000000000	297297.0000000000	426	442	417	433
13	41	-52338.0000000000	-52338.0000000000	426	442	419	435
13	42	107250.0000000000	107250.0000000000	426	442	421	437
13	43	138138.0000000000	138138.0000000000	426	442	423	439
13	44	27027.0000000000	27027.0000000000	426	442	425	441
13	45	64350.0000000000	64350.0000000000	426	442	427	443
13	46	-275418.0000000000	-275418.0000000000	426	442	429	445
13	47	-210639.0000000000	-210639.0000000000	426	442	431	447
13	48	-149688.0000000000	-149688.0000000000	428	444	417	433
13	49	26352.0000000000	26352.0000000000	428	444	419	435
13	50	-54000.0000000000	-54000.0000000000	428	444	421	437
13	51	-69552.0000000000	-69552.0000000000	428	444	423	439
13	52	-13608.0000000000	-13608.0000000000	428	444	425	441
13	53	-32400.0000000000	-32400.0000000000	428	444	427	443
13	54	138672.0000000000	138672.0000000000	428	444	429	445
13	55	106056.0000000000	106056.0000000000	428	444	431	447
13	56	152460.0000000000	152460.0000000000	430	446	417	433
13	57	-26840.0000000000	-26840.0000000000	430	446	419	435
13	58	55000.0000000000	55000.0000000000	430	446	421	437
13	59	70840.0000000000	70840.0000000000	430	446	423	439
13	60	13860.0000000000	13860.0000000000	430	446	425	441
13	61	33000.0000000000	33000.0000000000	430	446	427	443
13	62	-141240.0000000000	-141240.0000000000	430	446	429	445
13	63	-108020.0000000000	-108020.0000000000	430	446	431	447
14	0	62272.0000000000	62272.0000000000	448	464	449	465
14	1	-3024.0000000000	-3024.0000000000	448	464	451	467
14	2	-12992.0000000000	-12992.0000000000	448	464	453	469
14	3	103040.0000000000	103040.0000000000	448	464	455	471
14	4	-43568.0000000000	-43568.0000000000	448	464	457	473
14	5	-31024.0000000000	-31024.0000000000	448	464	459	475
14	6	-58016.0000000000	-58016.0000000000	448	464	461	477
14	7	-31024.0000000000	-31024.0000000000	448	464	463	479
14	8	-6672.0000000000	-6672.0000000000	450	466	449	465
14	9	324.0000000000	324.0000000000	450	466	451	467
14	10	1392.0000000000	1392.0000000000	450	466	453	469
14	11	-11040.0000000000	-11040.0000000000	450	466	455	471
14	12	4668.0000000000	4668.0000000000	450	466	457	473
14	13	3324.0000000000	3324.0000000000	450	466	459	475
14	14	6216.0000000000	6216.0000000000	450	466	461	477
14	15	3324.0000000000	3324.0000000000	450	466	463	479
14	16	438128.0000000000	438128.0000000000	452	468	449	465
14	17	-21276.0000000000	-21276.0000000000	452	468	451	467
14	18	-91408.0000000000	-91408.0000000000	452	468	453	469
14	19	724960.0000000000	724960.0000000000	452	468	455	471
14	20	-306532.0000000000	-306532.0000000000	452	468	457	473
14	21	-218276.0000000000	-218276.0000000000	452	468	459	475
14	22	-408184.0000000000	-408184.0000000000	452	468	461	477
14	23	-218276.0000000000	-218276.0000000000	452	468	463	479
14	24	-17236.0000000000	-17236.0000000000	454	470	449	465
14	25	837.0000000000	837.0000000000	454	470	451	467
14	26	3596.0000000000	3596.0000000000	454	470	453	469
14	27	-28520.0000000000	-28520.0000000000	454	470	455	471
14	28	12059.0000000000	12059.0000000000	454	470	457	473
14	29	8587.0000000000	8587.0000000000	454	470	459	475
14	30	16058.0000000000	16058.0000000000	454	470	461	477
14	31	8587.0000000000	8587.0000000000	454	470	463	479
14	32	-183480.0000000000	-183480.0000000000	456	472	449	465
14	33	8910.0000000000	8910.0000000000	456	472	451	467
14	34	38280.0000000000	38280.0000000000	456	472	453	469
14	35	-303600.0000000000	-303600.0000000000	456	472	455	471
14	36	128370.0000000000	128370.0000000000	456	472	457	473
14	37	91410.0000000000	91410.0000000000	456	472	459	475
14	38	170940.0000000000	170940.0000000000	456	472	461	477
14	39	91410.0000000000	91410.0000000000	456	472	463	479
14	40	-386976.0000000000	-386976.0000000000	458	474	449	465
14	41	18792.0000000000	18792.0000000000	458	474	451	467
14	42	80736.0000000000	80736.0000000000	458	474	453	469
14	43	-640320.0000000000	-640320.0000000000	458	474	455	471
14	44	270744.0000000000	270744.0000000000	458	474	457	473
14	45	192792.0000000000	192792.0000000000	458	474	459	475
14	46	360528.0000000000	360528.0000000000	458	474	461	477
14	47	192792.0000000000	192792.0000000000	458	474	463	479
14	48	77840.0000000000	77840.0000000000	460	476	449	465
14	49	-3780.0000000000	-3780.0000000000	460	476	451	467
14	50	-16240.0000000000	-16240.0000000000	460	476	453	469
14	51	128800.0000000000	128800.0000000000	460	476	455	471
14	52	-54460.0000000000	-54460.0000000000	460	476	457	473
14	53	-38780.0000000000	-38780.0000000000	460	476	459	475
14	54	-72520.0000000000	-72520.0000000000	460	476	461	477
14	55	-38780.0000000000	-38780.0000000000	460	476	463	479
14	56	-341940.0000000000	-341940.0000000000	462	478	449	465
14	57	16605.0000000000	16605.0000000000	462	478	451	467
14	58	71340.0000000000	71340.0000000000	462	478	453	469
14	59	-565800.0000000000	-565800.0000000000	462	478	455	471
14	60	239235.0000000000	239235.0000000000	462	478	457	473
14	61	170355.0000000000	170355.0000000000	462	478	459	475
14	62	318570.0000000000	318570.0000000000	462	478	461	477
14	63	170355.0000000000	170355.0000000000	462	478	463	479
15	0	197796.0000000000	197796.0000000000	480	496	481	497
15	1	292029.0000000000	292029.0000000000	480	496	483	499
15	2	-176648.0000000000	-176648.0000000000	480	496	485	501
15	3	-192820.0000000000	-192820.0000000000	480	496	487	503
15	4	-246623.0000000000	-246623.0000000000	480	496	489	505
15	5	-231073.0000000000	-231073.0000000000	480	496	491	507
15	6	80549.0000000000	80549.0000000000	480	496	493	509
15	7	78061.0000000000	78061.0000000000	480	496	495	511
15	8	483996.0000000000	483996.0000000000	482	498	481	497
15	9	714579.0000000000	714579.0000000000	482	498	483	499
15	10	-432248.0000000000	-432248.0000000000	482	498	485	501
15	11	-471820.0000000000	-471820.0000000000	482	498	487	503
15	12	-603473.0000000000	-603473.0000000000	482	498	489	505
15	13	-565423.0000000000	-565423.0000000000	482	498	491	507
15	14	197099.0000000000	197099.0000000000	482	498	493	509
15	15	191011.0000000000	191011.0000000000	482	498	495	511
15	16	195888.0000000000	195888.0000000000	484	500	481	497
15	17	289212.0000000000	289212.0000000000	484	500	483	499
15	18	-174944.0000000000	-174944.0000000000	484	500	485	501
15	19	-190960.0000000000	-190960.0000000000	484	500	487	503
15	20	-244244.0000000000	-244244.0000000000	484	500	489	505
15	21	-228844.0000000000	-228844.0000000000	484	500	491	507
15	22	79772.0000000000	79772.0000000000	484	500	493	509
15	23	77308.0000000000	77308.0000000000	484	500	495	511
15	24	21624.0000000000	21624.0000000000	486	502	481	497
15	25	31926.0000000000	31926.0000000000	486	502	483	499
15	26	-19312.0000000000	-19312.0000000000	486	502	485	501
15	27	-21080.0000000000	-21080.0000000000	486	502	487	503
15	28	-26962.0000000000	-26962.0000000000	486	502	489	505
15	29	-25262.0000000000	-25262.0000000000	486	502	491	507
15	30	8806.0000000000	8806.0000000000	486	502	493	509
15	31	8534.0000000000	8534.0000000000	486	502	495	511
15	32	-127200.0000000000	-127200.0000000000	488	504	481	497
15	33	-187800.0000000000	-187800.0000000000	488	504	483	499
15	34	113600.0000000000	113600.0000000000	488	504	485	501
15	35	124000.0000000000	124000.0000000000	488	504	487	503
15	36	158600.0000000000	158600.0000000000	488	504	489	505
15	37	148600.0000000000	148600.0000000000	488	504	491	507
15	38	-51800.0000000000	-51800.0000000000	488	504	493	509
15	39	-50200.0000000000	-50200.0000000000	488	504	495	511
15	40	-84588.0000000000	-84588.0000000000	490	506	481	497
15	41	-124887.0000000000	-124887.0000000000	490	506	483	499
15	42	75544.0000000000	75544.0000000000	490	506	485	501
15	43	82460.0000000000	82460.0000000000	490	506	487	503
15	44	105469.0000000000	105469.0000000000	490	506	489	505
15	45	98819.0000000000	98819.0000000000	490	506	491	507
15	46	-34447.0000000000	-34447.0000000000	490	506	493	509
15	47	-33383.0000000000	-33383.0000000000	490	506	495	511
15	48	-22896.0000000000	-22896.0000000000	492	508	481	497
15	49	-33804.0000000000	-33804.0000000000	492	508	483	499
15	50	20448.0000000000	20448.0000000000	492	508	485	501
15	51	22320.0000000000	22320.0000000000	492	508	487	503
15	52	28548.0000000000	28548.0000000000	492	508	489	505
15	53	26748.0000000000	26748.0000000000	492	508	491	507
15	54	-9324.0000000000	-9324.0000000000	492	508	493	509
15	55	-9036.0000000000	-9036.0000000000	492	508	495	511
15	56	231504.0000000000	231504.0000000000	494	510	481	497
15	57	341796.0000000000	341796.0000000000	494	510	483	499
15	58	-206752.0000000000	-206752.0000000000	494	510	485	501
15	59	-225680.0000000000	-225680.0000000000	494	510	487	503
15	60	-288652.0000000000	-288652.0000000000	494	510	489	505
15	61	-270452.0000000000	-270452.0000000000	494	510	491	507
15	62	94276.0000000000	94276.0000000000	494	510	493	509
15	63	91364.0000000000	91364.0000000000	494	510	495	511
16	0	-35520.0000000000	-35520.0000000000	512	528	513	529
16	1	31080.0000000000	31080.0000000000	512	528	515	531
16	2	-405816.0000000000	-405816.0000000000	512	528	517	533
16	3	763680.0000000000	763680.0000000000	512	528	519	535
16	4	650016.0000000000	650016.0000000000	512	528	521	537
16	5	-355200.0000000000	-355200.0000000000	512	528	523	539
16	6	351648.0000000000	351648.0000000000	512	528	525	541
16	7	159840.0000000000	159840.0000000000	512	528	527	543
16	8	-32200.0000000000	-32200.0000000000	514	530	513	529
16	9	28175.0000000000	28175.0000000000	514	530	515	531
16	10	-367885.0000000000	-367885.0000000000	514	530	517	533
16	11	692300.0000000000	692300.0000000000	514	530	519	535
16	12	589260.0000000000	589260.0000000000	514	530	521	537
16	13	-322000.0000000000	-322000.0000000000	514	530	523	539
16	14	318780.0000000000	318780.0000000000	514	530	525	541
16	15	144900.0000000000	144900.0000000000	514	530	527	543
16	16	-17120.0000000000	-17120.0000000000	516	532	513	529
16	17	14980.0000000000	14980.0000000000	516	532	515	531
16	18	-195596.0000000000	-195596.0000000000	516	532	517	533
16	19	368080.0000000000	368080.0000000000	516	532	519	535
16	20	313296.0000000000	313296.0000000000	516	532	521	537
16	21	-171200.0000000000	-171200.0000000000	516	532	523	539
16	22	169488.0000000000	169488.0000000000	516	532	525	541
16	23	77040.0000000000	77040.0000000000	516	532	527	543
16	24	33320.0000000000	33320.0000000000	518	534	513	529
16	25	-29155.0000000000	-29155.0000000000	518	534	515	531
16	26	380681.0000000000	380681.0000000000	518	534	517	533
16	27	-716380.0000000000	-716380.0000000000	518	534	519	535
16	28	-609756.0000000000	-609756.0000000000	518	534	521	537
16	29	333200.0000000000	333200.0000000000	518	534	523	539
16	30	-329868.0000000000	-329868.0000000000	518	534	525	541
16	31	-149940.0000000000	-149940.0000000000	518	534	527	543
16	32	31200.0000000000	31200.0000000000	520	536	513	529
16	33	-27300.0000000000	-27300.0000000000	520	536	515	531
16	34	356460.0000000000	356460.0000000000	520	536	517	533
16	35	-670800.0000000000	-670800.0000000000	520	536	519	535
16	36	-570960.0000000000	-570960.0000000000	520	536	521	537
16	37	312000.0000000000	312000.0000000000	520	536	523	539
16	38	-308880.0000000000	-308880.0000000000	520	536	525	541
16	39	-140400.0000000000	-140400.0000000000	520	536	527	543
16	40	20280.0000000000	20280.0000000000	522	538	513	529
16	41	-17745.0000000000	-17745.0000000000	522	538	515	531
16	42	231699.0000000000	231699.0000000000	522	538	517	533
16	43	-436020.0000000000	-436020.0000000000	522	538	519	535
16	44	-371124.0000000000	-371124.0000000000	522	538	521	537
16	45	202800.0000000000	202800.0000000000	522	538	523	539
16	46	-200772.0000000000	-200772.0000000000	522	538	525	541
16	47	-91260.0000000000	-91260.0000000000	522	538	527	543
16	48	-8640.0000000000	-8640.0000000000	524	540	513	529
16	49	7560.0000000000	7560.0000000000	524	540	515	531
16	50	-98712.0000000000	-98712.0000000000	524	540	517	533
16	51	185760.0000000000	185760.0000000000	524	540	519	535
16	52	158112.0000000000	158112.0000000000	524	540	521	537
16	53	-86400.0000000000	-86400.0000000000	524	540	523	539
16	54	85536.0000000000	85536.0000000000	524	540	525	541
16	55	38880.0000000000	38880.0000000000	524	540	527	543
16	56	15920.0000000000	15920.0000000000	526	542	513	529
16	57	-13930.0000000000	-13930.0000000000	526	542	515	531
16	58	181886.0000000000	181886.0000000000	526	542	517	533
16	59	-342280.0000000000	-342280.0000000000	526	542	519	535
16	60	-291336.0000000000	-291336.0000000000	526	542	521	537
16	61	159200.0000000000	159200.0000000000	526	542	523	539
16	62	-157608.0000000000	-157608.0000000000	526	542	525	541
16	63	-71640.0000000000	-71640.0000000000	526	542	527	543
17	0	-596610.0000000000	-596610.0000000000	544	560	545	561
17	1	843777.0000000000	843777.0000000000	544	560	547	563
17	2	-173301.0000000000	-173301.0000000000	544	560	549	565
17	3	-415733.0000000000	-415733.0000000000	544	560	551	567
17	4	-66290.0000000000	-66290.0000000000	544	560	553	569
17	5	190347.0000000000	190347.0000000000	544	560	555	571
17	6	-573882.0000000000	-573882.0000000000	544	560	557	573
17	7	-142997.0000000000	-142997.0000000000	544	560	559	575
17	8	-767970.0000000000	-767970.0000000000	546	562	545	561
17	9	1086129.0000000000	1086129.0000000000	546	562	547	563
17	10	-223077.0000000000	-223077.0000000000	546	562	549	565
17	11	-535141.0000000000	-535141.0000000000	546	562	551	567
17	12	-85330.0000000000	-85330.0000000000	546	562	553	569
17	13	245019.0000000000	245019.0000000000	546	562	555	571
17	14	-738714.0000000000	-738714.0000000000	546	562	557	573
17	15	-184069.0000000000	-184069.0000000000	546	562	559	575
17	16	574560.0000000000	574560.0000000000	548	564	545	561
17	17	-812592.0000000000	-812592.0000000000	548	564	547	563
17	18	166896.0000000000	166896.0000000000	548	564	549	565
17	19	400368.0000000000	400368.0000000000	548	564	551	567
17	20	63840.0000000000	63840.0000000000	548	564	553	569
17	21	-183312.0000000000	-183312.0000000000	548	564	555	571
17	22	552672.0000000000	552672.0000000000	548	564	557	573
17	23	137712.0000000000	137712.0000000000	548	564	559	575
17	24	718830.0000000000	718830.0000000000	550	566	545	561
17	25	-1016631.0000000000	-1016631.0000000000	550	566	547	563
17	26	208803.0000000000	208803.0000000000	550	566	549	565
17	27	500899.0000000000	500899.0000000000	550	566	551	567
17	28	79870.0000000000	79870.0000000000	550	566	553	569
17	29	-229341.0000000000	-229341.0000000000	550	566	555	571
17	30	691446.0000000000	691446.0000000000	550	566	557	573
17	31	172291.0000000000	172291.0000000000	550	566	559	575
17	32	-286020.0000000000	-286020.0000000000	552	568	545	561
17	33	404514.0000000000	404514.0000000000	552	568	547	563
17	34	-83082.0000000000	-83082.0000000000	552	568	549	565
17	35	-199306.0000000000	-199306.0000000000	552	568	551	567
17	36	-31780.0000000000	-31780.0000000000	552	568	553	569
17	37	91254.0000000000	91254.0000000000	552	568	555	571
17	38	-275124.0000000000	-275124.0000000000	552	568	557	573
17	39	-68554.0000000000	-68554.0000000000	552	568	559	575
17	40	-384930.0000000000	-384930.0000000000	554	570	545	561
17	41	544401.0000000000	544401.0000000000	554	570	547	563
17	42	-111813.0000000000	-111813.0000000000	554	570	549	565
17	43	-268229.0000000000	-268229.0000000000	554	570	551	567
17	44	-42770.0000000000	-42770.0000000000	554	570	553	569
17	45	122811.0000000000	122811.0000000000	554	570	555	571
17	46	-370266.0000000000	-370266.0000000000	554	570	557	573
17	47	-92261.0000000000	-92261.0000000000	554	570	559	575
17	48	-430920.0000000000	-430920.0000000000	556	572	545	561
17	49	609444.0000000000	609444.0000000000	556	572	547	563
17	50	-125172.0000000000	-125172.0000000000	556	572	549	565
17	51	-300276.0000000000	-300276.0000000000	556	572	551	567
17	52	-47880.0000000000	-47880.0000000000	556	572	553	569
17	53	137484.0000000000	137484.0000000000	556	572	555	571
17	54	-414504.0000000000	-414504.0000000000	556	572	557	573
17	55	-103284.0000000000	-103284.0000000000	556	572	559	575
17	56	503370.0000000000	503370.0000000000	558	574	545	561
17	57	-711909.0000000000	-711909.0000000000	558	574	547	563
17	58	146217.0000000000	146217.0000000000	558	574	549	565
17	59	350761.0000000000	350761.0000000000	558	574	551	567
17	60	55930.0000000000	55930.0000000000	558	574	553	569
17	61	-160599.0000000000	-160599.0000000000	558	574	555	571
17	62	484194.0000000000	484194.0000000000	558	574	557	573
17	63	120649.0000000000	120649.0000000000	558	574	559	575
18	0	1320.0000000000	1320.0000000000	576	592	577	593
18	1	-2340.0000000000	-2340.0000000000	576	592	579	595
18	2	-8775.0000000000	-8775.0000000000	576	592	581	597
18	3	-2940.0000000000	-2940.0000000000	576	592	583	599
18	4	8520.0000000000	8520.0000000000	576	592	585	601
18	5	2415.0000000000	2415.0000000000	576	592	587	603
18	6	-6720.0000000000	-6720.0000000000	576	592	589	605
18	7	-2595.0000000000	-2595.0000000000	576	592	591	607
18	8	-62568.0000000000	-62568.0000000000	578	594	577	593
18	9	110916.0000000000	110916.0000000000	578	594	579	595
18	10	415935.0000000000	415935.0000000000	578	594	581	597
18	11	139356.0000000000	139356.0000000000	578	594	583	599
18	12	-403848.0000000000	-403848.0000000000	578	594	585	601
18	13	-114471.0000000000	-114471.0000000000	578	594	587	603
18	14	318528.0000000000	318528.0000000000	578	594	589	605
18	15	123003.0000000000	123003.0000000000	578	594	591	607
18	16	9152.0000000000	9152.0000000000	580	596	577	593
18	17	-16224.0000000000	-16224.0000000000	580	596	579	595
18	18	-60840.0000000000	-60840.0000000000	580	596	581	597
18	19	-20384.0000000000	-20384.0000000000	580	596	583	599
18	20	59072.0000000000	59072.0000000000	580	596	585	601
18	21	16744.0000000000	16744.0000000000	580	596	587	603
18	22	-46592.0000000000	-46592.0000000000	580	596	589	605
18	23	-17992.0000000000	-17992.0000000000	580	596	591	607
18	24	42064.0000000000	42064.0000000000	582	598	577	593
18	25	-74568.0000000000	-74568.0000000000	582	598	579	595
18	26	-279630.0000000000	-279630.0000000000	582	598	581	597
18	27	-93688.0000000000	-93688.0000000000	582	598	583	599
18	28	271504.0000000000	271504.0000000000	582	598	585	601
18	29	76958.0000000000	76958.0000000000	582	598	587	603
18	30	-214144.0000000000	-214144.0000000000	582	598	589	605
18	31	-82694.0000000000	-82694.0000000000	582	598	591	607
18	32	4664.0000000000	4664.0000000000	584	600	577	593
18	33	-8268.0000000000	-8268.0000000000	584	600	579	595
18	34	-31005.0000000000	-31005.0000000000	584	600	581	597
18	35	-10388.0000000000	-10388.0000000000	584	600	583	599
18	36	30104.0000000000	30104.0000000000	584	600	585	601
18	37	8533.0000000000	8533.0000000000	584	600	587	603
18	38	-23744.0000000000	-23744.0000000000	584	600	589	605
18	39	-9169.0000000000	-9169.0000000000	584	600	591	607
18	40	-54208.0000000000	-54208.0000000000	586	602	577	593
18	41	96096.0000000000	96096.0000000000	586	602	579	595
18	42	360360.0000000000	360360.0000000000	586	602	581	597
18	43	120736.0000000000	120736.0000000000	586	602	583	599
18	44	-349888.0000000000	-349888.0000000000	586	602	585	601
18	45	-99176.0000000000	-99176.0000000000	586	602	587	603
18	46	275968.0000000000	275968.0000000000	586	602	589	605
18	47	106568.0000000000	106568.0000000000	586	602	591	607
18	48	-52800.0000000000	-52800.0000000000	588	604	577	593
18	49	93600.0000000000	93600.0000000000	588	604	579	595
18	50	351000.0000000000	351000.0000000000	588	604	581	597
18	51	117600.0000000000	117600.0000000000	588	604	583	599
18	52	-340800.0000000000	-340800.0000000000	588	604	585	601
18	53	-96600.0000000000	-96600.0000000000	588	604	587	603
18	54	268800.0000000000	268800.0000000000	588	604	589	605
18	55	103800.0000000000	103800.0000000000	588	604	591	607
18	56	14960.0000000000	14960.0000000000	590	606	577	593
18	57	-26520.0000000000	-26520.0000000000	590	606	579	595
18	58	-99450.0000000000	-99450.0000000000	590	606	581	597
18	59	-33320.0000000000	-33320.0000000000	590	606	583	599
18	60	96560.0000000000	96560.0000000000	590	606	585	601
18	61	27370.0000000000	27370.0000000000	590	606	587	603
18	62	-76160.0000000000	-76160.0000000000	590	606	589	605
18	63	-29410.0000000000	-29410.0000000000	590	606	591	607
19	0	-119952.0000000000	-119952.0000000000	608	624	609	625
19	1	-827120.0000000000	-827120.0000000000	608	624	611	627
19	2	-27440.0000000000	-27440.0000000000	608	624	613	629
19	3	1111712.0000000000	1111712.0000000000	608	624	615	631
19	4	544096.0000000000	544096.0000000000	608	624	617	633
19	5	-337120.0000000000	-337120.0000000000	608	624	619	635
19	6	-460208.0000000000	-460208.0000000000	608	624	621	637
19	7	-873376.0000000000	-873376.0000000000	608	624	623	639
19	8	-161721.0000000000	-161721.0000000000	610	626	609	625
19	9	-1115135.0000000000	-1115135.0000000000	610	626	611	627
19	10	-36995.0000000000	-36995.0000000000	610	626	613	629
19	11	1498826.0000000000	1498826.0000000000	610	626	615	631
19	12	733558.0000000000	733558.0000000000	610	626	617	633
19	13	-454510.0000000000	-454510.0000000000	610	626	619	635
19	14	-620459.0000000000	-620459.0000000000	610	626	621	637
19	15	-1177498.0000000000	-1177498.0000000000	610	626	623	639
19	16	134028.0000000000	134028.0000000000	612	628	609	625
19	17	924180.0000000000	924180.0000000000	612	628	611	627
19	18	30660.0000000000	30660.0000000000	612	628	613	629
19	19	-1242168.0000000000	-1242168.0000000000	612	628	615	631
19	20	-607944.0000000000	-607944.0000000000	612	628	617	633
19	21	376680.0000000000	376680.0000000000	612	628	619	635
19	22	514212.0000000000	514212.0000000000	612	628	621	637
19	23	975864.0000000000	975864.0000000000	612	628	623	639
19	24	98532.0000000000	98532.0000000000	614	630	609	625
19	25	679420.0000000000	679420.0000000000	614	630	611	627
19	26	22540.0000000000	22540.0000000000	614	630	613	629
19	27	-913192.0000000000	-913192.0000000000	614	630	615	631
19	28	-446936.0000000000	-446936.0000000000	614	630	617	633
19	29	276920.0000000000	276920.0000000000	614	630	619	635
19	30	378028.0000000000	378028.0000000000	614	630	621	637
19	31	717416.0000000000	717416.0000000000	614	630	623	639
19	32	69921.0000000000	69921.0000000000	616	632	609	625
19	33	482135.0000000000	482135.0000000000	616	632	611	627
19	34	15995.0000000000	15995.0000000000	616	632	613	629
19	35	-648026.0000000000	-648026.0000000000	616	632	615	631
19	36	-317158.0000000000	-317158.0000000000	616	632	617	633
19	37	196510.0000000000	196510.0000000000	616	632	619	635
19	38	268259.0000000000	268259.0000000000	616	632	621	637
19	39	509098.0000000000	509098.0000000000	616	632	623	639
19	40	-121788.0000000000	-121788.0000000000	618	634	609	625
19	41	-839780.0000000000	-839780.0000000000	618	634	611	627
19	42	-27860.0000000000	-27860.0000000000	618	634	613	629
19	43	1128728.0000000000	1128728.0000000000	618	634	615	631
19	44	552424.0000000000	552424.0000000000	618	634	617	633
19	45	-342280.0000000000	-342280.0000000000	618	634	619	635
19	46	-467252.0000000000	-467252.0000000000	618	634	621	637
19	47	-886744.0000000000	-886744.0000000000	618	634	623	639
19	48	-86904.0000000000	-86904.0000000000	620	636	609	625
19	49	-599240.0000000000	-599240.0000000000	620	636	611	627
19	50	-19880.0000000000	-19880.0000000000	620	636	613	629
19	51	805424.0000000000	805424.0000000000	620	636	615	631
19	52	394192.0000000000	394192.0000000000	620	636	617	633
19	53	-244240.0000000000	-244240.0000000000	620	636	619	635
19	54	-333416.0000000000	-333416.0000000000	620	636	621	637
19	55	-632752.0000000000	-632752.0000000000	620	636	623	639
19	56	71451.0000000000	71451.0000000000	622	638	609	625
19	57	492685.0000000000	492685.0000000000	622	638	611	627
19	58	16345.0000000000	16345.0000000000	622	638	613	629
19	59	-662206.0000000000	-662206.0000000000	622	638	615	631
19	60	-324098.0000000000	-324098.0000000000	622	638	617	633
19	61	200810.0000000000	200810.0000000000	622	638	619	635
19	62	274129.0000000000	274129.0000000000	622	638	621	637
19	63	520238.0000000000	520238.0000000000	622	638	623	639
20	0	76201.0000000000	76201.0000000000	640	656	641	657
20	1	202080.0000000000	202080.0000000000	640	656	643	659
20	2	60624.0000000000	60624.0000000000	640	656	645	661
20	3	189029.0000000000	189029.0000000000	640	656	647	663
20	4	-46310.0000000000	-46310.0000000000	640	656	649	665
20	5	-130931.0000000000	-130931.0000000000	640	656	651	667
20	6	88831.0000000000	88831.0000000000	640	656	653	669
20	7	-45047.0000000000	-45047.0000000000	640	656	655	671
20	8	-89957.0000000000	-89957.0000000000	642	658	641	657
20	9	-238560.0000000000	-238560.0000000000	642	658	643	659
20	10	-71568.0000000000	-71568.0000000000	642	658	645	661
20	11	-223153.0000000000	-223153.0000000000	642	658	647	663
20	12	54670.0000000000	54670.0000000000	642	658	649	665
20	13	154567.0000000000	154567.0000000000	642	658	651	667
20	14	-104867.0000000000	-104867.0000000000	642	658	653	669
20	15	53179.0000000000	53179.0000000000	642	658	655	671
20	16	-183896.0000000000	-183896.0000000000	644	660	641	657
20	17	-487680.0000000000	-487680.0000000000	644	660	643	659
20	18	-146304.0000000000	-146304.0000000000	644	660	645	661
20	19	-456184.0000000000	-456184.0000000000	644	660	647	663
20	20	111760.0000000000	111760.0000000000	644	660	649	665
20	21	315976.0000000000	315976.0000000000	644	660	651	667
20	22	-214376.0000000000	-214376.0000000000	644	660	653	669
20	23	108712.0000000000	108712.0000000000	644	660	655	671
20	24	67694.0000000000	67694.0000000000	646	662	641	657
20	25	179520.0000000000	179520.0000000000	646	662	643	659
20	26	53856.0000000000	53856.0000000000	646	662	645	661
20	27	167926.0000000000	167926.0000000000	646	662	647	663
20	28	-41140.0000000000	-41140.0000000000	646	662	649	665
20	29	-116314.0000000000	-116314.0000000000	646	662	651	667
20	30	78914.0000000000	78914.0000000000	646	662	653	669
20	31	-40018.0000000000	-40018.0000000000	646	662	655	671
20	32	49232.0000000000	49232.0000000000	648	664	641	657
20	33	130560.0000000000	130560.0000000000	648	664	643	659
20	34	39168.0000000000	39168.0000000000	648	664	645	661
20	35	122128.0000000000	122128.0000000000	648	664	647	663
20	36	-29920.0000000000	-29920.0000000000	648	664	649	665
20	37	-84592.0000000000	-84592.0000000000	648	664	651	667
20	38	57392.0000000000	57392.0000000000	648	664	653	669
20	39	-29104.0000000000	-29104.0000000000	648	664	655	671
20	40	905.0000000000	905.0000000000	650	666	641	657
20	41	2400.0000000000	2400.0000000000	650	666	643	659
20	42	720.0000000000	720.0000000000	650	666	645	661
20	43	2245.0000000000	2245.0000000000	650	666	647	663
20	44	-550.0000000000	-550.0000000000	650	666	649	665
20	45	-1555.0000000000	-1555.0000000000	650	666	651	667
20	46	1055.0000000000	1055.0000000000	650	666	653	669
20	47	-535.0000000000	-535.0000000000	650	666	655	671
20	48	41992.0000000000	41992.0000000000	652	668	641	657
20	49	111360.0000000000	111360.0000000000	652	668	643	659
20	50	33408.0000000000	33408.0000000000	652	668	645	661
20	51	104168.0000000000	104168.0000000000	652	668	647	663
20	52	-25520.0000000000	-25520.0000000000	652	668	649	665
20	53	-72152.0000000000	-72152.0000000000	652	668	651	667
20	54	48952.0000000000	48952.0000000000	652	668	653	669
20	55	-24824.0000000000	-24824.0000000000	652	668	655	671
20	56	85975.0000000000	85975.0000000000	654	670	641	657
20	57	228000.0000000000	228000.0000000000	654	670	643	659
20	58	68400.0000000000	68400.0000000000	654	670	645	661
20	59	213275.0000000000	213275.0000000000	654	670	647	663
20	60	-52250.0000000000	-52250.0000000000	654	670	649	665
20	61	-147725.0000000000	-147725.0000000000	654	670	651	667
20	62	100225.0000000000	100225.0000000000	654	670	653	669
20	63	-50825.0000000000	-50825.0000000000	654	670	655	671
21	0	-5260.0000000000	-5260.0000000000	672	688	673	689
21	1	185415.0000000000	185415.0000000000	672	688	675	691
21	2	159904.0000000000	159904.0000000000	672	688	677	693
21	3	163849.0000000000	163849.0000000000	672	688	679	695
21	4	526.0000000000	526.0000000000	672	688	681	697
21	5	-150962.0000000000	-150962.0000000000	672	688	683	699
21	6	-253269.0000000000	-253269.0000000000	672	688	685	701
21	7	-147806.0000000000	-147806.0000000000	672	688	687	703
21	8	-7900.0000000000	-7900.0000000000	674	690	673	689
21	9	278475.0000000000	278475.0000000000	674	690	675	691
21	10	240160.0000000000	240160.0000000000	674	690	677	693
21	11	246085.0000000000	246085.0000000000	674	690	679	695
21	12	790.0000000000	790.0000000000	674	690	681	697
21	13	-226730.0000000000	-226730.0000000000	674	690	683	699
21	14	-380385.0000000000	-380385.0000000000	674	690	685	701
21	15	-221990.0000000000	-221990.0000000000	674	690	687	703
21	16	-8960.0000000000	-8960.0000000000	676	692	673	689
21	17	315840.0000000000	315840.0000000000	676	692	675	691
21	18	272384.0000000000	272384.0000000000	676	692	677	693
21	19	279104.0000000000	279104.0000000000	676	692	679	695
21	20	896.0000000000	896.0000000000	676	692	681	697
21	21	-257152.0000000000	-257152.0000000000	676	692	683	699
21	22	-431424.0000000000	-431424.0000000000	676	692	685	701
21	23	-251776.0000000000	-251776.0000000000	676	692	687	703
21	24	15560.0000000000	15560.0000000000	678	694	673	689
21	25	-548490.0000000000	-548490.0000000000	678	694	675	691
21	26	-473024.0000000000	-473024.0000000000	678	694	677	693
21	27	-484694.0000000000	-484694.0000000000	678	694	679	695
21	28	-1556.0000000000	-1556.0000000000	678	694	681	697
21	29	446572.0000000000	446572.0000000000	678	694	683	699
21	30	749214.0000000000	749214.0000000000	678	694	685	701
21	31	437236.0000000000	437236.0000000000	678	694	687	703
21	32	-1180.0000000000	-1180.0000000000	680	696	673	689
21	33	41595.0000000000	41595.0000000000	680	696	675	691
21	34	35872.0000000000	35872.0000000000	680	696	677	693
21	35	36757.0000000000	36757.0000000000	680	696	679	695
21	36	118.0000000000	118.0000000000	680	696	681	697
21	37	-33866.0000000000	-33866.0000000000	680	696	683	699
21	38	-56817.0000000000	-56817.0000000000	680	696	685	701
21	39	-33158.0000000000	-33158.0000000000	680	696	687	703
21	40	820.0000000000	820.0000000000	682	698	673	689
21	41	-28905.0000000000	-28905.0000000000	682	698	675	691
21	42	-24928.0000000000	-24928.0000000000	682	698	677	693
21	43	-25543.0000000000	-25543.0000000000	682	698	679	695
21	44	-82.0000000000	-82.0000000000	682	698	681	697
21	45	23534.0000000000	23534.0000000000	682	698	683	699
21	46	39483.0000000000	39483.0000000000	682	698	685	701
21	47	23042.0000000000	23042.0000000000	682	698	687	703
21	48	14800.0000000000	14800.0000000000	684	700	673	689
21	49	-521700.0000000000	-521700.0000000000	684	700	675	691
21	50	-449920.0000000000	-449920.0000000000	684	700	677	693
21	51	-461020.0000000000	-461020.0000000000	684	700	679	695
21	52	-1480.0000000000	-1480.0000000000	684	700	681	697
21	53	424760.0000000000	424760.0000000000	684	700	683	699
21	54	712620.0000000000	712620.0000000000	684	700	685	701
21	55	415880.0000000000	415880.0000000000	684	700	687	703
21	56	-10100.0000000000	-10100.0000000000	686	702	673	689
21	57	356025.0000000000	356025.0000000000	686	702	675	691
21	58	307040.0000000000	307040.0000000000	686	702	677	693
21	59	314615.0000000000	314615.0000000000	686	702	679	695
21	60	1010.0000000000	1010.0000000000	686	702	681	697
21	61	-289870.0000000000	-289870.0000000000	686	702	683	699
21	62	-486315.0000000000	-486315.0000000000	686	702	685	701
21	63	-283810.0000000000	-283810.0000000000	686	702	687	703
22	0	-44184.0000000000	-44184.0000000000	704	720	705	721
22	1	-14336.0000000000	-14336.0000000000	704	720	707	723
22	2	-10136.0000000000	-10136.0000000000	704	720	709	725
22	3	56728.0000000000	56728.0000000000	704	720	711	727
22	4	44520.0000000000	44520.0000000000	704	720	713	729
22	5	21336.0000000000	21336.0000000000	704	720	715	731
22	6	-37464.0000000000	-37464.0000000000	704	720	717	733
22	7	35896.0000000000	35896.0000000000	704	720	719	735
22	8	-422115.0000000000	-422115.0000000000	706	722	705	721
22	9	-136960.0000000000	-136960.0000000000	706	722	707	723
22	10	-96835.0000000000	-96835.0000000000	706	722	709	725
22	11	541955.0000000000	541955.0000000000	706	722	711	727
22	12	425325.0000000000	425325.0000000000	706	722	713	729
22	13	203835.0000000000	203835.0000000000	706	722	715	731
22	14	-357915.0000000000	-357915.0000000000	706	722	717	733
22	15	342935.0000000000	342935.0000000000	706	722	719	735
22	16	88368.0000000000	88368.0000000000	708	724	705	721
22	17	28672.0000000000	28672.0000000000	708	724	707	723
22	18	20272.0000000000	20272.0000000000	708	724	709	725
22	19	-113456.0000000000	-113456.0000000000	708	724	711	727
22	20	-89040.0000000000	-89040.0000000000	708	724	713	729
22	21	-42672.0000000000	-42672.0000000000	708	724	715	731
22	22	74928.0000000000	74928.0000000000	708	724	717	733
22	23	-71792.0000000000	-71792.0000000000	708	724	719	735
22	24	321912.0000000000	321912.0000000000	710	726	705	721
22	25	104448.0000000000	104448.0000000000	710	726	707	723
22	26	73848.0000000000	73848.0000000000	710	726	709	725
22	27	-413304.0000000000	-413304.0000000000	710	726	711	727
22	28	-324360.0000000000	-324360.0000000000	710	726	713	729
22	29	-155448.0000000000	-155448.0000000000	710	726	715	731
22	30	272952.0000000000	272952.0000000000	710	726	717	733
22	31	-261528.0000000000	-261528.0000000000	710	726	719	735
22	32	479712.0000000000	479712.0000000000	712	728	705	721
22	33	155648.0000000000	155648.0000000000	712	728	707	723
22	34	110048.0000000000	110048.0000000000	712	728	709	725
22	35	-615904.0000000000	-615904.0000000000	712	728	711	727
22	36	-483360.0000000000	-483360.0000000000	712	728	713	729
22	37	-231648.0000000000	-231648.0000000000	712	728	715	731
22	38	406752.0000000000	406752.0000000000	712	728	717	733
22	39	-389728.0000000000	-389728.0000000000	712	728	719	735
22	40	505749.0000000000	505749.0000000000	714	730	705	721
22	41	164096.0000000000	164096.0000000000	714	730	707	723
22	42	116021.0000000000	116021.0000000000	714	730	709	725
22	43	-649333.0000000000	-649333.0000000000	714	730	711	727
22	44	-509595.0000000000	-509595.0000000000	714	730	713	729
22	45	-244221.0000000000	-244221.0000000000	714	730	715	731
22	46	428829.0000000000	428829.0000000000	714	730	717	733
22	47	-410881.0000000000	-410881.0000000000	714	730	719	735
22	48	-321912.0000000000	-321912.0000000000	716	732	705	721
22	49	-104448.0000000000	-104448.0000000000	716	732	707	723
22	50	-73848.0000000000	-73848.0000000000	716	732	709	725
22	51	413304.0000000000	413304.0000000000	716	732	711	727
22	52	324360.0000000000	324360.0000000000	716	732	713	729
22	53	155448.0000000000	155448.0000000000	716	732	715	731
22	54	-272952.0000000000	-272952.0000000000	716	732	717	733
22	55	261528.0000000000	261528.0000000000	716	732	719	735
22	56	-376353.0000000000	-376353.0000000000	718	734	705	721
22	57	-122112.0000000000	-122112.0000000000	718	734	707	723
22	58	-86337.0000000000	-86337.0000000000	718	734	709	725
22	59	483201.0000000000	483201.0000000000	718	734	711	727
22	60	379215.0000000000	379215.0000000000	718	734	713	729
22	61	181737.0000000000	181737.0000000000	718	734	715	731
22	62	-319113.0000000000	-319113.0000000000	718	734	717	733
22	63	305757.0000000000	305757.0000000000	718	734	719	735
23	0	102144.0000000000	102144.0000000000	736	752	737	753
23	1	26880.0000000000	26880.0000000000	736	752	739	755
23	2	58240.0000000000	58240.0000000000	736	752	741	757
23	3	56784.0000000000	56784.0000000000	736	752	743	759
23	4	90048.0000000000	90048.0000000000	736	752	745	761
23	5	17808.0000000000	17808.0000000000	736	752	747	763
23	6	-34384.0000000000	-34384.0000000000	736	752	749	765
23	7	-79296.0000000000	-79296.0000000000	736	752	751	767
23	8	259920.0000000000	259920.0000000000	738	754	737	753
23	9	68400.0000000000	68400.0000000000	738	754	739	755
23	10	148200.0000000000	148200.0000000000	738	754	741	757
23	11	144495.0000000000	144495.0000000000	738	754	743	759
23	12	229140.0000000000	229140.0000000000	738	754	745	761
23	13	45315.0000000000	45315.0000000000	738	754	747	763
23	14	-87495.0000000000	-87495.0000000000	738	754	749	765
23	15	-201780.0000000000	-201780.0000000000	738	754	751	767
23	16	693120.0000000000	693120.0000000000	740	756	737	753
23	17	182400.0000000000	182400.0000000000	740	756	739	755
23	18	395200.0000000000	395200.0000000000	740	756	741	757
23	19	385320.0000000000	385320.0000000000	740	756	743	759
23	20	611040.0000000000	611040.0000000000	740	756	745	761
23	21	120840.0000000000	120840.0000000000	740	756	747	763
23	22	-233320.0000000000	-233320.0000000000	740	756	749	765
23	23	-538080.0000000000	-538080.0000000000	740	756	751	767
23	24	322848.0000000000	322848.0000000000	742	758	737	753
23	25	84960.0000000000	84960.0000000000	742	758	739	755
23	26	184080.0000000000	184080.0000000000	742	758	741	757
23	27	179478.0000000000	179478.0000000000	742	758	743	759
23	28	284616.0000000000	284616.0000000000	742	758	745	761
23	29	56286.0000000000	56286.0000000000	742	758	747	763
23	30	-108678.0000000000	-108678.0000000000	742	758	749	765
23	31	-250632.0000000000	-250632.0000000000	742	758	751	767
23	32	-507984.0000000000	-507984.0000000000	744	760	737	753
23	33	-133680.0000000000	-133680.0000000000	744	760	739	755
23	34	-289640.0000000000	-289640.0000000000	744	760	741	757
23	35	-282399.0000000000	-282399.0000000000	744	760	743	759
23	36	-447828.0000000000	-447828.0000000000	744	760	745	761
23	37	-88563.0000000000	-88563.0000000000	744	760	747	763
23	38	170999.0000000000	170999.0000000000	744	760	749	765
23	39	394356.0000000000	394356.0000000000	744	760	751	767
23	40	331968.0000000000	331968.0000000000	746	762	737	753
23	41	87360.0000000000	87360.0000000000	746	762	739	755
23	42	189280.0000000000	189280.0000000000	746	762	741	757
23	43	184548.0000000000	184548.0000000000	746	762	743	759
23	44	292656.0000000000	292656.0000000000	746	762	745	761
23	45	57876.0000000000	57876.0000000000	746	762	747	763
23	46	-111748.0000000000	-111748.0000000000	746	762	749	765
23	47	-257712.0000000000	-257712.0000000000	746	762	751	767
23	48	-565440.0000000000	-565440.0000000000	748	764	737	753
23	49	-148800.0000000000	-148800.0000000000	748	764	739	755
23	50	-322400.0000000000	-322400.0000000000	748	764	741	757
23	51	-314340.0000000000	-314340.0000000000	748	764	743	759
23	52	-498480.0000000000	-498480.0000000000	748	764	745	761
23	53	-98580.0000000000	-98580.0000000000	748	764	747	763
23	54	190340.0000000000	190340.0000000000	748	764	749	765
23	55	438960.0000000000	438960.0000000000	748	764	751	767
23	56	78432.0000000000	78432.0000000000	750	766	737	753
23	57	20640.0000000000	20640.0000000000	750	766	739	755
23	58	44720.0000000000	44720.0000000000	750	766	741	757
23	59	43602.0000000000	43602.0000000000	750	766	743	759
23	60	69144.0000000000	69144.0000000000	750	766	745	761
23	61	13674.0000000000	13674.0000000000	750	766	747	763
23	62	-26402.0000000000	-26402.0000000000	750	766	749	765
23	63	-60888.0000000000	-60888.0000000000	750	766	751	767
24	0	909832.0000000000	909832.0000000000	768	784	769	785
24	1	873540.0000000000	873540.0000000000	768	784	771	787
24	2	-289492.0000000000	-289492.0000000000	768	784	773	789
24	3	248136.0000000000	248136.0000000000	768	784	775	791
24	4	-343508.0000000000	-343508.0000000000	768	784	777	793
24	5	-217752.0000000000	-217752.0000000000	768	784	779	795
24	6	-427908.0000000000	-427908.0000000000	768	784	781	797
24	7	-259108.0000000000	-259108.0000000000	768	784	783	799
24	8	-501270.0000000000	-501270.0000000000	770	786	769	785
24	9	-481275.0000000000	-481275.0000000000	770	786	771	787
24	10	159495.0000000000	159495.0000000000	770	786	773	789
24	11	-136710.0000000000	-136710.0000000000	770	786	775	791
24	12	189255.0000000000	189255.0000000000	770	786	777	793
24	13	119970.0000000000	119970.0000000000	770	786	779	795
24	14	235755.0000000000	235755.0000000000	770	786	781	797
24	15	142755.0000000000	142755.0000000000	770	786	783	799
24	16	-836528.0000000000	-836528.0000000000	772	788	769	785
24	17	-803160.0000000000	-803160.0000000000	772	788	771	787
24	18	266168.0000000000	266168.0000000000	772	788	773	789
24	19	-228144.0000000000	-228144.0000000000	772	788	775	791
24	20	315832.0000000000	315832.0000000000	772	788	777	793
24	21	200208.0000000000	200208.0000000000	772	788	779	795
24	22	393432.0000000000	393432.0000000000	772	788	781	797
24	23	238232.0000000000	238232.0000000000	772	788	783	799
24	24	758912.0000000000	758912.0000000000	774	790	769	785
24	25	728640.0000000000	728640.0000000000	774	790	771	787
24	26	-241472.0000000000	-241472.0000000000	774	790	773	789
24	27	206976.0000000000	206976.0000000000	774	790	775	791
24	28	-286528.0000000000	-286528.0000000000	774	790	777	793
24	29	-181632.0000000000	-181632.0000000000	774	790	779	795
24	30	-356928.0000000000	-356928.0000000000	774	790	781	797
24	31	-216128.0000000000	-216128.0000000000	774	790	783	799
24	32	1338876.0000000000	1338876.0000000000	776	792	769	785
24	33	1285470.0000000000	1285470.0000000000	776	792	771	787
24	34	-426006.0000000000	-426006.0000000000	776	792	773	789
24	35	365148.0000000000	365148.0000000000	776	792	775	791
24	36	-505494.0000000000	-505494.0000000000	776	792	777	793
24	37	-320436.0000000000	-320436.0000000000	776	792	779	795
24	38	-629694.0000000000	-629694.0000000000	776	792	781	797
24	39	-381294.0000000000	-381294.0000000000	776	792	783	799
24	40	678062.0000000000	678062.0000000000	778	794	769	785
24	41	651015.0000000000	651015.0000000000	778	794	771	787
24	42	-215747.0000000000	-215747.0000000000	778	794	773	789
24	43	184926.0000000000	184926.0000000000	778	794	775	791
24	44	-256003.0000000000	-256003.0000000000	778	794	777	793
24	45	-162282.0000000000	-162282.0000000000	778	794	779	795
24	46	-318903.0000000000	-318903.0000000000	778	794	781	797
24	47	-193103.0000000000	-193103.0000000000	778	794	783	799
24	48	595056.0000000000	595056.0000000000	780	796	769	785
24	49	571320.0000000000	571320.0000000000	780	796	771	787
24	50	-189336.0000000000	-189336.0000000000	780	796	773	789
24	51	162288.0000000000	162288.0000000000	780	796	775	791
24	52	-224664.0000000000	-224664.0000000000	780	796	777	793
24	53	-142416.0000000000	-142416.0000000000	780	796	779	795
24	54	-279864.0000000000	-279864.0000000000	780	796	781	797
24	55	-169464.0000000000	-169464.0000000000	780	796	783	799
24	56	-1152382.0000000000	-1152382.0000000000	782	798	769	785
24	57	-1106415.0000000000	-1106415.0000000000	782	798	771	787
24	58	366667.0000000000	366667.0000000000	782	798	773	789
24	59	-314286.0000000000	-314286.0000000000	782	798	775	791
24	60	435083.0000000000	435083.0000000000	782	798	777	793
24	61	275802.0000000000	275802.0000000000	782	798	779	795
24	62	541983.0000000000	541983.0000000000	782	798	781	797
24	63	328183.0000000000	328183.0000000000	782	798	783	799
25	0	-17664.0000000000	-17664.0000000000	800	816	801	817
25	1	-3404.0000000000	-3404.0000000000	800	816	803	819
25	2	14628.0000000000	14628.0000000000	800	816	805	821
25	3	-9844.0000000000	-9844.0000000000	800	816	807	823
25	4	-18032.0000000000	-18032.0000000000	800	816	809	825
25	5	5244.0000000000	5244.0000000000	800	816	811	827
25	6	-5060.0000000000	-5060.0000000000	800	816	813	829
25	7	41216.0000000000	41216.0000000000	800	816	815	831
25	8	-1728.0000000000	-1728.0000000000	802	818	801	817
25	9	-333.0000000000	-333.0000000000	802	818	803	819
25	10	1431.0000000000	1431.0000000000	802	818	805	821
25	11	-963.0000000000	-963.0000000000	802	818	807	823
25	12	-1764.0000000000	-1764.0000000000	802	818	809	825
25	13	513.0000000000	513.0000000000	802	818	811	827
25	14	-495.0000000000	-495.0000000000	802	818	813	829
25	15	4032.0000000000	4032.0000000000	802	818	815	831
25	16	171264.0000000000	171264.0000000000	804	820	801	817
25	17	33004.0000000000	33004.0000000000	804	820	803	819
25	18	-141828.0000000000	-141828.0000000000	804	820	805	821
25	19	95444.0000000000	95444.0000000000	804	820	807	823
25	20	174832.0000000000	174832.0000000000	804	820	809	825
25	21	-50844.0000000000	-50844.0000000000	804	820	811	827
25	22	49060.0000000000	49060.0000000000	804	820	813	829
25	23	-399616.0000000000	-399616.0000000000	804	820	815	831
25	24	19008.0000000000	19008.0000000000	806	822	801	817
25	25	3663.0000000000	3663.0000000000	806	822	803	819
25	26	-15741.0000000000	-15741.0000000000	806	822	805	821
25	27	10593.0000000000	10593.0000000000	806	822	807	823
25	28	19404.0000000000	19404.0000000000	806	822	809	825
25	29	-5643.0000000000	-5643.0000000000	806	822	811	827
25	30	5445.0000000000	5445.0000000000	806	822	813	829
25	31	-44352.0000000000	-44352.0000000000	806	822	815	831
25	32	-143808.0000000000	-143808.0000000000	808	824	801	817
25	33	-27713.0000000000	-27713.0000000000	808	824	803	819
25	34	119091.0000000000	119091.0000000000	808	824	805	821
25	35	-80143.0000000000	-80143.0000000000	808	824	807	823
25	36	-146804.0000000000	-146804.0000000000	808	824	809	825
25	37	42693.0000000000	42693.0000000000	808	824	811	827
25	38	-41195.0000000000	-41195.0000000000	808	824	813	829
25	39	335552.0000000000	335552.0000000000	808	824	815	831
25	40	-37440.0000000000	-37440.0000000000	810	826	801	817
25	41	-7215.0000000000	-7215.0000000000	810	826	803	819
25	42	31005.0000000000	31005.0000000000	810	826	805	821
25	43	-20865.0000000000	-20865.0000000000	810	826	807	823
25	44	-38220.0000000000	-38220.0000000000	810	826	809	825
25	45	11115.0000000000	11115.0000000000	810	826	811	827
25	46	-10725.0000000000	-10725.0000000000	810	826	813	829
25	47	87360.0000000000	87360.0000000000	810	826	815	831
25	48	-9984.0000000000	-9984.0000000000	812	828	801	817
25	49	-1924.0000000000	-1924.0000000000	812	828	803	819
25	50	8268.0000000000	8268.0000000000	812	828	805	821
25	51	-5564.0000000000	-5564.0000000000	812	828	807	823
25	52	-10192.0000000000	-10192.0000000000	812	828	809	825
25	53	2964.0000000000	2964.0000000000	812	828	811	827
25	54	-2860.0000000000	-2860.0000000000	812	828	813	829
25	55	23296.0000000000	23296.0000000000	812	828	815	831
25	56	114048.0000000000	114048.0000000000	814	830	801	817
25	57	21978.0000000000	21978.0000000000	814	830	803	819
25	58	-94446.0000000000	-94446.0000000000	814	830	805	821
25	59	63558.0000000000	63558.0000000000	814	830	807	823
25	60	116424.0000000000	116424.0000000000	814	830	809	825
25	61	-33858.0000000000	-33858.0000000000	814	830	811	827
25	62	32670.0000000000	32670.0000000000	814	830	813	829
25	63	-266112.0000000000	-266112.0000000000	814	830	815	831
26	0	-99600.0000000000	-99600.0000000000	832	848	833	849
26	1	-69600.0000000000	-69600.0000000000	832	848	835	851
26	2	42000.0000000000	42000.0000000000	832	848	837	853
26	3	9840.0000000000	9840.0000000000	832	848	839	855
26	4	-49260.0000000000	-49260.0000000000	832	848	841	857
26	5	-47220.0000000000	-47220.0000000000	832	848	843	859
26	6	-5820.0000000000	-5820.0000000000	832	848	845	861
26	7	54420.0000000000	54420.0000000000	832	848	847	863
26	8	167660.0000000000	167660.0000000000	834	850	833	849
26	9	117160.0000000000	117160.0000000000	834	850	835	851
26	10	-70700.0000000000	-70700.0000000000	834	850	837	853
26	11	-16564.0000000000	-16564.0000000000	834	850	839	855
26	12	82921.0000000000	82921.0000000000	834	850	841	857
26	13	79487.0000000000	79487.0000000000	834	850	843	859
26	14	9797.0000000000	9797.0000000000	834	850	845	861
26	15	-91607.0000000000	-91607.0000000000	834	850	847	863
26	16	-664000.0000000000	-664000.0000000000	836	852	833	849
26	17	-464000.0000000000	-464000.0000000000	836	852	835	851
26	18	280000.0000000000	280000.0000000000	836	852	837	853
26	19	65600.0000000000	65600.0000000000	836	852	839	855
26	20	-328400.0000000000	-328400.0000000000	836	852	841	857
26	21	-314800.0000000000	-314800.0000000000	836	852	843	859
26	22	-38800.0000000000	-38800.0000000000	836	852	845	861
26	23	362800.0000000000	362800.0000000000	836	852	847	863
26	24	-424960.0000000000	-424960.0000000000	838	854	833	849
26	25	-296960.0000000000	-296960.0000000000	838	854	835	851
26	26	179200.0000000000	179200.0000000000	838	854	837	853
26	27	41984.0000000000	41984.0000000000	838	854	839	855
26	28	-210176.0000000000	-210176.0000000000	838	854	841	857
26	29	-201472.0000000000	-201472.0000000000	838	854	843	859
26	30	-24832.0000000000	-24832.0000000000	838	854	845	861
26	31	232192.0000000000	232192.0000000000	838	854	847	863
26	32	-1158680.0000000000	-1158680.0000000000	840	856	833	849
26	33	-809680.0000000000	-809680.0000000000	840	856	835	851
26	34	488600.0000000000	488600.0000000000	840	856	837	853
26	35	114472.0000000000	114472.0000000000	840	856	839	855
26	36	-573058.0000000000	-573058.0000000000	840	856	841	857
26	37	-549326.0000000000	-549326.0000000000	840	856	843	859
26	38	-67706.0000000000	-67706.0000000000	840	856	845	861
26	39	633086.0000000000	633086.0000000000	840	856	847	863
26	40	-459820.0000000000	-459820.0000000000	842	858	833	849
26	41	-321320.0000000000	-321320.0000000000	842	858	835	851
26	42	193900.0000000000	193900.0000000000	842	858	837	853
26	43	45428.0000000000	45428.0000000000	842	858	839	855
26	44	-227417.0000000000	-227417.0000000000	842	858	841	857
26	45	-217999.0000000000	-217999.0000000000	842	858	843	859
26	46	-26869.0000000000	-26869.0000000000	842	858	845	861
26	47	251239.0000000000	251239.0000000000	842	858	847	863
26	48	544480.0000000000	544480.0000000000	844	860	833	849
26	49	380480.0000000000	380480.0000000000	844	860	835	851
26	50	-229600.0000000000	-229600.0000000000	844	860	837	853
26	51	-53792.0000000000	-53792.0000000000	844	860	839	855
26	52	269288.0000000000	269288.0000000000	844	860	841	857
26	53	258136.0000000000	258136.0000000000	844	860	843	859
26	54	31816.0000000000	31816.0000000000	844	860	845	861
26	55	-297496.0000000000	-297496.0000000000	844	860	847	863
26	56	177620.0000000000	177620.0000000000	846	862	833	849
26	57	124120.0000000000	124120.0000000000	846	862	835	851
26	58	-74900.0000000000	-74900.0000000000	846	862	837	853
26	59	-17548.0000000000	-17548.0000000000	846	862	839	855
26	60	87847.0000000000	87847.0000000000	846	862	841	857
26	61	84209.0000000000	84209.0000000000	846	862	843	859
26	62	10379.0000000000	10379.0000000000	846	862	845	861
26	63	-97049.0000000000	-97049.0000000000	846	862	847	863
27	0	399397.0000000000	399397.0000000000	864	880	865	881
27	1	92302.0000000000	92302.0000000000	864	880	867	883
27	2	-201954.0000000000	-201954.0000000000	864	880	869	885
27	3	-94037.0000000000	-94037.0000000000	864	880	871	887
27	4	-92649.0000000000	-92649.0000000000	864	880	873	889
27	5	-110693.0000000000	-110693.0000000000	864	880	875	891
27	6	9022.0000000000	9022.0000000000	864	880	877	893
27	7	56214.0000000000	56214.0000000000	864	880	879	895
27	8	597369.0000000000	597369.0000000000	866	882	865	881
27	9	138054.0000000000	138054.0000000000	866	882	867	883
27	10	-302058.0000000000	-302058.0000000000	866	882	869	885
27	11	-140649.0000000000	-140649.0000000000	866	882	871	887
27	12	-138573.0000000000	-138573.0000000000	866	882	873	889
27	13	-165561.0000000000	-165561.0000000000	866	882	875	891
27	14	13494.0000000000	13494.0000000000	866	882	877	893
27	15	84078.0000000000	84078.0000000000	866	882	879	895
27	16	-593916.0000000000	-593916.0000000000	868	884	865	881
27	17	-137256.0000000000	-137256.0000000000	868	884	867	883
27	18	300312.0000000000	300312.0000000000	868	884	869	885
27	19	139836.0000000000	139836.0000000000	868	884	871	887
27	20	137772.0000000000	137772.0000000000	868	884	873	889
27	21	164604.0000000000	164604.0000000000	868	884	875	891
27	22	-13416.0000000000	-13416.0000000000	868	884	877	893
27	23	-83592.0000000000	-83592.0000000000	868	884	879	895
27	24	-57550.0000000000	-57550.0000000000	870	886	865	881
27	25	-13300.0000000000	-13300.0000000000	870	886	867	883
27	26	29100.0000000000	29100.0000000000	870	886	869	885
27	27	13550.0000000000	13550.0000000000	870	886	871	887
27	28	13350.0000000000	13350.0000000000	870	886	873	889
27	29	15950.0000000000	15950.0000000000	870	886	875	891
27	30	-1300.0000000000	-1300.0000000000	870	886	877	893
27	31	-8100.0000000000	-8100.0000000000	870	886	879	895
27	32	-229049.0000000000	-229049.0000000000	872	888	865	881
27	33	-52934.0000000000	-52934.0000000000	872	888	867	883
27	34	115818.0000000000	115818.0000000000	872	888	869	885
27	35	53929.0000000000	53929.0000000000	872	888	871	887
27	36	53133.0000000000	53133.0000000000	872	888	873	889
27	37	63481.0000000000	63481.0000000000	872	888	875	891
27	38	-5174.0000000000	-5174.0000000000	872	888	877	893
27	39	-32238.0000000000	-32238.0000000000	872	888	879	895
27	40	-352206.0000000000	-352206.0000000000	874	890	865	881
27	41	-81396.0000000000	-81396.0000000000	874	890	867	883
27	42	178092.0000000000	178092.0000000000	874	890	869	885
27	43	82926.0000000000	82926.0000000000	874	890	871	887
27	44	81702.0000000000	81702.0000000000	874	890	873	889
27	45	97614.0000000000	97614.0000000000	874	890	875	891
27	46	-7956.0000000000	-7956.0000000000	874	890	877	893
27	47	-49572.0000000000	-49572.0000000000	874	890	879	895
27	48	-179556.0000000000	-179556.0000000000	876	892	865	881
27	49	-41496.0000000000	-41496.0000000000	876	892	867	883
27	50	90792.0000000000	90792.0000000000	876	892	869	885
27	51	42276.0000000000	42276.0000000000	876	892	871	887
27	52	41652.0000000000	41652.0000000000	876	892	873	889
27	53	49764.0000000000	49764.0000000000	876	892	875	891
27	54	-4056.0000000000	-4056.0000000000	876	892	877	893
27	55	-25272.0000000000	-25272.0000000000	876	892	879	895
27	56	-473061.0000000000	-473061.0000000000	878	894	865	881
27	57	-109326.0000000000	-109326.0000000000	878	894	867	883
27	58	239202.0000000000	239202.0000000000	878	894	869	885
27	59	111381.0000000000	111381.0000000000	878	894	871	887
27	60	109737.0000000000	109737.0000000000	878	894	873	889
27	61	131109.0000000000	131109.0000000000	878	894	875	891
27	62	-10686.0000000000	-10686.0000000000	878	894	877	893
27	63	-66582.0000000000	-66582.0000000000	878	894	879	895
28	0	40068.0000000000	40068.0000000000	896	912	897	913
28	1	247616.0000000000	247616.0000000000	896	912	899	915
28	2	101760.0000000000	101760.0000000000	896	912	901	917
28	3	-170660.0000000000	-170660.0000000000	896	912	903	919
28	4	-172144.0000000000	-172144.0000000000	896	912	905	921
28	5	55120.0000000000	55120.0000000000	896	912	907	923
28	6	364640.0000000000	364640.0000000000	896	912	909	925
28	7	122748.0000000000	122748.0000000000	896	912	911	927
28	8	67095.0000000000	67095.0000000000	898	914	897	913
28	9	414640.0000000000	414640.0000000000	898	914	899	915
28	10	170400.0000000000	170400.0000000000	898	914	901	917
28	11	-285775.0000000000	-285775.0000000000	898	914	903	919
28	12	-288260.0000000000	-288260.0000000000	898	914	905	921
28	13	92300.0000000000	92300.0000000000	898	914	907	923
28	14	610600.0000000000	610600.0000000000	898	914	909	925
28	15	205545.0000000000	205545.0000000000	898	914	911	927
28	16	-30240.0000000000	-30240.0000000000	900	916	897	913
28	17	-186880.0000000000	-186880.0000000000	900	916	899	915
28	18	-76800.0000000000	-76800.0000000000	900	916	901	917
28	19	128800.0000000000	128800.0000000000	900	916	903	919
28	20	129920.0000000000	129920.0000000000	900	916	905	921
28	21	-41600.0000000000	-41600.0000000000	900	916	907	923
28	22	-275200.0000000000	-275200.0000000000	900	916	909	925
28	23	-92640.0000000000	-92640.0000000000	900	916	911	927
28	24	35343.0000000000	35343.0000000000	902	918	897	913
28	25	218416.0000000000	218416.0000000000	902	918	899	915
28	26	89760.0000000000	89760.0000000000	902	918	901	917
28	27	-150535.0000000000	-150535.0000000000	902	918	903	919
28	28	-151844.0000000000	-151844.0000000000	902	918	905	921
28	29	48620.0000000000	48620.0000000000	902	918	907	923
28	30	321640.0000000000	321640.0000000000	902	918	909	925
28	31	108273.0000000000	108273.0000000000	902	918	911	927
28	32	-30429.0000000000	-30429.0000000000	904	920	897	913
28	33	-188048.0000000000	-188048.0000000000	904	920	899	915
28	34	-77280.0000000000	-77280.0000000000	904	920	901	917
28	35	129605.0000000000	129605.0000000000	904	920	903	919
28	36	130732.0000000000	130732.0000000000	904	920	905	921
28	37	-41860.0000000000	-41860.0000000000	904	920	907	923
28	38	-276920.0000000000	-276920.0000000000	904	920	909	925
28	39	-93219.0000000000	-93219.0000000000	904	920	911	927
28	40	86184.0000000000	86184.0000000000	906	922	897	913
28	41	532608.0000000000	532608.0000000000	906	922	899	915
28	42	218880.0000000000	218880.0000000000	906	922	901	917
28	43	-367080.0000000000	-367080.0000000000	906	922	903	919
28	44	-370272.0000000000	-370272.0000000000	906	922	905	921
28	45	118560.0000000000	118560.0000000000	906	922	907	923
28	46	784320.0000000000	784320.0000000000	906	922	909	925
28	47	264024.0000000000	264024.0000000000	906	922	911	927
28	48	75600.0000000000	75600.0000000000	908	924	897	913
28	49	467200.0000000000	467200.0000000000	908	924	899	915
28	50	192000.0000000000	192000.0000000000	908	924	901	917
28	51	-322000.0000000000	-322000.0000000000	908	924	903	919
28	52	-324800.0000000000	-324800.0000000000	908	924	905	921
28	53	104000.0000000000	104000.0000000000	908	924	907	923
28	54	688000.0000000000	688000.0000000000	908	924	909	925
28	55	231600.0000000000	231600.0000000000	908	924	911	927
28	56	150444.0000000000	150444.0000000000	910	926	897	913
28	57	929728.0000000000	929728.0000000000	910	926	899	915
28	58	382080.0000000000	382080.0000000000	910	926	901	917
28	59	-640780.0000000000	-640780.0000000000	910	926	903	919
28	60	-646352.0000000000	-646352.0000000000	910	926	905	921
28	61	206960.0000000000	206960.0000000000	910	926	907	923
28	62	1369120.0000000000	1369120.0000000000	910	926	909	925
28	63	460884.0000000000	460884.0000000000	910	926	911	927
29	0	495840.0000000000	495840.0000000000	928	944	929	945
29	1	160320.0000000000	160320.0000000000	928	944	931	947
29	2	-104640.0000000000	-104640.0000000000	928	944	933	949
29	3	-166080.0000000000	-166080.0000000000	928	944	935	951
29	4	-66240.0000000000	-66240.0000000000	928	944	937	953
29	5	-81600.0000000000	-81600.0000000000	928	944	939	955
29	6	300960.0000000000	300960.0000000000	928	944	941	957
29	7	41280.0000000000	41280.0000000000	928	944	943	959
29	8	472081.0000000000	472081.0000000000	930	946	929	945
29	9	152638.0000000000	152638.0000000000	930	946	931	947
29	10	-99626.0000000000	-99626.0000000000	930	946	933	949
29	11	-158122.0000000000	-158122.0000000000	930	946	935	951
29	12	-63066.0000000000	-63066.0000000000	930	946	937	953
29	13	-77690.0000000000	-77690.0000000000	930	946	939	955
29	14	286539.0000000000	286539.0000000000	930	946	941	957
29	15	39302.0000000000	39302.0000000000	930	946	943	959
29	16	-789212.0000000000	-789212.0000000000	932	948	929	945
29	17	-255176.0000000000	-255176.0000000000	932	948	931	947
29	18	166552.0000000000	166552.0000000000	932	948	933	949
29	19	264344.0000000000	264344.0000000000	932	948	935	951
29	20	105432.0000000000	105432.0000000000	932	948	937	953
29	21	129880.0000000000	129880.0000000000	932	948	939	955
29	22	-479028.0000000000	-479028.0000000000	932	948	941	957
29	23	-65704.0000000000	-65704.0000000000	932	948	943	959
29	24	-542325.0000000000	-542325.0000000000	934	950	929	945
29	25	-175350.0000000000	-175350.0000000000	934	950	931	947
29	26	114450.0000000000	114450.0000000000	934	950	933	949
29	27	181650.0000000000	181650.0000000000	934	950	935	951
29	28	72450.0000000000	72450.0000000000	934	950	937	953
29	29	89250.0000000000	89250.0000000000	934	950	939	955
29	30	-329175.0000000000	-329175.0000000000	934	950	941	957
29	31	-45150.0000000000	-45150.0000000000	934	950	943	959
29	32	210732.0000000000	210732.0000000000	936	952	929	945
29	33	68136.0000000000	68136.0000000000	936	952	931	947
29	34	-44472.0000000000	-44472.0000000000	936	952	933	949
29	35	-70584.0000000000	-70584.0000000000	936	952	935	951
29	36	-28152.0000000000	-28152.0000000000	936	952	937	953
29	37	-34680.0000000000	-34680.0000000000	936	952	939	955
29	38	127908.0000000000	127908.0000000000	936	952	941	957
29	39	17544.0000000000	17544.0000000000	936	952	943	959
29	40	697275.0000000000	697275.0000000000	938	954	929	945
29	41	225450.0000000000	225450.0000000000	938	954	931	947
29	42	-147150.0000000000	-147150.0000000000	938	954	933	949
29	43	-233550.0000000000	-233550.0000000000	938	954	935	951
29	44	-93150.0000000000	-93150.0000000000	938	954	937	953
29	45	-114750.0000000000	-114750.0000000000	938	954	939	955
29	46	423225.0000000000	423225.0000000000	938	954	941	957
29	47	58050.0000000000	58050.0000000000	938	954	943	959
29	48	595008.0000000000	595008.0000000000	940	956	929	945
29	49	192384.0000000000	192384.0000000000	940	956	931	947
29	50	-125568.0000000000	-125568.0000000000	940	956	933	949
29	51	-199296.0000000000	-199296.0000000000	940	956	935	951
29	52	-79488.0000000000	-79488.0000000000	940	956	937	953
29	53	-97920.0000000000	-97920.0000000000	940	956	939	955
29	54	361152.0000000000	361152.0000000000	940	956	941	957
29	55	49536.0000000000	49536.0000000000	940	956	943	959
29	56	974119.0000000000	974119.0000000000	942	958	929	945
29	57	314962.0000000000	314962.0000000000	942	958	931	947
29	58	-205574.0000000000	-205574.0000000000	942	958	933	949
29	59	-326278.0000000000	-326278.0000000000	942	958	935	951
29	60	-130134.0000000000	-130134.0000000000	942	958	937	953
29	61	-160310.0000000000	-160310.0000000000	942	958	939	955
29	62	591261.0000000000	591261.0000000000	942	958	941	957
29	63	81098.0000000000	81098.0000000000	942	958	943	959
30	0	592493.0000000000	592493.0000000000	960	976	961	977
30	1	528917.0000000000	528917.0000000000	960	976	963	979
30	2	656069.0000000000	656069.0000000000	960	976	965	981
30	3	193377.0000000000	193377.0000000000	960	976	967	983
30	4	-793817.0000000000	-793817.0000000000	960	976	969	985
30	5	-392935.0000000000	-392935.0000000000	960	976	971	987
30	6	457394.0000000000	457394.0000000000	960	976	973	989
30	7	835318.0000000000	835318.0000000000	960	976	975	991
30	8	-104676.0000000000	-104676.0000000000	962	978	961	977
30	9	-93444.0000000000	-93444.0000000000	962	978	963	979
30	10	-115908.0000000000	-115908.0000000000	962	978	965	981
30	11	-34164.0000000000	-34164.0000000000	962	978	967	983
30	12	140244.0000000000	140244.0000000000	962	978	969	985
30	13	69420.0000000000	69420.0000000000	962	978	971	987
30	14	-80808.0000000000	-80808.0000000000	962	978	973	989
30	15	-147576.0000000000	-147576.0000000000	962	978	975	991
30	16	-622688.0000000000	-622688.0000000000	964	980	961	977
30	17	-555872.0000000000	-555872.0000000000	964	980	963	979
30	18	-689504.0000000000	-689504.0000000000	964	980	965	981
30	19	-203232.0000000000	-203232.0000000000	964	980	967	983
30	20	834272.0000000000	834272.0000000000	964	980	969	985
30	21	412960.0000000000	412960.0000000000	964	980	971	987
30	22	-480704.0000000000	-480704.0000000000	964	980	973	989
30	23	-877888.0000000000	-877888.0000000000	964	980	975	991
30	24	-205997.0000000000	-205997.0000000000	966	982	961	977
30	25	-183893.0000000000	-183893.0000000000	966	982	963	979
30	26	-228101.0000000000	-228101.0000000000	966	982	965	981
30	27	-67233.0000000000	-67233.0000000000	966	982	967	983
30	28	275993.0000000000	275993.0000000000	966	982	969	985
30	29	136615.0000000000	136615.0000000000	966	982	971	987
30	30	-159026.0000000000	-159026.0000000000	966	982	973	989
30	31	-290422.0000000000	-290422.0000000000	966	982	975	991
30	32	520696.0000000000	520696.0000000000	968	984	961	977
30	33	464824.0000000000	464824.0000000000	968	984	963	979
30	34	576568.0000000000	576568.0000000000	968	984	965	981
30	35	169944.0000000000	169944.0000000000	968	984	967	983
30	36	-697624.0000000000	-697624.0000000000	968	984	969	985
30	37	-345320.0000000000	-345320.0000000000	968	984	971	987
30	38	401968.0000000000	401968.0000000000	968	984	973	989
30	39	734096.0000000000	734096.0000000000	968	984	975	991
30	40	375089.0000000000	375089.0000000000	970	986	961	977
30	41	334841.0000000000	334841.0000000000	970	986	963	979
30	42	415337.0000000000	415337.0000000000	970	986	965	981
30	43	122421.0000000000	122421.0000000000	970	986	967	983
30	44	-502541.0000000000	-502541.0000000000	970	986	969	985
30	45	-248755.0000000000	-248755.0000000000	970	986	971	987
30	46	289562.0000000000	289562.0000000000	970	986	973	989
30	47	528814.0000000000	528814.0000000000	970	986	975	991
30	48	-263032.0000000000	-263032.0000000000	972	988	961	977
30	49	-234808.0000000000	-234808.0000000000	972	988	963	979
30	50	-291256.0000000000	-291256.0000000000	972	988	965	981
30	51	-85848.0000000000	-85848.0000000000	972	988	967	983
30	52	352408.0000000000	352408.0000000000	972	988	969	985
30	53	174440.0000000000	174440.0000000000	972	988	971	987
30	54	-203056.0000000000	-203056.0000000000	972	988	973	989
30	55	-370832.0000000000	-370832.0000000000	972	988	975	991
30	56	-418033.0000000000	-418033.0000000000	974	990	961	977
30	57	-373177.0000000000	-373177.0000000000	974	990	963	979
30	58	-462889.0000000000	-462889.0000000000	974	990	965	981
30	59	-136437.0000000000	-136437.0000000000	974	990	967	983
30	60	560077.0000000000	560077.0000000000	974	990	969	985
30	61	277235.0000000000	277235.0000000000	974	990	971	987
30	62	-322714.0000000000	-322714.0000000000	974	990	973	989
30	63	-589358.0000000000	-589358.0000000000	974	990	975	991
31	0	4320.0000000000	4320.0000000000	992	1008	993	1009
31	1	8784.0000000000	8784.0000000000	992	1008	995	1011
31	2	-13104.0000000000	-13104.0000000000	992	1008	997	1013
31	3	11772.0000000000	11772.0000000000	992	1008	999	1015
31	4	14688.0000000000	14688.0000000000	992	1008	1001	1017
31	5	-7200.0000000000	-7200.0000000000	992	1008	1003	1019
31	6	24516.0000000000	24516.0000000000	992	1008	1005	1021
31	7	2304.0000000000	2304.0000000000	992	1008	1007	1023
31	8	-20760.0000000000	-20760.0000000000	994	1010	993	1009
31	9	-42212.0000000000	-42212.0000000000	994	1010	995	1011
31	10	62972.0000000000	62972.0000000000	994	1010	997	1013
31	11	-56571.0000000000	-56571.0000000000	994	1010	999	1015
31	12	-70584.0000000000	-70584.0000000000	994	1010	1001	1017
31	13	34600.0000000000	34600.0000000000	994	1010	1003	1019
31	14	-117813.0000000000	-117813.0000000000	994	1010	1005	1021
31	15	-11072.0000000000	-11072.0000000000	994	1010	1007	1023
31	16	73440.0000000000	73440.0000000000	996	1012	993	1009
31	17	149328.0000000000	149328.0000000000	996	1012	995	1011
31	18	-222768.0000000000	-222768.0000000000	996	1012	997	1013
31	19	200124.0000000000	200124.0000000000	996	1012	999	1015
31	20	249696.0000000000	249696.0000000000	996	1012	1001	1017
31	21	-122400.0000000000	-122400.0000000000	996	1012	1003	1019
31	22	416772.0000000000	416772.0000000000	996	1012	1005	1021
31	23	39168.0000000000	39168.0000000000	996	1012	1007	1023
31	24	4080.0000000000	4080.0000000000	998	1014	993	1009
31	25	8296.0000000000	8296.0000000000	998	1014	995	1011
31	26	-12376.0000000000	-12376.0000000000	998	1014	997	1013
31	27	11118.0000000000	11118.0000000000	998	1014	999	1015
31	28	13872.0000000000	13872.0000000000	998	1014	1001	1017
31	29	-6800.0000000000	-6800.0000000000	998	1014	1003	1019
31	30	23154.0000000000	23154.0000000000	998	1014	1005	1021
31	31	2176.0000000000	2176.0000000000	998	1014	1007	1023
31	32	24960.0000000000	24960.0000000000	1000	1016	993	1009
31	33	50752.0000000000	50752.0000000000	1000	1016	995	1011
31	34	-75712.0000000000	-75712.0000000000	1000	1016	997	1013
31	35	68016.0000000000	68016.0000000000	1000	1016	999	1015
31	36	84864.0000000000	84864.0000000000	1000	1016	1001	1017
31	37	-41600.0000000000	-41600.0000000000	1000	1016	1003	1019
31	38	141648.0000000000	141648.0000000000	1000	1016	1005	1021
31	39	13312.0000000000	13312.0000000000	1000	1016	1007	1023
31	40	28200.0000000000	28200.0000000000	1002	1018	993	1009
31	41	57340.0000000000	57340.0000000000	1002	1018	995	1011
31	42	-85540.0000000000	-85540.0000000000	1002	1018	997	1013
31	43	76845.0000000000	76845.0000000000	1002	1018	999	1015
31	44	95880.0000000000	95880.0000000000	1002	1018	1001	1017
31	45	-47000.0000000000	-47000.0000000000	1002	1018	1003	1019
31	46	160035.0000000000	160035.0000000000	1002	1018	1005	1021
31	47	15040.0000000000	15040.0000000000	1002	1018	1007	1023
31	48	-40320.0000000000	-40320.0000000000	1004	1020	993	1009
31	49	-81984.0000000000	-81984.0000000000	1004	1020	995	1011
31	50	122304.0000000000	122304.0000000000	1004	1020	997	1013
31	51	-109872.0000000000	-109872.0000000000	1004	1020	999	1015
31	52	-137088.0000000000	-137088.0000000000	1004	1020	1001	1017
31	53	67200.0000000000	67200.0000000000	1004	1020	1003	1019
31	54	-228816.0000000000	-228816.0000000000	1004	1020	1005	1021
31	55	-21504.0000000000	-21504.0000000000	1004	1020	1007	1023
31	56	-123000.0000000000	-123000.0000000000	1006	1022	993	1009
31	57	-250100.0000000000	-250100.0000000000	1006	1022	995	1011
31	58	373100.0000000000	373100.0000000000	1006	1022	997	1013
31	59	-335175.0000000000	-335175.0000000000	1006	1022	999	1015
31	60	-418200.0000000000	-418200.0000000000	1006	1022	1001	1017
31	61	205000.0000000000	205000.0000000000	1006	1022	1003	1019
31	62	-698025.0000000000	-698025.0000000000	1006	1022	1005	1021
31	63	-65600.0000000000	-65600.0000000000	1006	1022	1007	1023
32	0	67200.0000000000	67200.0000000000	1024	1040	1025	1041
32	1	71200.0000000000	71200.0000000000	1024	1040	1027	1043
32	2	419200.0000000000	419200.0000000000	1024	1040	1029	1045
32	3	-198400.0000000000	-198400.0000000000	1024	1040	1031	1047
32	4	-469600.0000000000	-469600.0000000000	1024	1040	1033	1049
32	5	-112000.0000000000	-112000.0000000000	1024	1040	1035	1051
32	6	-180000.0000000000	-180000.0000000000	1024	1040	1037	1053
32	7	500000.0000000000	500000.0000000000	1024	1040	1039	1055
32	8	77868.0000000000	77868.0000000000	1026	1042	1025	1041
32	9	82503.0000000000	82503.0000000000	1026	1042	1027	1043
32	10	485748.0000000000	485748.0000000000	1026	1042	1029	1045
32	11	-229896.0000000000	-229896.0000000000	1026	1042	1031	1047
32	12	-544149.0000000000	-544149.0000000000	1026	1042	1033	1049
32	13	-129780.0000000000	-129780.0000000000	1026	1042	1035	1051
32	14	-208575.0000000000	-208575.0000000000	1026	1042	1037	1053
32	15	579375.0000000000	579375.0000000000	1026	1042	1039	1055
32	16	-28224.0000000000	-28224.0000000000	1028	1044	1025	1041
32	17	-29904.0000000000	-29904.0000000000	1028	1044	1027	1043
32	18	-176064.0000000000	-176064.0000000000	1028	1044	1029	1045
32	19	83328.0000000000	83328.0000000000	1028	1044	1031	1047
32	20	197232.0000000000	197232.0000000000	1028	1044	1033	1049
32	21	47040.0000000000	47040.0000000000	1028	1044	1035	1051
32	22	75600.0000000000	75600.0000000000	1028	1044	1037	1053
32	23	-210000.0000000000	-210000.0000000000	1028	1044	1039	1055
32	24	-80304.0000000000	-80304.0000000000	1030	1046	1025	1041
32	25	-85084.0000000000	-85084.0000000000	1030	1046	1027	1043
32	26	-500944.0000000000	-500944.0000000000	1030	1046	1029	1045
32	27	237088.0000000000	237088.0000000000	1030	1046	1031	1047
32	28	561172.0000000000	561172.0000000000	1030	1046	1033	1049
32	29	133840.0000000000	133840.0000000000	1030	1046	1035	1051
32	30	215100.0000000000	215100.0000000000	1030	1046	1037	1053
32	31	-597500.0000000000	-597500.0000000000	1030	1046	1039	1055
32	32	16212.0000000000	16212.0000000000	1032	1048	1025	1041
32	33	17177.0000000000	17177.0000000000	1032	1048	1027	1043
32	34	101132.0000000000	101132.0000000000	1032	1048	1029	1045
32	35	-47864.0000000000	-47864.0000000000	1032	1048	1031	1047
32	36	-113291.0000000000	-113291.0000000000	1032	1048	1033	1049
32	37	-27020.0000000000	-27020.0000000000	1032	1048	1035	1051
32	38	-43425.0000000000	-43425.0000000000	1032	1048	1037	1053
32	39	120625.0000000000	120625.0000000000	1032	1048	1039	1055
32	40	-6048.0000000000	-6048.0000000000	1034	1050	1025	1041
32	41	-6408.0000000000	-6408.0000000000	1034	1050	1027	1043
32	42	-37728.0000000000	-37728.0000000000	1034	1050	1029	1045
32	43	17856.0000000000	17856.0000000000	1034	1050	1031	1047
32	44	42264.0000000000	42264.0000000000	1034	1050	1033	1049
32	45	10080.0000000000	10080.0000000000	1034	1050	1035	1051
32	46	16200.0000000000	16200.0000000000	1034	1050	1037	1053
32	47	-45000.0000000000	-45000.0000000000	1034	1050	1039	1055
32	48	-34944.0000000000	-34944.0000000000	1036	1052	1025	1041
32	49	-37024.0000000000	-37024.0000000000	1036	1052	1027	1043
32	50	-217984.0000000000	-217984.0000000000	1036	1052	1029	1045
32	51	103168.0000000000	103168.0000000000	1036	1052	1031	1047
32	52	244192.0000000000	244192.0000000000	1036	1052	1033	1049
32	53	58240.0000000000	58240.0000000000	1036	1052	1035	1051
32	54	93600.0000000000	93600.0000000000	1036	1052	1037	1053
32	55	-260000.0000000000	-260000.0000000000	1036	1052	1039	1055
32	56	-54516.0000000000	-54516.0000000000	1038	1054	1025	1041
32	57	-57761.0000000000	-57761.0000000000	1038	1054	1027	1043
32	58	-340076.0000000000	-340076.0000000000	1038	1054	1029	1045
32	59	160952.0000000000	160952.0000000000	1038	1054	1031	1047
32	60	380963.0000000000	380963.0000000000	1038	1054	1033	1049
32	61	90860.0000000000	90860.0000000000	1038	1054	1035	1051
32	62	146025.0000000000	146025.0000000000	1038	1054	1037	1053
32	63	-405625.0000000000	-405625.0000000000	1038	1054	1039	1055
33	0	-178285.0000000000	-178285.0000000000	1056	1072	1057	1073
33	1	987955.0000000000	987955.0000000000	1056	1072	1059	1075
33	2	-2955.0000000000	-2955.0000000000	1056	1072	1061	1077
33	3	-88650.0000000000	-88650.0000000000	1056	1072	1063	1079
33	4	-380210.0000000000	-380210.0000000000	1056	1072	1065	1081
33	5	-265950.0000000000	-265950.0000000000	1056	1072	1067	1083
33	6	-562435.0000000000	-562435.0000000000	1056	1072	1069	1085
33	7	183210.0000000000	183210.0000000000	1056	1072	1071	1087
33	8	-30770.0000000000	-30770.0000000000	1058	1074	1057	1073
33	9	170510.0000000000	170510.0000000000	1058	1074	1059	1075
33	10	-510.0000000000	-510.0000000000	1058	1074	1061	1077
33	11	-15300.0000000000	-15300.0000000000	1058	1074	1063	1079
33	12	-65620.0000000000	-65620.0000000000	1058	1074	1065	1081
33	13	-45900.0000000000	-45900.0000000000	1058	1074	1067	1083
33	14	-97070.0000000000	-97070.0000000000	1058	1074	1069	1085
33	15	31620.0000000000	31620.0000000000	1058	1074	1071	1087
33	16	3620.0000000000	3620.0000000000	1060	1076	1057	1073
33	17	-20060.0000000000	-20060.0000000000	1060	1076	1059	1075
33	18	60.0000000000	60.0000000000	1060	1076	1061	1077
33	19	1800.0000000000	1800.0000000000	1060	1076	1063	1079
33	20	7720.0000000000	7720.0000000000	1060	1076	1065	1081
33	21	5400.0000000000	5400.0000000000	1060	1076	1067	1083
33	22	11420.0000000000	11420.0000000000	1060	1076	1069	1085
33	23	-3720.0000000000	-3720.0000000000	1060	1076	1071	1087
33	24	104256.0000000000	104256.0000000000	1062	1078	1057	1073
33	25	-577728.0000000000	-577728.0000000000	1062	1078	1059	1075
33	26	1728.0000000000	1728.0000000000	1062	1078	1061	1077
33	27	51840.0000000000	51840.0000000000	1062	1078	1063	1079
33	28	222336.0000000000	222336.0000000000	1062	1078	1065	1081
33	29	155520.0000000000	155520.0000000000	1062	1078	1067	1083
33	30	328896.0000000000	328896.0000000000	1062	1078	1069	1085
33	31	-107136.0000000000	-107136.0000000000	1062	1078	1071	1087
33	32	32037.0000000000	32037.0000000000	1064	1080	1057	1073
33	33	-177531.0000000000	-177531.0000000000	1064	1080	1059	1075
33	34	531.0000000000	531.0000000000	1064	1080	1061	1077
33	35	15930.0000000000	15930.0000000000	1064	1080	1063	1079
33	36	68322.0000000000	68322.0000000000	1064	1080	1065	1081
33	37	47790.0000000000	47790.0000000000	1064	1080	1067	1083
33	38	101067.0000000000	101067.0000000000	1064	1080	1069	1085
33	39	-32922.0000000000	-32922.0000000000	1064	1080	1071	1087
33	40	-28055.0000000000	-28055.0000000000	1066	1082	1057	1073
33	41	155465.0000000000	155465.0000000000	1066	1082	1059	1075
33	42	-465.0000000000	-465.0000000000	1066	1082	1061	1077
33	43	-13950.0000000000	-13950.0000000000	1066	1082	1063	1079
33	44	-59830.0000000000	-59830.0000000000	1066	1082	1065	1081
33	45	-41850.0000000000	-41850.0000000000	1066	1082	1067	1083
33	46	-88505.0000000000	-88505.0000000000	1066	1082	1069	1085
33	47	28830.0000000000	28830.0000000000	1066	1082	1071	1087
33	48	-39096.0000000000	-39096.0000000000	1068	1084	1057	1073
33	49	216648.0000000000	216648.0000000000	1068	1084	1059	1075
33	50	-648.0000000000	-648.0000000000	1068	1084	1061	1077
33	51	-19440.0000000000	-19440.0000000000	1068	1084	1063	1079
33	52	-83376.0000000000	-83376.0000000000	1068	1084	1065	1081
33	53	-58320.0000000000	-58320.0000000000	1068	1084	1067	1083
33	54	-123336.0000000000	-123336.0000000000	1068	1084	1069	1085
33	55	40176.0000000000	40176.0000000000	1068	1084	1071	1087
33	56	-64255.0000000000	-64255.0000000000	1070	1086	1057	1073
33	57	356065.0000000000	356065.0000000000	1070	1086	1059	1075
33	58	-1065.0000000000	-1065.0000000000	1070	1086	1061	1077
33	59	-31950.0000000000	-31950.0000000000	1070	1086	1063	1079
33	60	-137030.0000000000	-137030.0000000000	1070	1086	1065	1081
33	61	-95850.0000000000	-95850.0000000000	1070	1086	1067	1083
33	62	-202705.0000000000	-202705.0000000000	1070	1086	1069	1085
33	63	66030.0000000000	66030.0000000000	1070	1086	1071	1087
34	0	-26928.0000000000	-26928.0000000000	1088	1104	1089	1105
34	1	40320.0000000000	40320.0000000000	1088	1104	1091	1107
34	2	-66816.0000000000	-66816.0000000000	1088	1104	1093	1109
34	3	-169920.0000000000	-169920.0000000000	1088	1104	1095	1111
34	4	-30384.0000000000	-30384.0000000000	1088	1104	1097	1113
34	5	-139248.0000000000	-139248.0000000000	1088	1104	1099	1115
34	6	-113472.0000000000	-113472.0000000000	1088	1104	1101	1117
34	7	-12240.0000000000	-12240.0000000000	1088	1104	1103	1119
34	8	105842.0000000000	105842.0000000000	1090	1106	1089	1105
34	9	-158480.0000000000	-158480.0000000000	1090	1106	1091	1107
34	10	262624.0000000000	262624.0000000000	1090	1106	1093	1109
34	11	667880.0000000000	667880.0000000000	1090	1106	1095	1111
34	12	119426.0000000000	119426.0000000000	1090	1106	1097	1113
34	13	547322.0000000000	547322.0000000000	1090	1106	1099	1115
34	14	446008.0000000000	446008.0000000000	1090	1106	1101	1117
34	15	48110.0000000000	48110.0000000000	1090	1106	1103	1119
34	16	13464.0000000000	13464.0000000000	1092	1108	1089	1105
34	17	-20160.0000000000	-20160.0000000000	1092	1108	1091	1107
34	18	33408.0000000000	33408.0000000000	1092	1108	1093	1109
34	19	84960.0000000000	84960.0000000000	1092	1108	1095	1111
34	20	15192.0000000000	15192.0000000000	1092	1108	1097	1113
34	21	69624.0000000000	69624.0000000000	1092	1108	1099	1115
34	22	56736.0000000000	56736.0000000000	1092	1108	1101	1117
34	23	6120.0000000000	6120.0000000000	1092	1108	1103	1119
34	24	81345.0000000000	81345.0000000000	1094	1110	1089	1105
34	25	-121800.0000000000	-121800.0000000000	1094	1110	1091	1107
34	26	201840.0000000000	201840.0000000000	1094	1110	1093	1109
34	27	513300.0000000000	513300.0000000000	1094	1110	1095	1111
34	28	91785.0000000000	91785.0000000000	1094	1110	1097	1113
34	29	420645.0000000000	420645.0000000000	1094	1110	1099	1115
34	30	342780.0000000000	342780.0000000000	1094	1110	1101	1117
34	31	36975.0000000000	36975.0000000000	1094	1110	1103	1119
34	32	54604.0000000000	54604.0000000000	1096	1112	1089	1105
34	33	-81760.0000000000	-81760.0000000000	1096	1112	1091	1107
34	34	135488.0000000000	135488.0000000000	1096	1112	1093	1109
34	35	344560.0000000000	344560.0000000000	1096	1112	1095	1111
34	36	61612.0000000000	61612.0000000000	1096	1112	1097	1113
34	37	282364.0000000000	282364.0000000000	1096	1112	1099	1115
34	38	230096.0000000000	230096.0000000000	1096	1112	1101	1117
34	39	24820.0000000000	24820.0000000000	1096	1112	1103	1119
34	40	229823.0000000000	229823.0000000000	1098	1114	1089	1105
34	41	-344120.0000000000	-344120.0000000000	1098	1114	1091	1107
34	42	570256.0000000000	570256.0000000000	1098	1114	1093	1109
34	43	1450220.0000000000	1450220.0000000000	1098	1114	1095	1111
34	44	259319.0000000000	259319.0000000000	1098	1114	1097	1113
34	45	1188443.0000000000	1188443.0000000000	1098	1114	1099	1115
34	46	968452.0000000000	968452.0000000000	1098	1114	1101	1117
34	47	104465.0000000000	104465.0000000000	1098	1114	1103	1119
34	48	164560.0000000000	164560.0000000000	1100	1116	1089	1105
34	49	-246400.0000000000	-246400.0000000000	1100	1116	1091	1107
34	50	408320.0000000000	408320.0000000000	1100	1116	1093	1109
34	51	1038400.0000000000	1038400.0000000000	1100	1116	1095	1111
34	52	185680.0000000000	185680.0000000000	1100	1116	1097	1113
34	53	850960.0000000000	850960.0000000000	1100	1116	1099	1115
34	54	693440.0000000000	693440.0000000000	1100	1116	1101	1117
34	55	74800.0000000000	74800.0000000000	1100	1116	1103	1119
34	56	-199529.0000000000	-199529.0000000000	1102	1118	1089	1105
34	57	298760.0000000000	298760.0000000000	1102	1118	1091	1107
34	58	-495088.0000000000	-495088.0000000000	1102	1118	1093	1109
34	59	-1259060.0000000000	-1259060.0000000000	1102	1118	1095	1111
34	60	-225137.0000000000	-225137.0000000000	1102	1118	1097	1113
34	61	-1031789.0000000000	-1031789.0000000000	1102	1118	1099	1115
34	62	-840796.0000000000	-840796.0000000000	1102	1118	1101	1117
34	63	-90695.0000000000	-90695.0000000000	1102	1118	1103	1119
35	0	-709700.0000000000	-709700.0000000000	1120	1136	1121	1137
35	1	-501960.0000000000	-501960.0000000000	1120	1136	1123	1139
35	2	-109980.0000000000	-109980.0000000000	1120	1136	1125	1141
35	3	-219960.0000000000	-219960.0000000000	1120	1136	1127	1143
35	4	339340.0000000000	339340.0000000000	1120	1136	1129	1145
35	5	410780.0000000000	410780.0000000000	1120	1136	1131	1147
35	6	-29140.0000000000	-29140.0000000000	1120	1136	1133	1149
35	7	51700.0000000000	51700.0000000000	1120	1136	1135	1151
35	8	-382030.0000000000	-382030.0000000000	1122	1138	1121	1137
35	9	-270204.0000000000	-270204.0000000000	1122	1138	1123	1139
35	10	-59202.0000000000	-59202.0000000000	1122	1138	1125	1141
35	11	-118404.0000000000	-118404.0000000000	1122	1138	1127	1143
35	12	182666.0000000000	182666.0000000000	1122	1138	1129	1145
35	13	221122.0000000000	221122.0000000000	1122	1138	1131	1147
35	14	-15686.0000000000	-15686.0000000000	1122	1138	1133	1149
35	15	27830.0000000000	27830.0000000000	1122	1138	1135	1151
35	16	298980.0000000000	298980.0000000000	1124	1140	1121	1137
35	17	211464.0000000000	211464.0000000000	1124	1140	1123	1139
35	18	46332.0000000000	46332.0000000000	1124	1140	1125	1141
35	19	92664.0000000000	92664.0000000000	1124	1140	1127	1143
35	20	-142956.0000000000	-142956.0000000000	1124	1140	1129	1145
35	21	-173052.0000000000	-173052.0000000000	1124	1140	1131	1147
35	22	12276.0000000000	12276.0000000000	1124	1140	1133	1149
35	23	-21780.0000000000	-21780.0000000000	1124	1140	1135	1151
35	24	585125.0000000000	585125.0000000000	1126	1142	1121	1137
35	25	413850.0000000000	413850.0000000000	1126	1142	1123	1139
35	26	90675.0000000000	90675.0000000000	1126	1142	1125	1141
35	27	181350.0000000000	181350.0000000000	1126	1142	1127	1143
35	28	-279775.0000000000	-279775.0000000000	1126	1142	1129	1145
35	29	-338675.0000000000	-338675.0000000000	1126	1142	1131	1147
35	30	24025.0000000000	24025.0000000000	1126	1142	1133	1149
35	31	-42625.0000000000	-42625.0000000000	1126	1142	1135	1151
35	32	724045.0000000000	724045.0000000000	1128	1144	1121	1137
35	33	512106.0000000000	512106.0000000000	1128	1144	1123	1139
35	34	112203.0000000000	112203.0000000000	1128	1144	1125	1141
35	35	224406.0000000000	224406.0000000000	1128	1144	1127	1143
35	36	-346199.0000000000	-346199.0000000000	1128	1144	1129	1145
35	37	-419083.0000000000	-419083.0000000000	1128	1144	1131	1147
35	38	29729.0000000000	29729.0000000000	1128	1144	1133	1149
35	39	-52745.0000000000	-52745.0000000000	1128	1144	1135	1151
35	40	105700.0000000000	105700.0000000000	1130	1146	1121	1137
35	41	74760.0000000000	74760.0000000000	1130	1146	1123	1139
35	42	16380.0000000000	16380.0000000000	1130	1146	1125	1141
35	43	32760.0000000000	32760.0000000000	1130	1146	1127	1143
35	44	-50540.0000000000	-50540.0000000000	1130	1146	1129	1145
35	45	-61180.0000000000	-61180.0000000000	1130	1146	1131	1147
35	46	4340.0000000000	4340.0000000000	1130	1146	1133	1149
35	47	-7700.0000000000	-7700.0000000000	1130	1146	1135	1151
35	48	-528500.0000000000	-528500.0000000000	1132	1148	1121	1137
35	49	-373800.0000000000	-373800.0000000000	1132	1148	1123	1139
35	50	-81900.0000000000	-81900.0000000000	1132	1148	1125	1141
35	51	-163800.0000000000	-163800.0000000000	1132	1148	1127	1143
35	52	252700.0000000000	252700.0000000000	1132	1148	1129	1145
35	53	305900.0000000000	305900.0000000000	1132	1148	1131	1147
35	54	-21700.0000000000	-21700.0000000000	1132	1148	1133	1149
35	55	38500.0000000000	38500.0000000000	1132	1148	1135	1151
35	56	-92865.0000000000	-92865.0000000000	1134	1150	1121	1137
35	57	-65682.0000000000	-65682.0000000000	1134	1150	1123	1139
35	58	-14391.0000000000	-14391.0000000000	1134	1150	1125	1141
35	59	-28782.0000000000	-28782.0000000000	1134	1150	1127	1143
35	60	44403.0000000000	44403.0000000000	1134	1150	1129	1145
35	61	53751.0000000000	53751.0000000000	1134	1150	1131	1147
35	62	-3813.0000000000	-3813.0000000000	1134	1150	1133	1149
35	63	6765.0000000000	6765.0000000000	1134	1150	1135	1151
36	0	214720.0000000000	214720.0000000000	1152	1168	1153	1169
36	1	111264.0000000000	111264.0000000000	1152	1168	1155	1171
36	2	124928.0000000000	124928.0000000000	1152	1168	1157	1173
36	3	143960.0000000000	143960.0000000000	1152	1168	1159	1175
36	4	-211792.0000000000	-211792.0000000000	1152	1168	1161	1177
36	5	53680.0000000000	53680.0000000000	1152	1168	1163	1179
36	6	484584.0000000000	484584.0000000000	1152	1168	1165	1181
36	7	-410896.0000000000	-410896.0000000000	1152	1168	1167	1183
36	8	149160.0000000000	149160.0000000000	1154	1170	1153	1169
36	9	77292.0000000000	77292.0000000000	1154	1170	1155	1171
36	10	86784.0000000000	86784.0000000000	1154	1170	1157	1173
36	11	100005.0000000000	100005.0000000000	1154	1170	1159	1175
36	12	-147126.0000000000	-147126.0000000000	1154	1170	1161	1177
36	13	37290.0000000000	37290.0000000000	1154	1170	1163	1179
36	14	336627.0000000000	336627.0000000000	1154	1170	1165	1181
36	15	-285438.0000000000	-285438.0000000000	1154	1170	1167	1183
36	16	260480.0000000000	260480.0000000000	1156	1172	1153	1169
36	17	134976.0000000000	134976.0000000000	1156	1172	1155	1171
36	18	151552.0000000000	151552.0000000000	1156	1172	1157	1173
36	19	174640.0000000000	174640.0000000000	1156	1172	1159	1175
36	20	-256928.0000000000	-256928.0000000000	1156	1172	1161	1177
36	21	65120.0000000000	65120.0000000000	1156	1172	1163	1179
36	22	587856.0000000000	587856.0000000000	1156	1172	1165	1181
36	23	-498464.0000000000	-498464.0000000000	1156	1172	1167	1183
36	24	176880.0000000000	176880.0000000000	1158	1174	1153	1169
36	25	91656.0000000000	91656.0000000000	1158	1174	1155	1171
36	26	102912.0000000000	102912.0000000000	1158	1174	1157	1173
36	27	118590.0000000000	118590.0000000000	1158	1174	1159	1175
36	28	-174468.0000000000	-174468.0000000000	1158	1174	1161	1177
36	29	44220.0000000000	44220.0000000000	1158	1174	1163	1179
36	30	399186.0000000000	399186.0000000000	1158	1174	1165	1181
36	31	-338484.0000000000	-338484.0000000000	1158	1174	1167	1183
36	32	282040.0000000000	282040.0000000000	1160	1176	1153	1169
36	33	146148.0000000000	146148.0000000000	1160	1176	1155	1171
36	34	164096.0000000000	164096.0000000000	1160	1176	1157	1173
36	35	189095.0000000000	189095.0000000000	1160	1176	1159	1175
36	36	-278194.0000000000	-278194.0000000000	1160	1176	1161	1177
36	37	70510.0000000000	70510.0000000000	1160	1176	1163	1179
36	38	636513.0000000000	636513.0000000000	1160	1176	1165	1181
36	39	-539722.0000000000	-539722.0000000000	1160	1176	1167	1183
36	40	58080.0000000000	58080.0000000000	1162	1178	1153	1169
36	41	30096.0000000000	30096.0000000000	1162	1178	1155	1171
36	42	33792.0000000000	33792.0000000000	1162	1178	1157	1173
36	43	38940.0000000000	38940.0000000000	1162	1178	1159	1175
36	44	-57288.0000000000	-57288.0000000000	1162	1178	1161	1177
36	45	14520.0000000000	14520.0000000000	1162	1178	1163	1179
36	46	131076.0000000000	131076.0000000000	1162	1178	1165	1181
36	47	-111144.0000000000	-111144.0000000000	1162	1178	1167	1183
36	48	96800.0000000000	96800.0000000000	1164	1180	1153	1169
36	49	50160.0000000000	50160.0000000000	1164	1180	1155	1171
36	50	56320.0000000000	56320.0000000000	1164	1180	1157	1173
36	51	64900.0000000000	64900.0000000000	1164	1180	1159	1175
36	52	-95480.0000000000	-95480.0000000000	1164	1180	1161	1177
36	53	24200.0000000000	24200.0000000000	1164	1180	1163	1179
36	54	218460.0000000000	218460.0000000000	1164	1180	1165	1181
36	55	-185240.0000000000	-185240.0000000000	1164	1180	1167	1183
36	56	-613800.0000000000	-613800.0000000000	1166	1182	1153	1169
36	57	-318060.0000000000	-318060.0000000000	1166	1182	1155	1171
36	58	-357120.0000000000	-357120.0000000000	1166	1182	1157	1173
36	59	-411525.0000000000	-411525.0000000000	1166	1182	1159	1175
36	60	605430.0000000000	605430.0000000000	1166	1182	1161	1177
36	61	-153450.0000000000	-153450.0000000000	1166	1182	1163	1179
36	62	-1385235.0000000000	-1385235.0000000000	1166	1182	1165	1181
36	63	1174590.0000000000	1174590.0000000000	1166	1182	1167	1183
37	0	-225888.0000000000	-225888.0000000000	1184	1200	1185	1201
37	1	-666848.0000000000	-666848.0000000000	1184	1200	1187	1203
37	2	-349440.0000000000	-349440.0000000000	1184	1200	1189	1205
37	3	86528.0000000000	86528.0000000000	1184	1200	1191	1207
37	4	140192.0000000000	140192.0000000000	1184	1200	1193	1209
37	5	211328.0000000000	211328.0000000000	1184	1200	1195	1211
37	6	-269152.0000000000	-269152.0000000000	1184	1200	1197	1213
37	7	-527488.0000000000	-527488.0000000000	1184	1200	1199	1215
37	8	29322.0000000000	29322.0000000000	1186	1202	1185	1201
37	9	86562.0000000000	86562.0000000000	1186	1202	1187	1203
37	10	45360.0000000000	45360.0000000000	1186	1202	1189	1205
37	11	-11232.0000000000	-11232.0000000000	1186	1202	1191	1207
37	12	-18198.0000000000	-18198.0000000000	1186	1202	1193	1209
37	13	-27432.0000000000	-27432.0000000000	1186	1202	1195	1211
37	14	34938.0000000000	34938.0000000000	1186	1202	1197	1213
37	15	68472.0000000000	68472.0000000000	1186	1202	1199	1215
37	16	-71676.0000000000	-71676.0000000000	1188	1204	1185	1201
37	17	-211596.0000000000	-211596.0000000000	1188	1204	1187	1203
37	18	-110880.0000000000	-110880.0000000000	1188	1204	1189	1205
37	19	27456.0000000000	27456.0000000000	1188	1204	1191	1207
37	20	44484.0000000000	44484.0000000000	1188	1204	1193	1209
37	21	67056.0000000000	67056.0000000000	1188	1204	1195	1211
37	22	-85404.0000000000	-85404.0000000000	1188	1204	1197	1213
37	23	-167376.0000000000	-167376.0000000000	1188	1204	1199	1215
37	24	-133578.0000000000	-133578.0000000000	1190	1206	1185	1201
37	25	-394338.0000000000	-394338.0000000000	1190	1206	1187	1203
37	26	-206640.0000000000	-206640.0000000000	1190	1206	1189	1205
37	27	51168.0000000000	51168.0000000000	1190	1206	1191	1207
37	28	82902.0000000000	82902.0000000000	1190	1206	1193	1209
37	29	124968.0000000000	124968.0000000000	1190	1206	1195	1211
37	30	-159162.0000000000	-159162.0000000000	1190	1206	1197	1213
37	31	-311928.0000000000	-311928.0000000000	1190	1206	1199	1215
37	32	76563.0000000000	76563.0000000000	1192	1208	1185	1201
37	33	226023.0000000000	226023.0000000000	1192	1208	1187	1203
37	34	118440.0000000000	118440.0000000000	1192	1208	1189	1205
37	35	-29328.0000000000	-29328.0000000000	1192	1208	1191	1207
37	36	-47517.0000000000	-47517.0000000000	1192	1208	1193	1209
37	37	-71628.0000000000	-71628.0000000000	1192	1208	1195	1211
37	38	91227.0000000000	91227.0000000000	1192	1208	1197	1213
37	39	178788.0000000000	178788.0000000000	1192	1208	1199	1215
37	40	-66246.0000000000	-66246.0000000000	1194	1210	1185	1201
37	41	-195566.0000000000	-195566.0000000000	1194	1210	1187	1203
37	42	-102480.0000000000	-102480.0000000000	1194	1210	1189	1205
37	43	25376.0000000000	25376.0000000000	1194	1210	1191	1207
37	44	41114.0000000000	41114.0000000000	1194	1210	1193	1209
37	45	61976.0000000000	61976.0000000000	1194	1210	1195	1211
37	46	-78934.0000000000	-78934.0000000000	1194	1210	1197	1213
37	47	-154696.0000000000	-154696.0000000000	1194	1210	1199	1215
37	48	-464808.0000000000	-464808.0000000000	1196	1212	1185	1201
37	49	-1372168.0000000000	-1372168.0000000000	1196	1212	1187	1203
37	50	-719040.0000000000	-719040.0000000000	1196	1212	1189	1205
37	51	178048.0000000000	178048.0000000000	1196	1212	1191	1207
37	52	288472.0000000000	288472.0000000000	1196	1212	1193	1209
37	53	434848.0000000000	434848.0000000000	1196	1212	1195	1211
37	54	-553832.0000000000	-553832.0000000000	1196	1212	1197	1213
37	55	-1085408.0000000000	-1085408.0000000000	1196	1212	1199	1215
37	56	-314397.0000000000	-314397.0000000000	1198	1214	1185	1201
37	57	-928137.0000000000	-928137.0000000000	1198	1214	1187	1203
37	58	-486360.0000000000	-486360.0000000000	1198	1214	1189	1205
37	59	120432.0000000000	120432.0000000000	1198	1214	1191	1207
37	60	195123.0000000000	195123.0000000000	1198	1214	1193	1209
37	61	294132.0000000000	294132.0000000000	1198	1214	1195	1211
37	62	-374613.0000000000	-374613.0000000000	1198	1214	1197	1213
37	63	-734172.0000000000	-734172.0000000000	1198	1214	1199	1215
38	0	84320.0000000000	84320.0000000000	1216	1232	1217	1233
38	1	178840.0000000000	178840.0000000000	1216	1232	1219	1235
38	2	268600.0000000000	268600.0000000000	1216	1232	1221	1237
38	3	-189720.0000000000	-189720.0000000000	1216	1232	1223	1239
38	4	161840.0000000000	161840.0000000000	1216	1232	1225	1241
38	5	107440.0000000000	107440.0000000000	1216	1232	1227	1243
38	6	144840.0000000000	144840.0000000000	1216	1232	1229	1245
38	7	248880.0000000000	248880.0000000000	1216	1232	1231	1247
38	8	14880.0000000000	14880.0000000000	1218	1234	1217	1233
38	9	31560.0000000000	31560.0000000000	1218	1234	1219	1235
38	10	47400.0000000000	47400.0000000000	1218	1234	1221	1237
38	11	-33480.0000000000	-33480.0000000000	1218	1234	1223	1239
38	12	28560.0000000000	28560.0000000000	1218	1234	1225	1241
38	13	18960.0000000000	18960.0000000000	1218	1234	1227	1243
38	14	25560.0000000000	25560.0000000000	1218	1234	1229	1245
38	15	43920.0000000000	43920.0000000000	1218	1234	1231	1247
38	16	-10416.0000000000	-10416.0000000000	1220	1236	1217	1233
38	17	-22092.0000000000	-22092.0000000000	1220	1236	1219	1235
38	18	-33180.0000000000	-33180.0000000000	1220	1236	1221	1237
38	19	23436.0000000000	23436.0000000000	1220	1236	1223	1239
38	20	-19992.0000000000	-19992.0000000000	1220	1236	1225	1241
38	21	-13272.0000000000	-13272.0000000000	1220	1236	1227	1243
38	22	-17892.0000000000	-17892.0000000000	1220	1236	1229	1245
38	23	-30744.0000000000	-30744.0000000000	1220	1236	1231	1247
38	24	-28768.0000000000	-28768.0000000000	1222	1238	1217	1233
38	25	-61016.0000000000	-61016.0000000000	1222	1238	1219	1235
38	26	-91640.0000000000	-91640.0000000000	1222	1238	1221	1237
38	27	64728.0000000000	64728.0000000000	1222	1238	1223	1239
38	28	-55216.0000000000	-55216.0000000000	1222	1238	1225	1241
38	29	-36656.0000000000	-36656.0000000000	1222	1238	1227	1243
38	30	-49416.0000000000	-49416.0000000000	1222	1238	1229	1245
38	31	-84912.0000000000	-84912.0000000000	1222	1238	1231	1247
38	32	4464.0000000000	4464.0000000000	1224	1240	1217	1233
38	33	9468.0000000000	9468.0000000000	1224	1240	1219	1235
38	34	14220.0000000000	14220.0000000000	1224	1240	1221	1237
38	35	-10044.0000000000	-10044.0000000000	1224	1240	1223	1239
38	36	8568.0000000000	8568.0000000000	1224	1240	1225	1241
38	37	5688.0000000000	5688.0000000000	1224	1240	1227	1243
38	38	7668.0000000000	7668.0000000000	1224	1240	1229	1245
38	39	13176.0000000000	13176.0000000000	1224	1240	1231	1247
38	40	29264.0000000000	29264.0000000000	1226	1242	1217	1233
38	41	62068.0000000000	62068.0000000000	1226	1242	1219	1235
38	42	93220.0000000000	93220.0000000000	1226	1242	1221	1237
38	43	-65844.0000000000	-65844.0000000000	1226	1242	1223	1239
38	44	56168.0000000000	56168.0000000000	1226	1242	1225	1241
38	45	37288.0000000000	37288.0000000000	1226	1242	1227	1243
38	46	50268.0000000000	50268.0000000000	1226	1242	1229	1245
38	47	86376.0000000000	86376.0000000000	1226	1242	1231	1247
38	48	9920.0000000000	9920.0000000000	1228	1244	1217	1233
38	49	21040.0000000000	21040.0000000000	1228	1244	1219	1235
38	50	31600.0000000000	31600.0000000000	1228	1244	1221	1237
38	51	-22320.0000000000	-22320.0000000000	1228	1244	1223	1239
38	52	19040.0000000000	19040.0000000000	1228	1244	1225	1241
38	53	12640.0000000000	12640.0000000000	1228	1244	1227	1243
38	54	17040.0000000000	17040.0000000000	1228	1244	1229	1245
38	55	29280.0000000000	29280.0000000000	1228	1244	1231	1247
38	56	992.0000000000	992.0000000000	1230	1246	1217	1233
38	57	2104.0000000000	2104.0000000000	1230	1246	1219	1235
38	58	3160.0000000000	3160.0000000000	1230	1246	1221	1237
38	59	-2232.0000000000	-2232.0000000000	1230	1246	1223	1239
38	60	1904.0000000000	1904.0000000000	1230	1246	1225	1241
38	61	1264.0000000000	1264.0000000000	1230	1246	1227	1243
38	62	1704.0000000000	1704.0000000000	1230	1246	1229	1245
38	63	2928.0000000000	2928.0000000000	1230	1246	1231	1247
39	0	-14560.0000000000	-14560.0000000000	1248	1264	1249	1265
39	1	-47200.0000000000	-47200.0000000000	1248	1264	1251	1267
39	2	-28000.0000000000	-28000.0000000000	1248	1264	1253	1269
39	3	29280.0000000000	29280.0000000000	1248	1264	1255	1271
39	4	-25600.0000000000	-25600.0000000000	1248	1264	1257	1273
39	5	-28800.0000000000	-28800.0000000000	1248	1264	1259	1275
39	6	-31360.0000000000	-31360.0000000000	1248	1264	1261	1277
39	7	5520.0000000000	5520.0000000000	1248	1264	1263	1279
39	8	-170352.0000000000	-170352.0000000000	1250	1266	1249	1265
39	9	-552240.0000000000	-552240.0000000000	1250	1266	1251	1267
39	10	-327600.0000000000	-327600.0000000000	1250	1266	1253	1269
39	11	342576.0000000000	342576.0000000000	1250	1266	1255	1271
39	12	-299520.0000000000	-299520.0000000000	1250	1266	1257	1273
39	13	-336960.0000000000	-336960.0000000000	1250	1266	1259	1275
39	14	-366912.0000000000	-366912.0000000000	1250	1266	1261	1277
39	15	64584.0000000000	64584.0000000000	1250	1266	1263	1279
39	16	-16744.0000000000	-16744.0000000000	1252	1268	1249	1265
39	17	-54280.0000000000	-54280.0000000000	1252	1268	1251	1267
39	18	-32200.0000000000	-32200.0000000000	1252	1268	1253	1269
39	19	33672.0000000000	33672.0000000000	1252	1268	1255	1271
39	20	-29440.0000000000	-29440.0000000000	1252	1268	1257	1273
39	21	-33120.0000000000	-33120.0000000000	1252	1268	1259	1275
39	22	-36064.0000000000	-36064.0000000000	1252	1268	1261	1277
39	23	6348.0000000000	6348.0000000000	1252	1268	1263	1279
39	24	69342.0000000000	69342.0000000000	1254	1270	1249	1265
39	25	224790.0000000000	224790.0000000000	1254	1270	1251	1267
39	26	133350.0000000000	133350.0000000000	1254	1270	1253	1269
39	27	-139446.0000000000	-139446.0000000000	1254	1270	1255	1271
39	28	121920.0000000000	121920.0000000000	1254	1270	1257	1273
39	29	137160.0000000000	137160.0000000000	1254	1270	1259	1275
39	30	149352.0000000000	149352.0000000000	1254	1270	1261	1277
39	31	-26289.0000000000	-26289.0000000000	1254	1270	1263	1279
39	32	-74438.0000000000	-74438.0000000000	1256	1272	1249	1265
39	33	-241310.0000000000	-241310.0000000000	1256	1272	1251	1267
39	34	-143150.0000000000	-143150.0000000000	1256	1272	1253	1269
39	35	149694.0000000000	149694.0000000000	1256	1272	1255	1271
39	36	-130880.0000000000	-130880.0000000000	1256	1272	1257	1273
39	37	-147240.0000000000	-147240.0000000000	1256	1272	1259	1275
39	38	-160328.0000000000	-160328.0000000000	1256	1272	1261	1277
39	39	28221.0000000000	28221.0000000000	1256	1272	1263	1279
39	40	-127036.0000000000	-127036.0000000000	1258	1274	1249	1265
39	41	-411820.0000000000	-411820.0000000000	1258	1274	1251	1267
39	42	-244300.0000000000	-244300.0000000000	1258	1274	1253	1269
39	43	255468.0000000000	255468.0000000000	1258	1274	1255	1271
39	44	-223360.0000000000	-223360.0000000000	1258	1274	1257	1273
39	45	-251280.0000000000	-251280.0000000000	1258	1274	1259	1275
39	46	-273616.0000000000	-273616.0000000000	1258	1274	1261	1277
39	47	48162.0000000000	48162.0000000000	1258	1274	1263	1279
39	48	-58240.0000000000	-58240.0000000000	1260	1276	1249	1265
39	49	-188800.0000000000	-188800.0000000000	1260	1276	1251	1267
39	50	-112000.0000000000	-112000.0000000000	1260	1276	1253	1269
39	51	117120.0000000000	117120.0000000000	1260	1276	1255	1271
39	52	-102400.0000000000	-102400.0000000000	1260	1276	1257	1273
39	53	-115200.0000000000	-115200.0000000000	1260	1276	1259	1275
39	54	-125440.0000000000	-125440.0000000000	1260	1276	1261	1277
39	55	22080.0000000000	22080.0000000000	1260	1276	1263	1279
39	56	14378.0000000000	14378.0000000000	1262	1278	1249	1265
39	57	46610.0000000000	46610.0000000000	1262	1278	1251	1267
39	58	27650.0000000000	27650.0000000000	1262	1278	1253	1269
39	59	-28914.0000000000	-28914.0000000000	1262	1278	1255	1271
39	60	25280.0000000000	25280.0000000000	1262	1278	1257	1273
39	61	28440.0000000000	28440.0000000000	1262	1278	1259	1275
39	62	30968.0000000000	30968.0000000000	1262	1278	1261	1277
39	63	-5451.0000000000	-5451.0000000000	1262	1278	1263	1279
40	0	180532.0000000000	180532.0000000000	1280	1296	1281	1297
40	1	123836.0000000000	123836.0000000000	1280	1296	1283	1299
40	2	-133161.0000000000	-133161.0000000000	1280	1296	1285	1301
40	3	-31705.0000000000	-31705.0000000000	1280	1296	1287	1303
40	4	-136891.0000000000	-136891.0000000000	1280	1296	1289	1305
40	5	48490.0000000000	48490.0000000000	1280	1296	1291	1307
40	6	582999.0000000000	582999.0000000000	1280	1296	1293	1309
40	7	448346.0000000000	448346.0000000000	1280	1296	1295	1311
40	8	184888.0000000000	184888.0000000000	1282	1298	1281	1297
40	9	126824.0000000000	126824.0000000000	1282	1298	1283	1299
40	10	-136374.0000000000	-136374.0000000000	1282	1298	1285	1301
40	11	-32470.0000000000	-32470.0000000000	1282	1298	1287	1303
40	12	-140194.0000000000	-140194.0000000000	1282	1298	1289	1305
40	13	49660.0000000000	49660.0000000000	1282	1298	1291	1307
40	14	597066.0000000000	597066.0000000000	1282	1298	1293	1309
40	15	459164.0000000000	459164.0000000000	1282	1298	1295	1311
40	16	89056.0000000000	89056.0000000000	1284	1300	1281	1297
40	17	61088.0000000000	61088.0000000000	1284	1300	1283	1299
40	18	-65688.0000000000	-65688.0000000000	1284	1300	1285	1301
40	19	-15640.0000000000	-15640.0000000000	1284	1300	1287	1303
40	20	-67528.0000000000	-67528.0000000000	1284	1300	1289	1305
40	21	23920.0000000000	23920.0000000000	1284	1300	1291	1307
40	22	287592.0000000000	287592.0000000000	1284	1300	1293	1309
40	23	221168.0000000000	221168.0000000000	1284	1300	1295	1311
40	24	-430276.0000000000	-430276.0000000000	1286	1302	1281	1297
40	25	-295148.0000000000	-295148.0000000000	1286	1302	1283	1299
40	26	317373.0000000000	317373.0000000000	1286	1302	1285	1301
40	27	75565.0000000000	75565.0000000000	1286	1302	1287	1303
40	28	326263.0000000000	326263.0000000000	1286	1302	1289	1305
40	29	-115570.0000000000	-115570.0000000000	1286	1302	1291	1307
40	30	-1389507.0000000000	-1389507.0000000000	1286	1302	1293	1309
40	31	-1068578.0000000000	-1068578.0000000000	1286	1302	1295	1311
40	32	-49368.0000000000	-49368.0000000000	1288	1304	1281	1297
40	33	-33864.0000000000	-33864.0000000000	1288	1304	1283	1299
40	34	36414.0000000000	36414.0000000000	1288	1304	1285	1301
40	35	8670.0000000000	8670.0000000000	1288	1304	1287	1303
40	36	37434.0000000000	37434.0000000000	1288	1304	1289	1305
40	37	-13260.0000000000	-13260.0000000000	1288	1304	1291	1307
40	38	-159426.0000000000	-159426.0000000000	1288	1304	1293	1309
40	39	-122604.0000000000	-122604.0000000000	1288	1304	1295	1311
40	40	8712.0000000000	8712.0000000000	1290	1306	1281	1297
40	41	5976.0000000000	5976.0000000000	1290	1306	1283	1299
40	42	-6426.0000000000	-6426.0000000000	1290	1306	1285	1301
40	43	-1530.0000000000	-1530.0000000000	1290	1306	1287	1303
40	44	-6606.0000000000	-6606.0000000000	1290	1306	1289	1305
40	45	2340.0000000000	2340.0000000000	1290	1306	1291	1307
40	46	28134.0000000000	28134.0000000000	1290	1306	1293	1309
40	47	21636.0000000000	21636.0000000000	1290	1306	1295	1311
40	48	19360.0000000000	19360.0000000000	1292	1308	1281	1297
40	49	13280.0000000000	13280.0000000000	1292	1308	1283	1299
40	50	-14280.0000000000	-14280.0000000000	1292	1308	1285	1301
40	51	-3400.0000000000	-3400.0000000000	1292	1308	1287	1303
40	52	-14680.0000000000	-14680.0000000000	1292	1308	1289	1305
40	53	5200.0000000000	5200.0000000000	1292	1308	1291	1307
40	54	62520.0000000000	62520.0000000000	1292	1308	1293	1309
40	55	48080.0000000000	48080.0000000000	1292	1308	1295	1311
40	56	-253132.0000000000	-253132.0000000000	1294	1310	1281	1297
40	57	-173636.0000000000	-173636.0000000000	1294	1310	1283	1299
40	58	186711.0000000000	186711.0000000000	1294	1310	1285	1301
40	59	44455.0000000000	44455.0000000000	1294	1310	1287	1303
40	60	191941.0000000000	191941.0000000000	1294	1310	1289	1305
40	61	-67990.0000000000	-67990.0000000000	1294	1310	1291	1307
40	62	-817449.0000000000	-817449.0000000000	1294	1310	1293	1309
40	63	-628646.0000000000	-628646.0000000000	1294	1310	1295	1311
41	0	-252720.0000000000	-252720.0000000000	1312	1328	1313	1329
41	1	107120.0000000000	107120.0000000000	1312	1328	1315	1331
41	2	100880.0000000000	100880.0000000000	1312	1328	1317	1333
41	3	120900.0000000000	120900.0000000000	1312	1328	1319	1335
41	4	-154960.0000000000	-154960.0000000000	1312	1328	1321	1337
41	5	-336960.0000000000	-336960.0000000000	1312	1328	1323	1339
41	6	38480.0000000000	38480.0000000000	1312	1328	1325	1341
41	7	31460.0000000000	31460.0000000000	1312	1328	1327	1343
41	8	75816.0000000000	75816.0000000000	1314	1330	1313	1329
41	9	-32136.0000000000	-32136.0000000000	1314	1330	1315	1331
41	10	-30264.0000000000	-30264.0000000000	1314	1330	1317	1333
41	11	-36270.0000000000	-36270.0000000000	1314	1330	1319	1335
41	12	46488.0000000000	46488.0000000000	1314	1330	1321	1337
41	13	101088.0000000000	101088.0000000000	1314	1330	1323	1339
41	14	-11544.0000000000	-11544.0000000000	1314	1330	1325	1341
41	15	-9438.0000000000	-9438.0000000000	1314	1330	1327	1343
41	16	738720.0000000000	738720.0000000000	1316	1332	1313	1329
41	17	-313120.0000000000	-313120.0000000000	1316	1332	1315	1331
41	18	-294880.0000000000	-294880.0000000000	1316	1332	1317	1333
41	19	-353400.0000000000	-353400.0000000000	1316	1332	1319	1335
41	20	452960.0000000000	452960.0000000000	1316	1332	1321	1337
41	21	984960.0000000000	984960.0000000000	1316	1332	1323	1339
41	22	-112480.0000000000	-112480.0000000000	1316	1332	1325	1341
41	23	-91960.0000000000	-91960.0000000000	1316	1332	1327	1343
41	24	277992.0000000000	277992.0000000000	1318	1334	1313	1329
41	25	-117832.0000000000	-117832.0000000000	1318	1334	1315	1331
41	26	-110968.0000000000	-110968.0000000000	1318	1334	1317	1333
41	27	-132990.0000000000	-132990.0000000000	1318	1334	1319	1335
41	28	170456.0000000000	170456.0000000000	1318	1334	1321	1337
41	29	370656.0000000000	370656.0000000000	1318	1334	1323	1339
41	30	-42328.0000000000	-42328.0000000000	1318	1334	1325	1341
41	31	-34606.0000000000	-34606.0000000000	1318	1334	1327	1343
41	32	-24300.0000000000	-24300.0000000000	1320	1336	1313	1329
41	33	10300.0000000000	10300.0000000000	1320	1336	1315	1331
41	34	9700.0000000000	9700.0000000000	1320	1336	1317	1333
41	35	11625.0000000000	11625.0000000000	1320	1336	1319	1335
41	36	-14900.0000000000	-14900.0000000000	1320	1336	1321	1337
41	37	-32400.0000000000	-32400.0000000000	1320	1336	1323	1339
41	38	3700.0000000000	3700.0000000000	1320	1336	1325	1341
41	39	3025.0000000000	3025.0000000000	1320	1336	1327	1343
41	40	-72900.0000000000	-72900.0000000000	1322	1338	1313	1329
41	41	30900.0000000000	30900.0000000000	1322	1338	1315	1331
41	42	29100.0000000000	29100.0000000000	1322	1338	1317	1333
41	43	34875.0000000000	34875.0000000000	1322	1338	1319	1335
41	44	-44700.0000000000	-44700.0000000000	1322	1338	1321	1337
41	45	-97200.0000000000	-97200.0000000000	1322	1338	1323	1339
41	46	11100.0000000000	11100.0000000000	1322	1338	1325	1341
41	47	9075.0000000000	9075.0000000000	1322	1338	1327	1343
41	48	-217728.0000000000	-217728.0000000000	1324	1340	1313	1329
41	49	92288.0000000000	92288.0000000000	1324	1340	1315	1331
41	50	86912.0000000000	86912.0000000000	1324	1340	1317	1333
41	51	104160.0000000000	104160.0000000000	1324	1340	1319	1335
41	52	-133504.0000000000	-133504.0000000000	1324	1340	1321	1337
41	53	-290304.0000000000	-290304.0000000000	1324	1340	1323	1339
41	54	33152.0000000000	33152.0000000000	1324	1340	1325	1341
41	55	27104.0000000000	27104.0000000000	1324	1340	1327	1343
41	56	-915624.0000000000	-915624.0000000000	1326	1342	1313	1329
41	57	388104.0000000000	388104.0000000000	1326	1342	1315	1331
41	58	365496.0000000000	365496.0000000000	1326	1342	1317	1333
41	59	438030.0000000000	438030.0000000000	1326	1342	1319	1335
41	60	-561432.0000000000	-561432.0000000000	1326	1342	1321	1337
41	61	-1220832.0000000000	-1220832.0000000000	1326	1342	1323	1339
41	62	139416.0000000000	139416.0000000000	1326	1342	1325	1341
41	63	113982.0000000000	113982.0000000000	1326	1342	1327	1343
42	0	-37368.0000000000	-37368.0000000000	1344	1360	1345	1361
42	1	-19656.0000000000	-19656.0000000000	1344	1360	1347	1363
42	2	189432.0000000000	189432.0000000000	1344	1360	1349	1365
42	3	176256.0000000000	176256.0000000000	1344	1360	1351	1367
42	4	-103680.0000000000	-103680.0000000000	1344	1360	1353	1369
42	5	-200232.0000000000	-200232.0000000000	1344	1360	1355	1371
42	6	-76896.0000000000	-76896.0000000000	1344	1360	1357	1373
42	7	247752.0000000000	247752.0000000000	1344	1360	1359	1375
42	8	24047.0000000000	24047.0000000000	1346	1362	1345	1361
42	9	12649.0000000000	12649.0000000000	1346	1362	1347	1363
42	10	-121903.0000000000	-121903.0000000000	1346	1362	1349	1365
42	11	-113424.0000000000	-113424.0000000000	1346	1362	1351	1367
42	12	66720.0000000000	66720.0000000000	1346	1362	1353	1369
42	13	128853.0000000000	128853.0000000000	1346	1362	1355	1371
42	14	49484.0000000000	49484.0000000000	1346	1362	1357	1373
42	15	-159433.0000000000	-159433.0000000000	1346	1362	1359	1375
42	16	-50516.0000000000	-50516.0000000000	1348	1364	1345	1361
42	17	-26572.0000000000	-26572.0000000000	1348	1364	1347	1363
42	18	256084.0000000000	256084.0000000000	1348	1364	1349	1365
42	19	238272.0000000000	238272.0000000000	1348	1364	1351	1367
42	20	-140160.0000000000	-140160.0000000000	1348	1364	1353	1369
42	21	-270684.0000000000	-270684.0000000000	1348	1364	1355	1371
42	22	-103952.0000000000	-103952.0000000000	1348	1364	1357	1373
42	23	334924.0000000000	334924.0000000000	1348	1364	1359	1375
42	24	29583.0000000000	29583.0000000000	1350	1366	1345	1361
42	25	15561.0000000000	15561.0000000000	1350	1366	1347	1363
42	26	-149967.0000000000	-149967.0000000000	1350	1366	1349	1365
42	27	-139536.0000000000	-139536.0000000000	1350	1366	1351	1367
42	28	82080.0000000000	82080.0000000000	1350	1366	1353	1369
42	29	158517.0000000000	158517.0000000000	1350	1366	1355	1371
42	30	60876.0000000000	60876.0000000000	1350	1366	1357	1373
42	31	-196137.0000000000	-196137.0000000000	1350	1366	1359	1375
42	32	59685.0000000000	59685.0000000000	1352	1368	1345	1361
42	33	31395.0000000000	31395.0000000000	1352	1368	1347	1363
42	34	-302565.0000000000	-302565.0000000000	1352	1368	1349	1365
42	35	-281520.0000000000	-281520.0000000000	1352	1368	1351	1367
42	36	165600.0000000000	165600.0000000000	1352	1368	1353	1369
42	37	319815.0000000000	319815.0000000000	1352	1368	1355	1371
42	38	122820.0000000000	122820.0000000000	1352	1368	1357	1373
42	39	-395715.0000000000	-395715.0000000000	1352	1368	1359	1375
42	40	128020.0000000000	128020.0000000000	1354	1370	1345	1361
42	41	67340.0000000000	67340.0000000000	1354	1370	1347	1363
42	42	-648980.0000000000	-648980.0000000000	1354	1370	1349	1365
42	43	-603840.0000000000	-603840.0000000000	1354	1370	1351	1367
42	44	355200.0000000000	355200.0000000000	1354	1370	1353	1369
42	45	685980.0000000000	685980.0000000000	1354	1370	1355	1371
42	46	263440.0000000000	263440.0000000000	1354	1370	1357	1373
42	47	-848780.0000000000	-848780.0000000000	1354	1370	1359	1375
42	48	-15224.0000000000	-15224.0000000000	1356	1372	1345	1361
42	49	-8008.0000000000	-8008.0000000000	1356	1372	1347	1363
42	50	77176.0000000000	77176.0000000000	1356	1372	1349	1365
42	51	71808.0000000000	71808.0000000000	1356	1372	1351	1367
42	52	-42240.0000000000	-42240.0000000000	1356	1372	1353	1369
42	53	-81576.0000000000	-81576.0000000000	1356	1372	1355	1371
42	54	-31328.0000000000	-31328.0000000000	1356	1372	1357	1373
42	55	100936.0000000000	100936.0000000000	1356	1372	1359	1375
42	56	-162274.0000000000	-162274.0000000000	1358	1374	1345	1361
42	57	-85358.0000000000	-85358.0000000000	1358	1374	1347	1363
42	58	822626.0000000000	822626.0000000000	1358	1374	1349	1365
42	59	765408.0000000000	765408.0000000000	1358	1374	1351	1367
42	60	-450240.0000000000	-450240.0000000000	1358	1374	1353	1369
42	61	-869526.0000000000	-869526.0000000000	1358	1374	1355	1371
42	62	-333928.0000000000	-333928.0000000000	1358	1374	1357	1373
42	63	1075886.0000000000	1075886.0000000000	1358	1374	1359	1375
43	0	-17184.0000000000	-17184.0000000000	1376	1392	1377	1393
43	1	40128.0000000000	40128.0000000000	1376	1392	1379	1395
43	2	-2016.0000000000	-2016.0000000000	1376	1392	1381	1397
43	3	108384.0000000000	108384.0000000000	1376	1392	1383	1399
43	4	75552.0000000000	75552.0000000000	1376	1392	1385	1401
43	5	-15648.0000000000	-15648.0000000000	1376	1392	1387	1403
43	6	-32064.0000000000	-32064.0000000000	1376	1392	1389	1405
43	7	-40128.0000000000	-40128.0000000000	1376	1392	1391	1407
43	8	57817.0000000000	57817.0000000000	1378	1394	1377	1393
43	9	-135014.0000000000	-135014.0000000000	1378	1394	1379	1395
43	10	6783.0000000000	6783.0000000000	1378	1394	1381	1397
43	11	-364667.0000000000	-364667.0000000000	1378	1394	1383	1399
43	12	-254201.0000000000	-254201.0000000000	1378	1394	1385	1401
43	13	52649.0000000000	52649.0000000000	1378	1394	1387	1403
43	14	107882.0000000000	107882.0000000000	1378	1394	1389	1405
43	15	135014.0000000000	135014.0000000000	1378	1394	1391	1407
43	16	79476.0000000000	79476.0000000000	1380	1396	1377	1393
43	17	-185592.0000000000	-185592.0000000000	1380	1396	1379	1395
43	18	9324.0000000000	9324.0000000000	1380	1396	1381	1397
43	19	-501276.0000000000	-501276.0000000000	1380	1396	1383	1399
43	20	-349428.0000000000	-349428.0000000000	1380	1396	1385	1401
43	21	72372.0000000000	72372.0000000000	1380	1396	1387	1403
43	22	148296.0000000000	148296.0000000000	1380	1396	1389	1405
43	23	185592.0000000000	185592.0000000000	1380	1396	1391	1407
43	24	6444.0000000000	6444.0000000000	1382	1398	1377	1393
43	25	-15048.0000000000	-15048.0000000000	1382	1398	1379	1395
43	26	756.0000000000	756.0000000000	1382	1398	1381	1397
43	27	-40644.0000000000	-40644.0000000000	1382	1398	1383	1399
43	28	-28332.0000000000	-28332.0000000000	1382	1398	1385	1401
43	29	5868.0000000000	5868.0000000000	1382	1398	1387	1403
43	30	12024.0000000000	12024.0000000000	1382	1398	1389	1405
43	31	15048.0000000000	15048.0000000000	1382	1398	1391	1407
43	32	15752.0000000000	15752.0000000000	1384	1400	1377	1393
43	33	-36784.0000000000	-36784.0000000000	1384	1400	1379	1395
43	34	1848.0000000000	1848.0000000000	1384	1400	1381	1397
43	35	-99352.0000000000	-99352.0000000000	1384	1400	1383	1399
43	36	-69256.0000000000	-69256.0000000000	1384	1400	1385	1401
43	37	14344.0000000000	14344.0000000000	1384	1400	1387	1403
43	38	29392.0000000000	29392.0000000000	1384	1400	1389	1405
43	39	36784.0000000000	36784.0000000000	1384	1400	1391	1407
43	40	48151.0000000000	48151.0000000000	1386	1402	1377	1393
43	41	-112442.0000000000	-112442.0000000000	1386	1402	1379	1395
43	42	5649.0000000000	5649.0000000000	1386	1402	1381	1397
43	43	-303701.0000000000	-303701.0000000000	1386	1402	1383	1399
43	44	-211703.0000000000	-211703.0000000000	1386	1402	1385	1401
43	45	43847.0000000000	43847.0000000000	1386	1402	1387	1403
43	46	89846.0000000000	89846.0000000000	1386	1402	1389	1405
43	47	112442.0000000000	112442.0000000000	1386	1402	1391	1407
43	48	1432.0000000000	1432.0000000000	1388	1404	1377	1393
43	49	-3344.0000000000	-3344.0000000000	1388	1404	1379	1395
43	50	168.0000000000	168.0000000000	1388	1404	1381	1397
43	51	-9032.0000000000	-9032.0000000000	1388	1404	1383	1399
43	52	-6296.0000000000	-6296.0000000000	1388	1404	1385	1401
43	53	1304.0000000000	1304.0000000000	1388	1404	1387	1403
43	54	2672.0000000000	2672.0000000000	1388	1404	1389	1405
43	55	3344.0000000000	3344.0000000000	1388	1404	1391	1407
43	56	27029.0000000000	27029.0000000000	1390	1406	1377	1393
43	57	-63118.0000000000	-63118.0000000000	1390	1406	1379	1395
43	58	3171.0000000000	3171.0000000000	1390	1406	1381	1397
43	59	-170479.0000000000	-170479.0000000000	1390	1406	1383	1399
43	60	-118837.0000000000	-118837.0000000000	1390	1406	1385	1401
43	61	24613.0000000000	24613.0000000000	1390	1406	1387	1403
43	62	50434.0000000000	50434.0000000000	1390	1406	1389	1405
43	63	63118.0000000000	63118.0000000000	1390	1406	1391	1407
44	0	109765.0000000000	109765.0000000000	1408	1424	1409	1425
44	1	168811.0000000000	168811.0000000000	1408	1424	1411	1427
44	2	414836.0000000000	414836.0000000000	1408	1424	1413	1429
44	3	-118092.0000000000	-118092.0000000000	1408	1424	1415	1431
44	4	-6056.0000000000	-6056.0000000000	1408	1424	1417	1433
44	5	-554124.0000000000	-554124.0000000000	1408	1424	1419	1435
44	6	88569.0000000000	88569.0000000000	1408	1424	1421	1437
44	7	287660.0000000000	287660.0000000000	1408	1424	1423	1439
44	8	14935.0000000000	14935.0000000000	1410	1426	1409	1425
44	9	22969.0000000000	22969.0000000000	1410	1426	1411	1427
44	10	56444.0000000000	56444.0000000000	1410	1426	1413	1429
44	11	-16068.0000000000	-16068.0000000000	1410	1426	1415	1431
44	12	-824.0000000000	-824.0000000000	1410	1426	1417	1433
44	13	-75396.0000000000	-75396.0000000000	1410	1426	1419	1435
44	14	12051.0000000000	12051.0000000000	1410	1426	1421	1437
44	15	39140.0000000000	39140.0000000000	1410	1426	1423	1439
44	16	53940.0000000000	53940.0000000000	1412	1428	1409	1425
44	17	82956.0000000000	82956.0000000000	1412	1428	1411	1427
44	18	203856.0000000000	203856.0000000000	1412	1428	1413	1429
44	19	-58032.0000000000	-58032.0000000000	1412	1428	1415	1431
44	20	-2976.0000000000	-2976.0000000000	1412	1428	1417	1433
44	21	-272304.0000000000	-272304.0000000000	1412	1428	1419	1435
44	22	43524.0000000000	43524.0000000000	1412	1428	1421	1437
44	23	141360.0000000000	141360.0000000000	1412	1428	1423	1439
44	24	63655.0000000000	63655.0000000000	1414	1430	1409	1425
44	25	97897.0000000000	97897.0000000000	1414	1430	1411	1427
44	26	240572.0000000000	240572.0000000000	1414	1430	1413	1429
44	27	-68484.0000000000	-68484.0000000000	1414	1430	1415	1431
44	28	-3512.0000000000	-3512.0000000000	1414	1430	1417	1433
44	29	-321348.0000000000	-321348.0000000000	1414	1430	1419	1435
44	30	51363.0000000000	51363.0000000000	1414	1430	1421	1437
44	31	166820.0000000000	166820.0000000000	1414	1430	1423	1439
44	32	92800.0000000000	92800.0000000000	1416	1432	1409	1425
44	33	142720.0000000000	142720.0000000000	1416	1432	1411	1427
44	34	350720.0000000000	350720.0000000000	1416	1432	1413	1429
44	35	-99840.0000000000	-99840.0000000000	1416	1432	1415	1431
44	36	-5120.0000000000	-5120.0000000000	1416	1432	1417	1433
44	37	-468480.0000000000	-468480.0000000000	1416	1432	1419	1435
44	38	74880.0000000000	74880.0000000000	1416	1432	1421	1437
44	39	243200.0000000000	243200.0000000000	1416	1432	1423	1439
44	40	-42485.0000000000	-42485.0000000000	1418	1434	1409	1425
44	41	-65339.0000000000	-65339.0000000000	1418	1434	1411	1427
44	42	-160564.0000000000	-160564.0000000000	1418	1434	1413	1429
44	43	45708.0000000000	45708.0000000000	1418	1434	1415	1431
44	44	2344.0000000000	2344.0000000000	1418	1434	1417	1433
44	45	214476.0000000000	214476.0000000000	1418	1434	1419	1435
44	46	-34281.0000000000	-34281.0000000000	1418	1434	1421	1437
44	47	-111340.0000000000	-111340.0000000000	1418	1434	1423	1439
44	48	-22620.0000000000	-22620.0000000000	1420	1436	1409	1425
44	49	-34788.0000000000	-34788.0000000000	1420	1436	1411	1427
44	50	-85488.0000000000	-85488.0000000000	1420	1436	1413	1429
44	51	24336.0000000000	24336.0000000000	1420	1436	1415	1431
44	52	1248.0000000000	1248.0000000000	1420	1436	1417	1433
44	53	114192.0000000000	114192.0000000000	1420	1436	1419	1435
44	54	-18252.0000000000	-18252.0000000000	1420	1436	1421	1437
44	55	-59280.0000000000	-59280.0000000000	1420	1436	1423	1439
44	56	49010.0000000000	49010.0000000000	1422	1438	1409	1425
44	57	75374.0000000000	75374.0000000000	1422	1438	1411	1427
44	58	185224.0000000000	185224.0000000000	1422	1438	1413	1429
44	59	-52728.0000000000	-52728.0000000000	1422	1438	1415	1431
44	60	-2704.0000000000	-2704.0000000000	1422	1438	1417	1433
44	61	-247416.0000000000	-247416.0000000000	1422	1438	1419	1435
44	62	39546.0000000000	39546.0000000000	1422	1438	1421	1437
44	63	128440.0000000000	128440.0000000000	1422	1438	1423	1439
45	0	-21000.0000000000	-21000.0000000000	1440	1456	1441	1457
45	1	-27720.0000000000	-27720.0000000000	1440	1456	1443	1459
45	2	-23760.0000000000	-23760.0000000000	1440	1456	1445	1461
45	3	-87720.0000000000	-87720.0000000000	1440	1456	1447	1463
45	4	-41520.0000000000	-41520.0000000000	1440	1456	1449	1465
45	5	9840.0000000000	9840.0000000000	1440	1456	1451	1467
45	6	64440.0000000000	64440.0000000000	1440	1456	1453	1469
45	7	6480.0000000000	6480.0000000000	1440	1456	1455	1471
45	8	158725.0000000000	158725.0000000000	1442	1458	1441	1457
45	9	209517.0000000000	209517.0000000000	1442	1458	1443	1459
45	10	179586.0000000000	179586.0000000000	1442	1458	1445	1461
45	11	663017.0000000000	663017.0000000000	1442	1458	1447	1463
45	12	313822.0000000000	313822.0000000000	1442	1458	1449	1465
45	13	-74374.0000000000	-74374.0000000000	1442	1458	1451	1467
45	14	-487059.0000000000	-487059.0000000000	1442	1458	1453	1469
45	15	-48978.0000000000	-48978.0000000000	1442	1458	1455	1471
45	16	-39200.0000000000	-39200.0000000000	1444	1460	1441	1457
45	17	-51744.0000000000	-51744.0000000000	1444	1460	1443	1459
45	18	-44352.0000000000	-44352.0000000000	1444	1460	1445	1461
45	19	-163744.0000000000	-163744.0000000000	1444	1460	1447	1463
45	20	-77504.0000000000	-77504.0000000000	1444	1460	1449	1465
45	21	18368.0000000000	18368.0000000000	1444	1460	1451	1467
45	22	120288.0000000000	120288.0000000000	1444	1460	1453	1469
45	23	12096.0000000000	12096.0000000000	1444	1460	1455	1471
45	24	-53375.0000000000	-53375.0000000000	1446	1462	1441	1457
45	25	-70455.0000000000	-70455.0000000000	1446	1462	1443	1459
45	26	-60390.0000000000	-60390.0000000000	1446	1462	1445	1461
45	27	-222955.0000000000	-222955.0000000000	1446	1462	1447	1463
45	28	-105530.0000000000	-105530.0000000000	1446	1462	1449	1465
45	29	25010.0000000000	25010.0000000000	1446	1462	1451	1467
45	30	163785.0000000000	163785.0000000000	1446	1462	1453	1469
45	31	16470.0000000000	16470.0000000000	1446	1462	1455	1471
45	32	-54425.0000000000	-54425.0000000000	1448	1464	1441	1457
45	33	-71841.0000000000	-71841.0000000000	1448	1464	1443	1459
45	34	-61578.0000000000	-61578.0000000000	1448	1464	1445	1461
45	35	-227341.0000000000	-227341.0000000000	1448	1464	1447	1463
45	36	-107606.0000000000	-107606.0000000000	1448	1464	1449	1465
45	37	25502.0000000000	25502.0000000000	1448	1464	1451	1467
45	38	167007.0000000000	167007.0000000000	1448	1464	1453	1469
45	39	16794.0000000000	16794.0000000000	1448	1464	1455	1471
45	40	-119525.0000000000	-119525.0000000000	1450	1466	1441	1457
45	41	-157773.0000000000	-157773.0000000000	1450	1466	1443	1459
45	42	-135234.0000000000	-135234.0000000000	1450	1466	1445	1461
45	43	-499273.0000000000	-499273.0000000000	1450	1466	1447	1463
45	44	-236318.0000000000	-236318.0000000000	1450	1466	1449	1465
45	45	56006.0000000000	56006.0000000000	1450	1466	1451	1467
45	46	366771.0000000000	366771.0000000000	1450	1466	1453	1469
45	47	36882.0000000000	36882.0000000000	1450	1466	1455	1471
45	48	74900.0000000000	74900.0000000000	1452	1468	1441	1457
45	49	98868.0000000000	98868.0000000000	1452	1468	1443	1459
45	50	84744.0000000000	84744.0000000000	1452	1468	1445	1461
45	51	312868.0000000000	312868.0000000000	1452	1468	1447	1463
45	52	148088.0000000000	148088.0000000000	1452	1468	1449	1465
45	53	-35096.0000000000	-35096.0000000000	1452	1468	1451	1467
45	54	-229836.0000000000	-229836.0000000000	1452	1468	1453	1469
45	55	-23112.0000000000	-23112.0000000000	1452	1468	1455	1471
45	56	113225.0000000000	113225.0000000000	1454	1470	1441	1457
45	57	149457.0000000000	149457.0000000000	1454	1470	1443	1459
45	58	128106.0000000000	128106.0000000000	1454	1470	1445	1461
45	59	472957.0000000000	472957.0000000000	1454	1470	1447	1463
45	60	223862.0000000000	223862.0000000000	1454	1470	1449	1465
45	61	-53054.0000000000	-53054.0000000000	1454	1470	1451	1467
45	62	-347439.0000000000	-347439.0000000000	1454	1470	1453	1469
45	63	-34938.0000000000	-34938.0000000000	1454	1470	1455	1471
46	0	-142100.0000000000	-142100.0000000000	1472	1488	1473	1489
46	1	-332220.0000000000	-332220.0000000000	1472	1488	1475	1491
46	2	-101920.0000000000	-101920.0000000000	1472	1488	1477	1493
46	3	251860.0000000000	251860.0000000000	1472	1488	1479	1495
46	4	-88200.0000000000	-88200.0000000000	1472	1488	1481	1497
46	5	-928060.0000000000	-928060.0000000000	1472	1488	1483	1499
46	6	-596820.0000000000	-596820.0000000000	1472	1488	1485	1501
46	7	-229320.0000000000	-229320.0000000000	1472	1488	1487	1503
46	8	-37265.0000000000	-37265.0000000000	1474	1490	1473	1489
46	9	-87123.0000000000	-87123.0000000000	1474	1490	1475	1491
46	10	-26728.0000000000	-26728.0000000000	1474	1490	1477	1493
46	11	66049.0000000000	66049.0000000000	1474	1490	1479	1495
46	12	-23130.0000000000	-23130.0000000000	1474	1490	1481	1497
46	13	-243379.0000000000	-243379.0000000000	1474	1490	1483	1499
46	14	-156513.0000000000	-156513.0000000000	1474	1490	1485	1501
46	15	-60138.0000000000	-60138.0000000000	1474	1490	1487	1503
46	16	27840.0000000000	27840.0000000000	1476	1492	1473	1489
46	17	65088.0000000000	65088.0000000000	1476	1492	1475	1491
46	18	19968.0000000000	19968.0000000000	1476	1492	1477	1493
46	19	-49344.0000000000	-49344.0000000000	1476	1492	1479	1495
46	20	17280.0000000000	17280.0000000000	1476	1492	1481	1497
46	21	181824.0000000000	181824.0000000000	1476	1492	1483	1499
46	22	116928.0000000000	116928.0000000000	1476	1492	1485	1501
46	23	44928.0000000000	44928.0000000000	1476	1492	1487	1503
46	24	8555.0000000000	8555.0000000000	1478	1494	1473	1489
46	25	20001.0000000000	20001.0000000000	1478	1494	1475	1491
46	26	6136.0000000000	6136.0000000000	1478	1494	1477	1493
46	27	-15163.0000000000	-15163.0000000000	1478	1494	1479	1495
46	28	5310.0000000000	5310.0000000000	1478	1494	1481	1497
46	29	55873.0000000000	55873.0000000000	1478	1494	1483	1499
46	30	35931.0000000000	35931.0000000000	1478	1494	1485	1501
46	31	13806.0000000000	13806.0000000000	1478	1494	1487	1503
46	32	-19575.0000000000	-19575.0000000000	1480	1496	1473	1489
46	33	-45765.0000000000	-45765.0000000000	1480	1496	1475	1491
46	34	-14040.0000000000	-14040.0000000000	1480	1496	1477	1493
46	35	34695.0000000000	34695.0000000000	1480	1496	1479	1495
46	36	-12150.0000000000	-12150.0000000000	1480	1496	1481	1497
46	37	-127845.0000000000	-127845.0000000000	1480	1496	1483	1499
46	38	-82215.0000000000	-82215.0000000000	1480	1496	1485	1501
46	39	-31590.0000000000	-31590.0000000000	1480	1496	1487	1503
46	40	-80185.0000000000	-80185.0000000000	1482	1498	1473	1489
46	41	-187467.0000000000	-187467.0000000000	1482	1498	1475	1491
46	42	-57512.0000000000	-57512.0000000000	1482	1498	1477	1493
46	43	142121.0000000000	142121.0000000000	1482	1498	1479	1495
46	44	-49770.0000000000	-49770.0000000000	1482	1498	1481	1497
46	45	-523691.0000000000	-523691.0000000000	1482	1498	1483	1499
46	46	-336777.0000000000	-336777.0000000000	1482	1498	1485	1501
46	47	-129402.0000000000	-129402.0000000000	1482	1498	1487	1503
46	48	33060.0000000000	33060.0000000000	1484	1500	1473	1489
46	49	77292.0000000000	77292.0000000000	1484	1500	1475	1491
46	50	23712.0000000000	23712.0000000000	1484	1500	1477	1493
46	51	-58596.0000000000	-58596.0000000000	1484	1500	1479	1495
46	52	20520.0000000000	20520.0000000000	1484	1500	1481	1497
46	53	215916.0000000000	215916.0000000000	1484	1500	1483	1499
46	54	138852.0000000000	138852.0000000000	1484	1500	1485	1501
46	55	53352.0000000000	53352.0000000000	1484	1500	1487	1503
46	56	84970.0000000000	84970.0000000000	1486	1502	1473	1489
46	57	198654.0000000000	198654.0000000000	1486	1502	1475	1491
46	58	60944.0000000000	60944.0000000000	1486	1502	1477	1493
46	59	-150602.0000000000	-150602.0000000000	1486	1502	1479	1495
46	60	52740.0000000000	52740.0000000000	1486	1502	1481	1497
46	61	554942.0000000000	554942.0000000000	1486	1502	1483	1499
46	62	356874.0000000000	356874.0000000000	1486	1502	1485	1501
46	63	137124.0000000000	137124.0000000000	1486	1502	1487	1503
47	0	-44436.0000000000	-44436.0000000000	1504	1520	1505	1521
47	1	-77280.0000000000	-77280.0000000000	1504	1520	1507	1523
47	2	-170660.0000000000	-170660.0000000000	1504	1520	1509	1525
47	3	49588.0000000000	49588.0000000000	1504	1520	1511	1527
47	4	8372.0000000000	8372.0000000000	1504	1520	1513	1529
47	5	-20608.0000000000	-20608.0000000000	1504	1520	1515	1531
47	6	-135884.0000000000	-135884.0000000000	1504	1520	1517	1533
47	7	-189980.0000000000	-189980.0000000000	1504	1520	1519	1535
47	8	-139932.0000000000	-139932.0000000000	1506	1522	1505	1521
47	9	-243360.0000000000	-243360.0000000000	1506	1522	1507	1523
47	10	-537420.0000000000	-537420.0000000000	1506	1522	1509	1525
47	11	156156.0000000000	156156.0000000000	1506	1522	1511	1527
47	12	26364.0000000000	26364.0000000000	1506	1522	1513	1529
47	13	-64896.0000000000	-64896.0000000000	1506	1522	1515	1531
47	14	-427908.0000000000	-427908.0000000000	1506	1522	1517	1533
47	15	-598260.0000000000	-598260.0000000000	1506	1522	1519	1535
47	16	62928.0000000000	62928.0000000000	1508	1524	1505	1521
47	17	109440.0000000000	109440.0000000000	1508	1524	1507	1523
47	18	241680.0000000000	241680.0000000000	1508	1524	1509	1525
47	19	-70224.0000000000	-70224.0000000000	1508	1524	1511	1527
47	20	-11856.0000000000	-11856.0000000000	1508	1524	1513	1529
47	21	29184.0000000000	29184.0000000000	1508	1524	1515	1531
47	22	192432.0000000000	192432.0000000000	1508	1524	1517	1533
47	23	269040.0000000000	269040.0000000000	1508	1524	1519	1535
47	24	95220.0000000000	95220.0000000000	1510	1526	1505	1521
47	25	165600.0000000000	165600.0000000000	1510	1526	1507	1523
47	26	365700.0000000000	365700.0000000000	1510	1526	1509	1525
47	27	-106260.0000000000	-106260.0000000000	1510	1526	1511	1527
47	28	-17940.0000000000	-17940.0000000000	1510	1526	1513	1529
47	29	44160.0000000000	44160.0000000000	1510	1526	1515	1531
47	30	291180.0000000000	291180.0000000000	1510	1526	1517	1533
47	31	407100.0000000000	407100.0000000000	1510	1526	1519	1535
47	32	-194304.0000000000	-194304.0000000000	1512	1528	1505	1521
47	33	-337920.0000000000	-337920.0000000000	1512	1528	1507	1523
47	34	-746240.0000000000	-746240.0000000000	1512	1528	1509	1525
47	35	216832.0000000000	216832.0000000000	1512	1528	1511	1527
47	36	36608.0000000000	36608.0000000000	1512	1528	1513	1529
47	37	-90112.0000000000	-90112.0000000000	1512	1528	1515	1531
47	38	-594176.0000000000	-594176.0000000000	1512	1528	1517	1533
47	39	-830720.0000000000	-830720.0000000000	1512	1528	1519	1535
47	40	-34500.0000000000	-34500.0000000000	1514	1530	1505	1521
47	41	-60000.0000000000	-60000.0000000000	1514	1530	1507	1523
47	42	-132500.0000000000	-132500.0000000000	1514	1530	1509	1525
47	43	38500.0000000000	38500.0000000000	1514	1530	1511	1527
47	44	6500.0000000000	6500.0000000000	1514	1530	1513	1529
47	45	-16000.0000000000	-16000.0000000000	1514	1530	1515	1531
47	46	-105500.0000000000	-105500.0000000000	1514	1530	1517	1533
47	47	-147500.0000000000	-147500.0000000000	1514	1530	1519	1535
47	48	-34224.0000000000	-34224.0000000000	1516	1532	1505	1521
47	49	-59520.0000000000	-59520.0000000000	1516	1532	1507	1523
47	50	-131440.0000000000	-131440.0000000000	1516	1532	1509	1525
47	51	38192.0000000000	38192.0000000000	1516	1532	1511	1527
47	52	6448.0000000000	6448.0000000000	1516	1532	1513	1529
47	53	-15872.0000000000	-15872.0000000000	1516	1532	1515	1531
47	54	-104656.0000000000	-104656.0000000000	1516	1532	1517	1533
47	55	-146320.0000000000	-146320.0000000000	1516	1532	1519	1535
47	56	-108468.0000000000	-108468.0000000000	1518	1534	1505	1521
47	57	-188640.0000000000	-188640.0000000000	1518	1534	1507	1523
47	58	-416580.0000000000	-416580.0000000000	1518	1534	1509	1525
47	59	121044.0000000000	121044.0000000000	1518	1534	1511	1527
47	60	20436.0000000000	20436.0000000000	1518	1534	1513	1529
47	61	-50304.0000000000	-50304.0000000000	1518	1534	1515	1531
47	62	-331692.0000000000	-331692.0000000000	1518	1534	1517	1533
47	63	-463740.0000000000	-463740.0000000000	1518	1534	1519	1535
48	0	353428.0000000000	353428.0000000000	1536	1552	1537	1553
48	1	311708.0000000000	311708.0000000000	1536	1552	1539	1555
48	2	-55428.0000000000	-55428.0000000000	1536	1552	1541	1557
48	3	-417200.0000000000	-417200.0000000000	1536	1552	1543	1559
48	4	207408.0000000000	207408.0000000000	1536	1552	1545	1561
48	5	271180.0000000000	271180.0000000000	1536	1552	1547	1563
48	6	-281908.0000000000	-281908.0000000000	1536	1552	1549	1565
48	7	-69136.0000000000	-69136.0000000000	1536	1552	1551	1567
48	8	-19569.0000000000	-19569.0000000000	1538	1554	1537	1553
48	9	-17259.0000000000	-17259.0000000000	1538	1554	1539	1555
48	10	3069.0000000000	3069.0000000000	1538	1554	1541	1557
48	11	23100.0000000000	23100.0000000000	1538	1554	1543	1559
48	12	-11484.0000000000	-11484.0000000000	1538	1554	1545	1561
48	13	-15015.0000000000	-15015.0000000000	1538	1554	1547	1563
48	14	15609.0000000000	15609.0000000000	1538	1554	1549	1565
48	15	3828.0000000000	3828.0000000000	1538	1554	1551	1567
48	16	291756.0000000000	291756.0000000000	1540	1556	1537	1553
48	17	257316.0000000000	257316.0000000000	1540	1556	1539	1555
48	18	-45756.0000000000	-45756.0000000000	1540	1556	1541	1557
48	19	-344400.0000000000	-344400.0000000000	1540	1556	1543	1559
48	20	171216.0000000000	171216.0000000000	1540	1556	1545	1561
48	21	223860.0000000000	223860.0000000000	1540	1556	1547	1563
48	22	-232716.0000000000	-232716.0000000000	1540	1556	1549	1565
48	23	-57072.0000000000	-57072.0000000000	1540	1556	1551	1567
48	24	-342754.0000000000	-342754.0000000000	1542	1558	1537	1553
48	25	-302294.0000000000	-302294.0000000000	1542	1558	1539	1555
48	26	53754.0000000000	53754.0000000000	1542	1558	1541	1557
48	27	404600.0000000000	404600.0000000000	1542	1558	1543	1559
48	28	-201144.0000000000	-201144.0000000000	1542	1558	1545	1561
48	29	-262990.0000000000	-262990.0000000000	1542	1558	1547	1563
48	30	273394.0000000000	273394.0000000000	1542	1558	1549	1565
48	31	67048.0000000000	67048.0000000000	1542	1558	1551	1567
48	32	32615.0000000000	32615.0000000000	1544	1560	1537	1553
48	33	28765.0000000000	28765.0000000000	1544	1560	1539	1555
48	34	-5115.0000000000	-5115.0000000000	1544	1560	1541	1557
48	35	-38500.0000000000	-38500.0000000000	1544	1560	1543	1559
48	36	19140.0000000000	19140.0000000000	1544	1560	1545	1561
48	37	25025.0000000000	25025.0000000000	1544	1560	1547	1563
48	38	-26015.0000000000	-26015.0000000000	1544	1560	1549	1565
48	39	-6380.0000000000	-6380.0000000000	1544	1560	1551	1567
48	40	191539.0000000000	191539.0000000000	1546	1562	1537	1553
48	41	168929.0000000000	168929.0000000000	1546	1562	1539	1555
48	42	-30039.0000000000	-30039.0000000000	1546	1562	1541	1557
48	43	-226100.0000000000	-226100.0000000000	1546	1562	1543	1559
48	44	112404.0000000000	112404.0000000000	1546	1562	1545	1561
48	45	146965.0000000000	146965.0000000000	1546	1562	1547	1563
48	46	-152779.0000000000	-152779.0000000000	1546	1562	1549	1565
48	47	-37468.0000000000	-37468.0000000000	1546	1562	1551	1567
48	48	-49812.0000000000	-49812.0000000000	1548	1564	1537	1553
48	49	-43932.0000000000	-43932.0000000000	1548	1564	1539	1555
48	50	7812.0000000000	7812.0000000000	1548	1564	1541	1557
48	51	58800.0000000000	58800.0000000000	1548	1564	1543	1559
48	52	-29232.0000000000	-29232.0000000000	1548	1564	1545	1561
48	53	-38220.0000000000	-38220.0000000000	1548	1564	1547	1563
48	54	39732.0000000000	39732.0000000000	1548	1564	1549	1565
48	55	9744.0000000000	9744.0000000000	1548	1564	1551	1567
48	56	257955.0000000000	257955.0000000000	1550	1566	1537	1553
48	57	227505.0000000000	227505.0000000000	1550	1566	1539	1555
48	58	-40455.0000000000	-40455.0000000000	1550	1566	1541	1557
48	59	-304500.0000000000	-304500.0000000000	1550	1566	1543	1559
48	60	151380.0000000000	151380.0000000000	1550	1566	1545	1561
48	61	197925.0000000000	197925.0000000000	1550	1566	1547	1563
48	62	-205755.0000000000	-205755.0000000000	1550	1566	1549	1565
48	63	-50460.0000000000	-50460.0000000000	1550	1566	1551	1567
49	0	-89208.0000000000	-89208.0000000000	1568	1584	1569	1585
49	1	-305928.0000000000	-305928.0000000000	1568	1584	1571	1587
49	2	37800.0000000000	37800.0000000000	1568	1584	1573	1589
49	3	293328.0000000000	293328.0000000000	1568	1584	1575	1591
49	4	107856.0000000000	107856.0000000000	1568	1584	1577	1593
49	5	-198072.0000000000	-198072.0000000000	1568	1584	1579	1595
49	6	37296.0000000000	37296.0000000000	1568	1584	1581	1597
49	7	89208.0000000000	89208.0000000000	1568	1584	1583	1599
49	8	-113457.0000000000	-113457.0000000000	1570	1586	1569	1585
49	9	-389087.0000000000	-389087.0000000000	1570	1586	1571	1587
49	10	48075.0000000000	48075.0000000000	1570	1586	1573	1589
49	11	373062.0000000000	373062.0000000000	1570	1586	1575	1591
49	12	137174.0000000000	137174.0000000000	1570	1586	1577	1593
49	13	-251913.0000000000	-251913.0000000000	1570	1586	1579	1595
49	14	47434.0000000000	47434.0000000000	1570	1586	1581	1597
49	15	113457.0000000000	113457.0000000000	1570	1586	1583	1599
49	16	-16992.0000000000	-16992.0000000000	1572	1588	1569	1585
49	17	-58272.0000000000	-58272.0000000000	1572	1588	1571	1587
49	18	7200.0000000000	7200.0000000000	1572	1588	1573	1589
49	19	55872.0000000000	55872.0000000000	1572	1588	1575	1591
49	20	20544.0000000000	20544.0000000000	1572	1588	1577	1593
49	21	-37728.0000000000	-37728.0000000000	1572	1588	1579	1595
49	22	7104.0000000000	7104.0000000000	1572	1588	1581	1597
49	23	16992.0000000000	16992.0000000000	1572	1588	1583	1599
49	24	6903.0000000000	6903.0000000000	1574	1590	1569	1585
49	25	23673.0000000000	23673.0000000000	1574	1590	1571	1587
49	26	-2925.0000000000	-2925.0000000000	1574	1590	1573	1589
49	27	-22698.0000000000	-22698.0000000000	1574	1590	1575	1591
49	28	-8346.0000000000	-8346.0000000000	1574	1590	1577	1593
49	29	15327.0000000000	15327.0000000000	1574	1590	1579	1595
49	30	-2886.0000000000	-2886.0000000000	1574	1590	1581	1597
49	31	-6903.0000000000	-6903.0000000000	1574	1590	1583	1599
49	32	19824.0000000000	19824.0000000000	1576	1592	1569	1585
49	33	67984.0000000000	67984.0000000000	1576	1592	1571	1587
49	34	-8400.0000000000	-8400.0000000000	1576	1592	1573	1589
49	35	-65184.0000000000	-65184.0000000000	1576	1592	1575	1591
49	36	-23968.0000000000	-23968.0000000000	1576	1592	1577	1593
49	37	44016.0000000000	44016.0000000000	1576	1592	1579	1595
49	38	-8288.0000000000	-8288.0000000000	1576	1592	1581	1597
49	39	-19824.0000000000	-19824.0000000000	1576	1592	1583	1599
49	40	78588.0000000000	78588.0000000000	1578	1594	1569	1585
49	41	269508.0000000000	269508.0000000000	1578	1594	1571	1587
49	42	-33300.0000000000	-33300.0000000000	1578	1594	1573	1589
49	43	-258408.0000000000	-258408.0000000000	1578	1594	1575	1591
49	44	-95016.0000000000	-95016.0000000000	1578	1594	1577	1593
49	45	174492.0000000000	174492.0000000000	1578	1594	1579	1595
49	46	-32856.0000000000	-32856.0000000000	1578	1594	1581	1597
49	47	-78588.0000000000	-78588.0000000000	1578	1594	1583	1599
49	48	-3540.0000000000	-3540.0000000000	1580	1596	1569	1585
49	49	-12140.0000000000	-12140.0000000000	1580	1596	1571	1587
49	50	1500.0000000000	1500.0000000000	1580	1596	1573	1589
49	51	11640.0000000000	11640.0000000000	1580	1596	1575	1591
49	52	4280.0000000000	4280.0000000000	1580	1596	1577	1593
49	53	-7860.0000000000	-7860.0000000000	1580	1596	1579	1595
49	54	1480.0000000000	1480.0000000000	1580	1596	1581	1597
49	55	3540.0000000000	3540.0000000000	1580	1596	1583	1599
49	56	-116820.0000000000	-116820.0000000000	1582	1598	1569	1585
49	57	-400620.0000000000	-400620.0000000000	1582	1598	1571	1587
49	58	49500.0000000000	49500.0000000000	1582	1598	1573	1589
49	59	384120.0000000000	384120.0000000000	1582	1598	1575	1591
49	60	141240.0000000000	141240.0000000000	1582	1598	1577	1593
49	61	-259380.0000000000	-259380.0000000000	1582	1598	1579	1595
49	62	48840.0000000000	48840.0000000000	1582	1598	1581	1597
49	63	116820.0000000000	116820.0000000000	1582	1598	1583	1599
50	0	606464.0000000000	606464.0000000000	1600	1616	1601	1617
50	1	-245824.0000000000	-245824.0000000000	1600	1616	1603	1619
50	2	-317952.0000000000	-317952.0000000000	1600	1616	1605	1621
50	3	-594688.0000000000	-594688.0000000000	1600	1616	1607	1623
50	4	853760.0000000000	853760.0000000000	1600	1616	1609	1625
50	5	1485248.0000000000	1485248.0000000000	1600	1616	1611	1627
50	6	348864.0000000000	348864.0000000000	1600	1616	1613	1629
50	7	-730112.0000000000	-730112.0000000000	1600	1616	1615	1631
50	8	352672.0000000000	352672.0000000000	1602	1618	1601	1617
50	9	-142952.0000000000	-142952.0000000000	1602	1618	1603	1619
50	10	-184896.0000000000	-184896.0000000000	1602	1618	1605	1621
50	11	-345824.0000000000	-345824.0000000000	1602	1618	1607	1623
50	12	496480.0000000000	496480.0000000000	1602	1618	1609	1625
50	13	863704.0000000000	863704.0000000000	1602	1618	1611	1627
50	14	202872.0000000000	202872.0000000000	1602	1618	1613	1629
50	15	-424576.0000000000	-424576.0000000000	1602	1618	1615	1631
50	16	151616.0000000000	151616.0000000000	1604	1620	1601	1617
50	17	-61456.0000000000	-61456.0000000000	1604	1620	1603	1619
50	18	-79488.0000000000	-79488.0000000000	1604	1620	1605	1621
50	19	-148672.0000000000	-148672.0000000000	1604	1620	1607	1623
50	20	213440.0000000000	213440.0000000000	1604	1620	1609	1625
50	21	371312.0000000000	371312.0000000000	1604	1620	1611	1627
50	22	87216.0000000000	87216.0000000000	1604	1620	1613	1629
50	23	-182528.0000000000	-182528.0000000000	1604	1620	1615	1631
50	24	-102176.0000000000	-102176.0000000000	1606	1622	1601	1617
50	25	41416.0000000000	41416.0000000000	1606	1622	1603	1619
50	26	53568.0000000000	53568.0000000000	1606	1622	1605	1621
50	27	100192.0000000000	100192.0000000000	1606	1622	1607	1623
50	28	-143840.0000000000	-143840.0000000000	1606	1622	1609	1625
50	29	-250232.0000000000	-250232.0000000000	1606	1622	1611	1627
50	30	-58776.0000000000	-58776.0000000000	1606	1622	1613	1629
50	31	123008.0000000000	123008.0000000000	1606	1622	1615	1631
50	32	-145436.0000000000	-145436.0000000000	1608	1624	1601	1617
50	33	58951.0000000000	58951.0000000000	1608	1624	1603	1619
50	34	76248.0000000000	76248.0000000000	1608	1624	1605	1621
50	35	142612.0000000000	142612.0000000000	1608	1624	1607	1623
50	36	-204740.0000000000	-204740.0000000000	1608	1624	1609	1625
50	37	-356177.0000000000	-356177.0000000000	1608	1624	1611	1627
50	38	-83661.0000000000	-83661.0000000000	1608	1624	1613	1629
50	39	175088.0000000000	175088.0000000000	1608	1624	1615	1631
50	40	184988.0000000000	184988.0000000000	1610	1626	1601	1617
50	41	-74983.0000000000	-74983.0000000000	1610	1626	1603	1619
50	42	-96984.0000000000	-96984.0000000000	1610	1626	1605	1621
50	43	-181396.0000000000	-181396.0000000000	1610	1626	1607	1623
50	44	260420.0000000000	260420.0000000000	1610	1626	1609	1625
50	45	453041.0000000000	453041.0000000000	1610	1626	1611	1627
50	46	106413.0000000000	106413.0000000000	1610	1626	1613	1629
50	47	-222704.0000000000	-222704.0000000000	1610	1626	1615	1631
50	48	47792.0000000000	47792.0000000000	1612	1628	1601	1617
50	49	-19372.0000000000	-19372.0000000000	1612	1628	1603	1619
50	50	-25056.0000000000	-25056.0000000000	1612	1628	1605	1621
50	51	-46864.0000000000	-46864.0000000000	1612	1628	1607	1623
50	52	67280.0000000000	67280.0000000000	1612	1628	1609	1625
50	53	117044.0000000000	117044.0000000000	1612	1628	1611	1627
50	54	27492.0000000000	27492.0000000000	1612	1628	1613	1629
50	55	-57536.0000000000	-57536.0000000000	1612	1628	1615	1631
50	56	-264504.0000000000	-264504.0000000000	1614	1630	1601	1617
50	57	107214.0000000000	107214.0000000000	1614	1630	1603	1619
50	58	138672.0000000000	138672.0000000000	1614	1630	1605	1621
50	59	259368.0000000000	259368.0000000000	1614	1630	1607	1623
50	60	-372360.0000000000	-372360.0000000000	1614	1630	1609	1625
50	61	-647778.0000000000	-647778.0000000000	1614	1630	1611	1627
50	62	-152154.0000000000	-152154.0000000000	1614	1630	1613	1629
50	63	318432.0000000000	318432.0000000000	1614	1630	1615	1631
51	0	-200490.0000000000	-200490.0000000000	1632	1648	1633	1649
51	1	-114390.0000000000	-114390.0000000000	1632	1648	1635	1651
51	2	169945.0000000000	169945.0000000000	1632	1648	1637	1653
51	3	-189010.0000000000	-189010.0000000000	1632	1648	1639	1655
51	4	-137965.0000000000	-137965.0000000000	1632	1648	1641	1657
51	5	60885.0000000000	60885.0000000000	1632	1648	1643	1659
51	6	39565.0000000000	39565.0000000000	1632	1648	1645	1661
51	7	-97990.0000000000	-97990.0000000000	1632	1648	1647	1663
51	8	163326.0000000000	163326.0000000000	1634	1650	1633	1649
51	9	93186.0000000000	93186.0000000000	1634	1650	1635	1651
51	10	-138443.0000000000	-138443.0000000000	1634	1650	1637	1653
51	11	153974.0000000000	153974.0000000000	1634	1650	1639	1655
51	12	112391.0000000000	112391.0000000000	1634	1650	1641	1657
51	13	-49599.0000000000	-49599.0000000000	1634	1650	1643	1659
51	14	-32231.0000000000	-32231.0000000000	1634	1650	1645	1661
51	15	79826.0000000000	79826.0000000000	1634	1650	1647	1663
51	16	723720.0000000000	723720.0000000000	1636	1652	1633	1649
51	17	412920.0000000000	412920.0000000000	1636	1652	1635	1651
51	18	-613460.0000000000	-613460.0000000000	1636	1652	1637	1653
51	19	682280.0000000000	682280.0000000000	1636	1652	1639	1655
51	20	498020.0000000000	498020.0000000000	1636	1652	1641	1657
51	21	-219780.0000000000	-219780.0000000000	1636	1652	1643	1659
51	22	-142820.0000000000	-142820.0000000000	1636	1652	1645	1661
51	23	353720.0000000000	353720.0000000000	1636	1652	1647	1663
51	24	-57702.0000000000	-57702.0000000000	1638	1654	1633	1649
51	25	-32922.0000000000	-32922.0000000000	1638	1654	1635	1651
51	26	48911.0000000000	48911.0000000000	1638	1654	1637	1653
51	27	-54398.0000000000	-54398.0000000000	1638	1654	1639	1655
51	28	-39707.0000000000	-39707.0000000000	1638	1654	1641	1657
51	29	17523.0000000000	17523.0000000000	1638	1654	1643	1659
51	30	11387.0000000000	11387.0000000000	1638	1654	1645	1661
51	31	-28202.0000000000	-28202.0000000000	1638	1654	1647	1663
51	32	-277752.0000000000	-277752.0000000000	1640	1656	1633	1649
51	33	-158472.0000000000	-158472.0000000000	1640	1656	1635	1651
51	34	235436.0000000000	235436.0000000000	1640	1656	1637	1653
51	35	-261848.0000000000	-261848.0000000000	1640	1656	1639	1655
51	36	-191132.0000000000	-191132.0000000000	1640	1656	1641	1657
51	37	84348.0000000000	84348.0000000000	1640	1656	1643	1659
51	38	54812.0000000000	54812.0000000000	1640	1656	1645	1661
51	39	-135752.0000000000	-135752.0000000000	1640	1656	1647	1663
51	40	-936924.0000000000	-936924.0000000000	1642	1658	1633	1649
51	41	-534564.0000000000	-534564.0000000000	1642	1658	1635	1651
51	42	794182.0000000000	794182.0000000000	1642	1658	1637	1653
51	43	-883276.0000000000	-883276.0000000000	1642	1658	1639	1655
51	44	-644734.0000000000	-644734.0000000000	1642	1658	1641	1657
51	45	284526.0000000000	284526.0000000000	1642	1658	1643	1659
51	46	184894.0000000000	184894.0000000000	1642	1658	1645	1661
51	47	-457924.0000000000	-457924.0000000000	1642	1658	1647	1663
51	48	-285576.0000000000	-285576.0000000000	1644	1660	1633	1649
51	49	-162936.0000000000	-162936.0000000000	1644	1660	1635	1651
51	50	242068.0000000000	242068.0000000000	1644	1660	1637	1653
51	51	-269224.0000000000	-269224.0000000000	1644	1660	1639	1655
51	52	-196516.0000000000	-196516.0000000000	1644	1660	1641	1657
51	53	86724.0000000000	86724.0000000000	1644	1660	1643	1659
51	54	56356.0000000000	56356.0000000000	1644	1660	1645	1661
51	55	-139576.0000000000	-139576.0000000000	1644	1660	1647	1663
51	56	1193160.0000000000	1193160.0000000000	1646	1662	1633	1649
51	57	680760.0000000000	680760.0000000000	1646	1662	1635	1651
51	58	-1011380.0000000000	-1011380.0000000000	1646	1662	1637	1653
51	59	1124840.0000000000	1124840.0000000000	1646	1662	1639	1655
51	60	821060.0000000000	821060.0000000000	1646	1662	1641	1657
51	61	-362340.0000000000	-362340.0000000000	1646	1662	1643	1659
51	62	-235460.0000000000	-235460.0000000000	1646	1662	1645	1661
51	63	583160.0000000000	583160.0000000000	1646	1662	1647	1663
52	0	-50576.0000000000	-50576.0000000000	1664	1680	1665	1681
52	1	-146496.0000000000	-146496.0000000000	1664	1680	1667	1683
52	2	-3488.0000000000	-3488.0000000000	1664	1680	1669	1685
52	3	-152164.0000000000	-152164.0000000000	1664	1680	1671	1687
52	4	-226284.0000000000	-226284.0000000000	1664	1680	1673	1689
52	5	87636.0000000000	87636.0000000000	1664	1680	1675	1691
52	6	98536.0000000000	98536.0000000000	1664	1680	1677	1693
52	7	-565928.0000000000	-565928.0000000000	1664	1680	1679	1695
52	8	-4408.0000000000	-4408.0000000000	1666	1682	1665	1681
52	9	-12768.0000000000	-12768.0000000000	1666	1682	1667	1683
52	10	-304.0000000000	-304.0000000000	1666	1682	1669	1685
52	11	-13262.0000000000	-13262.0000000000	1666	1682	1671	1687
52	12	-19722.0000000000	-19722.0000000000	1666	1682	1673	1689
52	13	7638.0000000000	7638.0000000000	1666	1682	1675	1691
52	14	8588.0000000000	8588.0000000000	1666	1682	1677	1693
52	15	-49324.0000000000	-49324.0000000000	1666	1682	1679	1695
52	16	107648.0000000000	107648.0000000000	1668	1684	1665	1681
52	17	311808.0000000000	311808.0000000000	1668	1684	1667	1683
52	18	7424.0000000000	7424.0000000000	1668	1684	1669	1685
52	19	323872.0000000000	323872.0000000000	1668	1684	1671	1687
52	20	481632.0000000000	481632.0000000000	1668	1684	1673	1689
52	21	-186528.0000000000	-186528.0000000000	1668	1684	1675	1691
52	22	-209728.0000000000	-209728.0000000000	1668	1684	1677	1693
52	23	1204544.0000000000	1204544.0000000000	1668	1684	1679	1695
52	24	10324.0000000000	10324.0000000000	1670	1686	1665	1681
52	25	29904.0000000000	29904.0000000000	1670	1686	1667	1683
52	26	712.0000000000	712.0000000000	1670	1686	1669	1685
52	27	31061.0000000000	31061.0000000000	1670	1686	1671	1687
52	28	46191.0000000000	46191.0000000000	1670	1686	1673	1689
52	29	-17889.0000000000	-17889.0000000000	1670	1686	1675	1691
52	30	-20114.0000000000	-20114.0000000000	1670	1686	1677	1693
52	31	115522.0000000000	115522.0000000000	1670	1686	1679	1695
52	32	19836.0000000000	19836.0000000000	1672	1688	1665	1681
52	33	57456.0000000000	57456.0000000000	1672	1688	1667	1683
52	34	1368.0000000000	1368.0000000000	1672	1688	1669	1685
52	35	59679.0000000000	59679.0000000000	1672	1688	1671	1687
52	36	88749.0000000000	88749.0000000000	1672	1688	1673	1689
52	37	-34371.0000000000	-34371.0000000000	1672	1688	1675	1691
52	38	-38646.0000000000	-38646.0000000000	1672	1688	1677	1693
52	39	221958.0000000000	221958.0000000000	1672	1688	1679	1695
52	40	9512.0000000000	9512.0000000000	1674	1690	1665	1681
52	41	27552.0000000000	27552.0000000000	1674	1690	1667	1683
52	42	656.0000000000	656.0000000000	1674	1690	1669	1685
52	43	28618.0000000000	28618.0000000000	1674	1690	1671	1687
52	44	42558.0000000000	42558.0000000000	1674	1690	1673	1689
52	45	-16482.0000000000	-16482.0000000000	1674	1690	1675	1691
52	46	-18532.0000000000	-18532.0000000000	1674	1690	1677	1693
52	47	106436.0000000000	106436.0000000000	1674	1690	1679	1695
52	48	-71920.0000000000	-71920.0000000000	1676	1692	1665	1681
52	49	-208320.0000000000	-208320.0000000000	1676	1692	1667	1683
52	50	-4960.0000000000	-4960.0000000000	1676	1692	1669	1685
52	51	-216380.0000000000	-216380.0000000000	1676	1692	1671	1687
52	52	-321780.0000000000	-321780.0000000000	1676	1692	1673	1689
52	53	124620.0000000000	124620.0000000000	1676	1692	1675	1691
52	54	140120.0000000000	140120.0000000000	1676	1692	1677	1693
52	55	-804760.0000000000	-804760.0000000000	1676	1692	1679	1695
52	56	-88972.0000000000	-88972.0000000000	1678	1694	1665	1681
52	57	-257712.0000000000	-257712.0000000000	1678	1694	1667	1683
52	58	-6136.0000000000	-6136.0000000000	1678	1694	1669	1685
52	59	-267683.0000000000	-267683.0000000000	1678	1694	1671	1687
52	60	-398073.0000000000	-398073.0000000000	1678	1694	1673	1689
52	61	154167.0000000000	154167.0000000000	1678	1694	1675	1691
52	62	173342.0000000000	173342.0000000000	1678	1694	1677	1693
52	63	-995566.0000000000	-995566.0000000000	1678	1694	1679	1695
53	0	-13440.0000000000	-13440.0000000000	1696	1712	1697	1713
53	1	-8340.0000000000	-8340.0000000000	1696	1712	1699	1715
53	2	-33600.0000000000	-33600.0000000000	1696	1712	1701	1717
53	3	53520.0000000000	53520.0000000000	1696	1712	1703	1719
53	4	55320.0000000000	55320.0000000000	1696	1712	1705	1721
53	5	1500.0000000000	1500.0000000000	1696	1712	1707	1723
53	6	-51000.0000000000	-51000.0000000000	1696	1712	1709	1725
53	7	-14040.0000000000	-14040.0000000000	1696	1712	1711	1727
53	8	235872.0000000000	235872.0000000000	1698	1714	1697	1713
53	9	146367.0000000000	146367.0000000000	1698	1714	1699	1715
53	10	589680.0000000000	589680.0000000000	1698	1714	1701	1717
53	11	-939276.0000000000	-939276.0000000000	1698	1714	1703	1719
53	12	-970866.0000000000	-970866.0000000000	1698	1714	1705	1721
53	13	-26325.0000000000	-26325.0000000000	1698	1714	1707	1723
53	14	895050.0000000000	895050.0000000000	1698	1714	1709	1725
53	15	246402.0000000000	246402.0000000000	1698	1714	1711	1727
53	16	22400.0000000000	22400.0000000000	1700	1716	1697	1713
53	17	13900.0000000000	13900.0000000000	1700	1716	1699	1715
53	18	56000.0000000000	56000.0000000000	1700	1716	1701	1717
53	19	-89200.0000000000	-89200.0000000000	1700	1716	1703	1719
53	20	-92200.0000000000	-92200.0000000000	1700	1716	1705	1721
53	21	-2500.0000000000	-2500.0000000000	1700	1716	1707	1723
53	22	85000.0000000000	85000.0000000000	1700	1716	1709	1725
53	23	23400.0000000000	23400.0000000000	1700	1716	1711	1727
53	24	-56672.0000000000	-56672.0000000000	1702	1718	1697	1713
53	25	-35167.0000000000	-35167.0000000000	1702	1718	1699	1715
53	26	-141680.0000000000	-141680.0000000000	1702	1718	1701	1717
53	27	225676.0000000000	225676.0000000000	1702	1718	1703	1719
53	28	233266.0000000000	233266.0000000000	1702	1718	1705	1721
53	29	6325.0000000000	6325.0000000000	1702	1718	1707	1723
53	30	-215050.0000000000	-215050.0000000000	1702	1718	1709	1725
53	31	-59202.0000000000	-59202.0000000000	1702	1718	1711	1727
53	32	-44576.0000000000	-44576.0000000000	1704	1720	1697	1713
53	33	-27661.0000000000	-27661.0000000000	1704	1720	1699	1715
53	34	-111440.0000000000	-111440.0000000000	1704	1720	1701	1717
53	35	177508.0000000000	177508.0000000000	1704	1720	1703	1719
53	36	183478.0000000000	183478.0000000000	1704	1720	1705	1721
53	37	4975.0000000000	4975.0000000000	1704	1720	1707	1723
53	38	-169150.0000000000	-169150.0000000000	1704	1720	1709	1725
53	39	-46566.0000000000	-46566.0000000000	1704	1720	1711	1727
53	40	-195776.0000000000	-195776.0000000000	1706	1722	1697	1713
53	41	-121486.0000000000	-121486.0000000000	1706	1722	1699	1715
53	42	-489440.0000000000	-489440.0000000000	1706	1722	1701	1717
53	43	779608.0000000000	779608.0000000000	1706	1722	1703	1719
53	44	805828.0000000000	805828.0000000000	1706	1722	1705	1721
53	45	21850.0000000000	21850.0000000000	1706	1722	1707	1723
53	46	-742900.0000000000	-742900.0000000000	1706	1722	1709	1725
53	47	-204516.0000000000	-204516.0000000000	1706	1722	1711	1727
53	48	94080.0000000000	94080.0000000000	1708	1724	1697	1713
53	49	58380.0000000000	58380.0000000000	1708	1724	1699	1715
53	50	235200.0000000000	235200.0000000000	1708	1724	1701	1717
53	51	-374640.0000000000	-374640.0000000000	1708	1724	1703	1719
53	52	-387240.0000000000	-387240.0000000000	1708	1724	1705	1721
53	53	-10500.0000000000	-10500.0000000000	1708	1724	1707	1723
53	54	357000.0000000000	357000.0000000000	1708	1724	1709	1725
53	55	98280.0000000000	98280.0000000000	1708	1724	1711	1727
53	56	226016.0000000000	226016.0000000000	1710	1726	1697	1713
53	57	140251.0000000000	140251.0000000000	1710	1726	1699	1715
53	58	565040.0000000000	565040.0000000000	1710	1726	1701	1717
53	59	-900028.0000000000	-900028.0000000000	1710	1726	1703	1719
53	60	-930298.0000000000	-930298.0000000000	1710	1726	1705	1721
53	61	-25225.0000000000	-25225.0000000000	1710	1726	1707	1723
53	62	857650.0000000000	857650.0000000000	1710	1726	1709	1725
53	63	236106.0000000000	236106.0000000000	1710	1726	1711	1727
54	0	41712.0000000000	41712.0000000000	1728	1744	1729	1745
54	1	110704.0000000000	110704.0000000000	1728	1744	1731	1747
54	2	96800.0000000000	96800.0000000000	1728	1744	1733	1749
54	3	-1584.0000000000	-1584.0000000000	1728	1744	1735	1751
54	4	61952.0000000000	61952.0000000000	1728	1744	1737	1753
54	5	87120.0000000000	87120.0000000000	1728	1744	1739	1755
54	6	-47872.0000000000	-47872.0000000000	1728	1744	1741	1757
54	7	-9856.0000000000	-9856.0000000000	1728	1744	1743	1759
54	8	126795.0000000000	126795.0000000000	1730	1746	1729	1745
54	9	336515.0000000000	336515.0000000000	1730	1746	1731	1747
54	10	294250.0000000000	294250.0000000000	1730	1746	1733	1749
54	11	-4815.0000000000	-4815.0000000000	1730	1746	1735	1751
54	12	188320.0000000000	188320.0000000000	1730	1746	1737	1753
54	13	264825.0000000000	264825.0000000000	1730	1746	1739	1755
54	14	-145520.0000000000	-145520.0000000000	1730	1746	1741	1757
54	15	-29960.0000000000	-29960.0000000000	1730	1746	1743	1759
54	16	-34128.0000000000	-34128.0000000000	1732	1748	1729	1745
54	17	-90576.0000000000	-90576.0000000000	1732	1748	1731	1747
54	18	-79200.0000000000	-79200.0000000000	1732	1748	1733	1749
54	19	1296.0000000000	1296.0000000000	1732	1748	1735	1751
54	20	-50688.0000000000	-50688.0000000000	1732	1748	1737	1753
54	21	-71280.0000000000	-71280.0000000000	1732	1748	1739	1755
54	22	39168.0000000000	39168.0000000000	1732	1748	1741	1757
54	23	8064.0000000000	8064.0000000000	1732	1748	1743	1759
54	24	-60435.0000000000	-60435.0000000000	1734	1750	1729	1745
54	25	-160395.0000000000	-160395.0000000000	1734	1750	1731	1747
54	26	-140250.0000000000	-140250.0000000000	1734	1750	1733	1749
54	27	2295.0000000000	2295.0000000000	1734	1750	1735	1751
54	28	-89760.0000000000	-89760.0000000000	1734	1750	1737	1753
54	29	-126225.0000000000	-126225.0000000000	1734	1750	1739	1755
54	30	69360.0000000000	69360.0000000000	1734	1750	1741	1757
54	31	14280.0000000000	14280.0000000000	1734	1750	1743	1759
54	32	-11613.0000000000	-11613.0000000000	1736	1752	1729	1745
54	33	-30821.0000000000	-30821.0000000000	1736	1752	1731	1747
54	34	-26950.0000000000	-26950.0000000000	1736	1752	1733	1749
54	35	441.0000000000	441.0000000000	1736	1752	1735	1751
54	36	-17248.0000000000	-17248.0000000000	1736	1752	1737	1753
54	37	-24255.0000000000	-24255.0000000000	1736	1752	1739	1755
54	38	13328.0000000000	13328.0000000000	1736	1752	1741	1757
54	39	2744.0000000000	2744.0000000000	1736	1752	1743	1759
54	40	-54747.0000000000	-54747.0000000000	1738	1754	1729	1745
54	41	-145299.0000000000	-145299.0000000000	1738	1754	1731	1747
54	42	-127050.0000000000	-127050.0000000000	1738	1754	1733	1749
54	43	2079.0000000000	2079.0000000000	1738	1754	1735	1751
54	44	-81312.0000000000	-81312.0000000000	1738	1754	1737	1753
54	45	-114345.0000000000	-114345.0000000000	1738	1754	1739	1755
54	46	62832.0000000000	62832.0000000000	1738	1754	1741	1757
54	47	12936.0000000000	12936.0000000000	1738	1754	1743	1759
54	48	-203820.0000000000	-203820.0000000000	1740	1756	1729	1745
54	49	-540940.0000000000	-540940.0000000000	1740	1756	1731	1747
54	50	-473000.0000000000	-473000.0000000000	1740	1756	1733	1749
54	51	7740.0000000000	7740.0000000000	1740	1756	1735	1751
54	52	-302720.0000000000	-302720.0000000000	1740	1756	1737	1753
54	53	-425700.0000000000	-425700.0000000000	1740	1756	1739	1755
54	54	233920.0000000000	233920.0000000000	1740	1756	1741	1757
54	55	48160.0000000000	48160.0000000000	1740	1756	1743	1759
54	56	140304.0000000000	140304.0000000000	1742	1758	1729	1745
54	57	372368.0000000000	372368.0000000000	1742	1758	1731	1747
54	58	325600.0000000000	325600.0000000000	1742	1758	1733	1749
54	59	-5328.0000000000	-5328.0000000000	1742	1758	1735	1751
54	60	208384.0000000000	208384.0000000000	1742	1758	1737	1753
54	61	293040.0000000000	293040.0000000000	1742	1758	1739	1755
54	62	-161024.0000000000	-161024.0000000000	1742	1758	1741	1757
54	63	-33152.0000000000	-33152.0000000000	1742	1758	1743	1759
55	0	342859.0000000000	342859.0000000000	1760	1776	1761	1777
55	1	-25773.0000000000	-25773.0000000000	1760	1776	1763	1779
55	2	401434.0000000000	401434.0000000000	1760	1776	1765	1781
55	3	285065.0000000000	285065.0000000000	1760	1776	1767	1783
55	4	95282.0000000000	95282.0000000000	1760	1776	1769	1785
55	5	-232738.0000000000	-232738.0000000000	1760	1776	1771	1787
55	6	-260073.0000000000	-260073.0000000000	1760	1776	1773	1789
55	7	152295.0000000000	152295.0000000000	1760	1776	1775	1791
55	8	-235743.0000000000	-235743.0000000000	1762	1778	1761	1777
55	9	17721.0000000000	17721.0000000000	1762	1778	1763	1779
55	10	-276018.0000000000	-276018.0000000000	1762	1778	1765	1781
55	11	-196005.0000000000	-196005.0000000000	1762	1778	1767	1783
55	12	-65514.0000000000	-65514.0000000000	1762	1778	1769	1785
55	13	160026.0000000000	160026.0000000000	1762	1778	1771	1787
55	14	178821.0000000000	178821.0000000000	1762	1778	1773	1789
55	15	-104715.0000000000	-104715.0000000000	1762	1778	1775	1791
55	16	-126432.0000000000	-126432.0000000000	1764	1780	1761	1777
55	17	9504.0000000000	9504.0000000000	1764	1780	1763	1779
55	18	-148032.0000000000	-148032.0000000000	1764	1780	1765	1781
55	19	-105120.0000000000	-105120.0000000000	1764	1780	1767	1783
55	20	-35136.0000000000	-35136.0000000000	1764	1780	1769	1785
55	21	85824.0000000000	85824.0000000000	1764	1780	1771	1787
55	22	95904.0000000000	95904.0000000000	1764	1780	1773	1789
55	23	-56160.0000000000	-56160.0000000000	1764	1780	1775	1791
55	24	-369199.0000000000	-369199.0000000000	1766	1782	1761	1777
55	25	27753.0000000000	27753.0000000000	1766	1782	1763	1779
55	26	-432274.0000000000	-432274.0000000000	1766	1782	1765	1781
55	27	-306965.0000000000	-306965.0000000000	1766	1782	1767	1783
55	28	-102602.0000000000	-102602.0000000000	1766	1782	1769	1785
55	29	250618.0000000000	250618.0000000000	1766	1782	1771	1787
55	30	280053.0000000000	280053.0000000000	1766	1782	1773	1789
55	31	-163995.0000000000	-163995.0000000000	1766	1782	1775	1791
55	32	-62777.0000000000	-62777.0000000000	1768	1784	1761	1777
55	33	4719.0000000000	4719.0000000000	1768	1784	1763	1779
55	34	-73502.0000000000	-73502.0000000000	1768	1784	1765	1781
55	35	-52195.0000000000	-52195.0000000000	1768	1784	1767	1783
55	36	-17446.0000000000	-17446.0000000000	1768	1784	1769	1785
55	37	42614.0000000000	42614.0000000000	1768	1784	1771	1787
55	38	47619.0000000000	47619.0000000000	1768	1784	1773	1789
55	39	-27885.0000000000	-27885.0000000000	1768	1784	1775	1791
55	40	135212.0000000000	135212.0000000000	1770	1786	1761	1777
55	41	-10164.0000000000	-10164.0000000000	1770	1786	1763	1779
55	42	158312.0000000000	158312.0000000000	1770	1786	1765	1781
55	43	112420.0000000000	112420.0000000000	1770	1786	1767	1783
55	44	37576.0000000000	37576.0000000000	1770	1786	1769	1785
55	45	-91784.0000000000	-91784.0000000000	1770	1786	1771	1787
55	46	-102564.0000000000	-102564.0000000000	1770	1786	1773	1789
55	47	60060.0000000000	60060.0000000000	1770	1786	1775	1791
55	48	47412.0000000000	47412.0000000000	1772	1788	1761	1777
55	49	-3564.0000000000	-3564.0000000000	1772	1788	1763	1779
55	50	55512.0000000000	55512.0000000000	1772	1788	1765	1781
55	51	39420.0000000000	39420.0000000000	1772	1788	1767	1783
55	52	13176.0000000000	13176.0000000000	1772	1788	1769	1785
55	53	-32184.0000000000	-32184.0000000000	1772	1788	1771	1787
55	54	-35964.0000000000	-35964.0000000000	1772	1788	1773	1789
55	55	21060.0000000000	21060.0000000000	1772	1788	1775	1791
55	56	-166381.0000000000	-166381.0000000000	1774	1790	1761	1777
55	57	12507.0000000000	12507.0000000000	1774	1790	1763	1779
55	58	-194806.0000000000	-194806.0000000000	1774	1790	1765	1781
55	59	-138335.0000000000	-138335.0000000000	1774	1790	1767	1783
55	60	-46238.0000000000	-46238.0000000000	1774	1790	1769	1785
55	61	112942.0000000000	112942.0000000000	1774	1790	1771	1787
55	62	126207.0000000000	126207.0000000000	1774	1790	1773	1789
55	63	-73905.0000000000	-73905.0000000000	1774	1790	1775	1791
56	0	-76368.0000000000	-76368.0000000000	1792	1808	1793	1809
56	1	92944.0000000000	92944.0000000000	1792	1808	1795	1811
56	2	103600.0000000000	103600.0000000000	1792	1808	1797	1813
56	3	107744.0000000000	107744.0000000000	1792	1808	1799	1815
56	4	2664.0000000000	2664.0000000000	1792	1808	1801	1817
56	5	-170792.0000000000	-170792.0000000000	1792	1808	1803	1819
56	6	42328.0000000000	42328.0000000000	1792	1808	1805	1821
56	7	57572.0000000000	57572.0000000000	1792	1808	1807	1823
56	8	115584.0000000000	115584.0000000000	1794	1810	1793	1809
56	9	-140672.0000000000	-140672.0000000000	1794	1810	1795	1811
56	10	-156800.0000000000	-156800.0000000000	1794	1810	1797	1813
56	11	-163072.0000000000	-163072.0000000000	1794	1810	1799	1815
56	12	-4032.0000000000	-4032.0000000000	1794	1810	1801	1817
56	13	258496.0000000000	258496.0000000000	1794	1810	1803	1819
56	14	-64064.0000000000	-64064.0000000000	1794	1810	1805	1821
56	15	-87136.0000000000	-87136.0000000000	1794	1810	1807	1823
56	16	239424.0000000000	239424.0000000000	1796	1812	1793	1809
56	17	-291392.0000000000	-291392.0000000000	1796	1812	1795	1811
56	18	-324800.0000000000	-324800.0000000000	1796	1812	1797	1813
56	19	-337792.0000000000	-337792.0000000000	1796	1812	1799	1815
56	20	-8352.0000000000	-8352.0000000000	1796	1812	1801	1817
56	21	535456.0000000000	535456.0000000000	1796	1812	1803	1819
56	22	-132704.0000000000	-132704.0000000000	1796	1812	1805	1821
56	23	-180496.0000000000	-180496.0000000000	1796	1812	1807	1823
56	24	113004.0000000000	113004.0000000000	1798	1814	1793	1809
56	25	-137532.0000000000	-137532.0000000000	1798	1814	1795	1811
56	26	-153300.0000000000	-153300.0000000000	1798	1814	1797	1813
56	27	-159432.0000000000	-159432.0000000000	1798	1814	1799	1815
56	28	-3942.0000000000	-3942.0000000000	1798	1814	1801	1817
56	29	252726.0000000000	252726.0000000000	1798	1814	1803	1819
56	30	-62634.0000000000	-62634.0000000000	1798	1814	1805	1821
56	31	-85191.0000000000	-85191.0000000000	1798	1814	1807	1823
56	32	-26316.0000000000	-26316.0000000000	1800	1816	1793	1809
56	33	32028.0000000000	32028.0000000000	1800	1816	1795	1811
56	34	35700.0000000000	35700.0000000000	1800	1816	1797	1813
56	35	37128.0000000000	37128.0000000000	1800	1816	1799	1815
56	36	918.0000000000	918.0000000000	1800	1816	1801	1817
56	37	-58854.0000000000	-58854.0000000000	1800	1816	1803	1819
56	38	14586.0000000000	14586.0000000000	1800	1816	1805	1821
56	39	19839.0000000000	19839.0000000000	1800	1816	1807	1823
56	40	-30960.0000000000	-30960.0000000000	1802	1818	1793	1809
56	41	37680.0000000000	37680.0000000000	1802	1818	1795	1811
56	42	42000.0000000000	42000.0000000000	1802	1818	1797	1813
56	43	43680.0000000000	43680.0000000000	1802	1818	1799	1815
56	44	1080.0000000000	1080.0000000000	1802	1818	1801	1817
56	45	-69240.0000000000	-69240.0000000000	1802	1818	1803	1819
56	46	17160.0000000000	17160.0000000000	1802	1818	1805	1821
56	47	23340.0000000000	23340.0000000000	1802	1818	1807	1823
56	48	-210528.0000000000	-210528.0000000000	1804	1820	1793	1809
56	49	256224.0000000000	256224.0000000000	1804	1820	1795	1811
56	50	285600.0000000000	285600.0000000000	1804	1820	1797	1813
56	51	297024.0000000000	297024.0000000000	1804	1820	1799	1815
56	52	7344.0000000000	7344.0000000000	1804	1820	1801	1817
56	53	-470832.0000000000	-470832.0000000000	1804	1820	1803	1819
56	54	116688.0000000000	116688.0000000000	1804	1820	1805	1821
56	55	158712.0000000000	158712.0000000000	1804	1820	1807	1823
56	56	-210528.0000000000	-210528.0000000000	1806	1822	1793	1809
56	57	256224.0000000000	256224.0000000000	1806	1822	1795	1811
56	58	285600.0000000000	285600.0000000000	1806	1822	1797	1813
56	59	297024.0000000000	297024.0000000000	1806	1822	1799	1815
56	60	7344.0000000000	7344.0000000000	1806	1822	1801	1817
56	61	-470832.0000000000	-470832.0000000000	1806	1822	1803	1819
56	62	116688.0000000000	116688.0000000000	1806	1822	1805	1821
56	63	158712.0000000000	158712.0000000000	1806	1822	1807	1823
57	0	-575876.0000000000	-575876.0000000000	1824	1840	1825	1841
57	1	-135716.0000000000	-135716.0000000000	1824	1840	1827	1843
57	2	407148.0000000000	407148.0000000000	1824	1840	1829	1845
57	3	260428.0000000000	260428.0000000000	1824	1840	1831	1847
57	4	320033.0000000000	320033.0000000000	1824	1840	1833	1849
57	5	-716177.0000000000	-716177.0000000000	1824	1840	1835	1851
57	6	95368.0000000000	95368.0000000000	1824	1840	1837	1853
57	7	325535.0000000000	325535.0000000000	1824	1840	1839	1855
57	8	-220428.0000000000	-220428.0000000000	1826	1842	1825	1841
57	9	-51948.0000000000	-51948.0000000000	1826	1842	1827	1843
57	10	155844.0000000000	155844.0000000000	1826	1842	1829	1845
57	11	99684.0000000000	99684.0000000000	1826	1842	1831	1847
57	12	122499.0000000000	122499.0000000000	1826	1842	1833	1849
57	13	-274131.0000000000	-274131.0000000000	1826	1842	1835	1851
57	14	36504.0000000000	36504.0000000000	1826	1842	1837	1853
57	15	124605.0000000000	124605.0000000000	1826	1842	1839	1855
57	16	-449648.0000000000	-449648.0000000000	1828	1844	1825	1841
57	17	-105968.0000000000	-105968.0000000000	1828	1844	1827	1843
57	18	317904.0000000000	317904.0000000000	1828	1844	1829	1845
57	19	203344.0000000000	203344.0000000000	1828	1844	1831	1847
57	20	249884.0000000000	249884.0000000000	1828	1844	1833	1849
57	21	-559196.0000000000	-559196.0000000000	1828	1844	1835	1851
57	22	74464.0000000000	74464.0000000000	1828	1844	1837	1853
57	23	254180.0000000000	254180.0000000000	1828	1844	1839	1855
57	24	225452.0000000000	225452.0000000000	1830	1846	1825	1841
57	25	53132.0000000000	53132.0000000000	1830	1846	1827	1843
57	26	-159396.0000000000	-159396.0000000000	1830	1846	1829	1845
57	27	-101956.0000000000	-101956.0000000000	1830	1846	1831	1847
57	28	-125291.0000000000	-125291.0000000000	1830	1846	1833	1849
57	29	280379.0000000000	280379.0000000000	1830	1846	1835	1851
57	30	-37336.0000000000	-37336.0000000000	1830	1846	1837	1853
57	31	-127445.0000000000	-127445.0000000000	1830	1846	1839	1855
57	32	666308.0000000000	666308.0000000000	1832	1848	1825	1841
57	33	157028.0000000000	157028.0000000000	1832	1848	1827	1843
57	34	-471084.0000000000	-471084.0000000000	1832	1848	1829	1845
57	35	-301324.0000000000	-301324.0000000000	1832	1848	1831	1847
57	36	-370289.0000000000	-370289.0000000000	1832	1848	1833	1849
57	37	828641.0000000000	828641.0000000000	1832	1848	1835	1851
57	38	-110344.0000000000	-110344.0000000000	1832	1848	1837	1853
57	39	-376655.0000000000	-376655.0000000000	1832	1848	1839	1855
57	40	-212264.0000000000	-212264.0000000000	1834	1850	1825	1841
57	41	-50024.0000000000	-50024.0000000000	1834	1850	1827	1843
57	42	150072.0000000000	150072.0000000000	1834	1850	1829	1845
57	43	95992.0000000000	95992.0000000000	1834	1850	1831	1847
57	44	117962.0000000000	117962.0000000000	1834	1850	1833	1849
57	45	-263978.0000000000	-263978.0000000000	1834	1850	1835	1851
57	46	35152.0000000000	35152.0000000000	1834	1850	1837	1853
57	47	119990.0000000000	119990.0000000000	1834	1850	1839	1855
57	48	-864128.0000000000	-864128.0000000000	1836	1852	1825	1841
57	49	-203648.0000000000	-203648.0000000000	1836	1852	1827	1843
57	50	610944.0000000000	610944.0000000000	1836	1852	1829	1845
57	51	390784.0000000000	390784.0000000000	1836	1852	1831	1847
57	52	480224.0000000000	480224.0000000000	1836	1852	1833	1849
57	53	-1074656.0000000000	-1074656.0000000000	1836	1852	1835	1851
57	54	143104.0000000000	143104.0000000000	1836	1852	1837	1853
57	55	488480.0000000000	488480.0000000000	1836	1852	1839	1855
57	56	387476.0000000000	387476.0000000000	1838	1854	1825	1841
57	57	91316.0000000000	91316.0000000000	1838	1854	1827	1843
57	58	-273948.0000000000	-273948.0000000000	1838	1854	1829	1845
57	59	-175228.0000000000	-175228.0000000000	1838	1854	1831	1847
57	60	-215333.0000000000	-215333.0000000000	1838	1854	1833	1849
57	61	481877.0000000000	481877.0000000000	1838	1854	1835	1851
57	62	-64168.0000000000	-64168.0000000000	1838	1854	1837	1853
57	63	-219035.0000000000	-219035.0000000000	1838	1854	1839	1855
58	0	-750420.0000000000	-750420.0000000000	1856	1872	1857	1873
58	1	-786804.0000000000	-786804.0000000000	1856	1872	1859	1875
58	2	532116.0000000000	532116.0000000000	1856	1872	1861	1877
58	3	1354167.0000000000	1354167.0000000000	1856	1872	1863	1879
58	4	1718007.0000000000	1718007.0000000000	1856	1872	1865	1881
58	5	759516.0000000000	759516.0000000000	1856	1872	1867	1883
58	6	-1082424.0000000000	-1082424.0000000000	1856	1872	1869	1885
58	7	-63672.0000000000	-63672.0000000000	1856	1872	1871	1887
58	8	-144540.0000000000	-144540.0000000000	1858	1874	1857	1873
58	9	-151548.0000000000	-151548.0000000000	1858	1874	1859	1875
58	10	102492.0000000000	102492.0000000000	1858	1874	1861	1877
58	11	260829.0000000000	260829.0000000000	1858	1874	1863	1879
58	12	330909.0000000000	330909.0000000000	1858	1874	1865	1881
58	13	146292.0000000000	146292.0000000000	1858	1874	1867	1883
58	14	-208488.0000000000	-208488.0000000000	1858	1874	1869	1885
58	15	-12264.0000000000	-12264.0000000000	1858	1874	1871	1887
58	16	87120.0000000000	87120.0000000000	1860	1876	1857	1873
58	17	91344.0000000000	91344.0000000000	1860	1876	1859	1875
58	18	-61776.0000000000	-61776.0000000000	1860	1876	1861	1877
58	19	-157212.0000000000	-157212.0000000000	1860	1876	1863	1879
58	20	-199452.0000000000	-199452.0000000000	1860	1876	1865	1881
58	21	-88176.0000000000	-88176.0000000000	1860	1876	1867	1883
58	22	125664.0000000000	125664.0000000000	1860	1876	1869	1885
58	23	7392.0000000000	7392.0000000000	1860	1876	1871	1887
58	24	63360.0000000000	63360.0000000000	1862	1878	1857	1873
58	25	66432.0000000000	66432.0000000000	1862	1878	1859	1875
58	26	-44928.0000000000	-44928.0000000000	1862	1878	1861	1877
58	27	-114336.0000000000	-114336.0000000000	1862	1878	1863	1879
58	28	-145056.0000000000	-145056.0000000000	1862	1878	1865	1881
58	29	-64128.0000000000	-64128.0000000000	1862	1878	1867	1883
58	30	91392.0000000000	91392.0000000000	1862	1878	1869	1885
58	31	5376.0000000000	5376.0000000000	1862	1878	1871	1887
58	32	26400.0000000000	26400.0000000000	1864	1880	1857	1873
58	33	27680.0000000000	27680.0000000000	1864	1880	1859	1875
58	34	-18720.0000000000	-18720.0000000000	1864	1880	1861	1877
58	35	-47640.0000000000	-47640.0000000000	1864	1880	1863	1879
58	36	-60440.0000000000	-60440.0000000000	1864	1880	1865	1881
58	37	-26720.0000000000	-26720.0000000000	1864	1880	1867	1883
58	38	38080.0000000000	38080.0000000000	1864	1880	1869	1885
58	39	2240.0000000000	2240.0000000000	1864	1880	1871	1887
58	40	-165660.0000000000	-165660.0000000000	1866	1882	1857	1873
58	41	-173692.0000000000	-173692.0000000000	1866	1882	1859	1875
58	42	117468.0000000000	117468.0000000000	1866	1882	1861	1877
58	43	298941.0000000000	298941.0000000000	1866	1882	1863	1879
58	44	379261.0000000000	379261.0000000000	1866	1882	1865	1881
58	45	167668.0000000000	167668.0000000000	1866	1882	1867	1883
58	46	-238952.0000000000	-238952.0000000000	1866	1882	1869	1885
58	47	-14056.0000000000	-14056.0000000000	1866	1882	1871	1887
58	48	-462000.0000000000	-462000.0000000000	1868	1884	1857	1873
58	49	-484400.0000000000	-484400.0000000000	1868	1884	1859	1875
58	50	327600.0000000000	327600.0000000000	1868	1884	1861	1877
58	51	833700.0000000000	833700.0000000000	1868	1884	1863	1879
58	52	1057700.0000000000	1057700.0000000000	1868	1884	1865	1881
58	53	467600.0000000000	467600.0000000000	1868	1884	1867	1883
58	54	-666400.0000000000	-666400.0000000000	1868	1884	1869	1885
58	55	-39200.0000000000	-39200.0000000000	1868	1884	1871	1887
58	56	99660.0000000000	99660.0000000000	1870	1886	1857	1873
58	57	104492.0000000000	104492.0000000000	1870	1886	1859	1875
58	58	-70668.0000000000	-70668.0000000000	1870	1886	1861	1877
58	59	-179841.0000000000	-179841.0000000000	1870	1886	1863	1879
58	60	-228161.0000000000	-228161.0000000000	1870	1886	1865	1881
58	61	-100868.0000000000	-100868.0000000000	1870	1886	1867	1883
58	62	143752.0000000000	143752.0000000000	1870	1886	1869	1885
58	63	8456.0000000000	8456.0000000000	1870	1886	1871	1887
59	0	103448.0000000000	103448.0000000000	1888	1904	1889	1905
59	1	-598712.0000000000	-598712.0000000000	1888	1904	1891	1907
59	2	-363408.0000000000	-363408.0000000000	1888	1904	1893	1909
59	3	-84688.0000000000	-84688.0000000000	1888	1904	1895	1911
59	4	243344.0000000000	243344.0000000000	1888	1904	1897	1913
59	5	155976.0000000000	155976.0000000000	1888	1904	1899	1915
59	6	-348400.0000000000	-348400.0000000000	1888	1904	1901	1917
59	7	-488296.0000000000	-488296.0000000000	1888	1904	1903	1919
59	8	18335.0000000000	18335.0000000000	1890	1906	1889	1905
59	9	-106115.0000000000	-106115.0000000000	1890	1906	1891	1907
59	10	-64410.0000000000	-64410.0000000000	1890	1906	1893	1909
59	11	-15010.0000000000	-15010.0000000000	1890	1906	1895	1911
59	12	43130.0000000000	43130.0000000000	1890	1906	1897	1913
59	13	27645.0000000000	27645.0000000000	1890	1906	1899	1915
59	14	-61750.0000000000	-61750.0000000000	1890	1906	1901	1917
59	15	-86545.0000000000	-86545.0000000000	1890	1906	1903	1919
59	16	-33968.0000000000	-33968.0000000000	1892	1908	1889	1905
59	17	196592.0000000000	196592.0000000000	1892	1908	1891	1907
59	18	119328.0000000000	119328.0000000000	1892	1908	1893	1909
59	19	27808.0000000000	27808.0000000000	1892	1908	1895	1911
59	20	-79904.0000000000	-79904.0000000000	1892	1908	1897	1913
59	21	-51216.0000000000	-51216.0000000000	1892	1908	1899	1915
59	22	114400.0000000000	114400.0000000000	1892	1908	1901	1917
59	23	160336.0000000000	160336.0000000000	1892	1908	1903	1919
59	24	-61181.0000000000	-61181.0000000000	1894	1910	1889	1905
59	25	354089.0000000000	354089.0000000000	1894	1910	1891	1907
59	26	214926.0000000000	214926.0000000000	1894	1910	1893	1909
59	27	50086.0000000000	50086.0000000000	1894	1910	1895	1911
59	28	-143918.0000000000	-143918.0000000000	1894	1910	1897	1913
59	29	-92247.0000000000	-92247.0000000000	1894	1910	1899	1915
59	30	206050.0000000000	206050.0000000000	1894	1910	1901	1917
59	31	288787.0000000000	288787.0000000000	1894	1910	1903	1919
59	32	-173121.0000000000	-173121.0000000000	1896	1912	1889	1905
59	33	1001949.0000000000	1001949.0000000000	1896	1912	1891	1907
59	34	608166.0000000000	608166.0000000000	1896	1912	1893	1909
59	35	141726.0000000000	141726.0000000000	1896	1912	1895	1911
59	36	-407238.0000000000	-407238.0000000000	1896	1912	1897	1913
59	37	-261027.0000000000	-261027.0000000000	1896	1912	1899	1915
59	38	583050.0000000000	583050.0000000000	1896	1912	1901	1917
59	39	817167.0000000000	817167.0000000000	1896	1912	1903	1919
59	40	16598.0000000000	16598.0000000000	1898	1914	1889	1905
59	41	-96062.0000000000	-96062.0000000000	1898	1914	1891	1907
59	42	-58308.0000000000	-58308.0000000000	1898	1914	1893	1909
59	43	-13588.0000000000	-13588.0000000000	1898	1914	1895	1911
59	44	39044.0000000000	39044.0000000000	1898	1914	1897	1913
59	45	25026.0000000000	25026.0000000000	1898	1914	1899	1915
59	46	-55900.0000000000	-55900.0000000000	1898	1914	1901	1917
59	47	-78346.0000000000	-78346.0000000000	1898	1914	1903	1919
59	48	69480.0000000000	69480.0000000000	1900	1916	1889	1905
59	49	-402120.0000000000	-402120.0000000000	1900	1916	1891	1907
59	50	-244080.0000000000	-244080.0000000000	1900	1916	1893	1909
59	51	-56880.0000000000	-56880.0000000000	1900	1916	1895	1911
59	52	163440.0000000000	163440.0000000000	1900	1916	1897	1913
59	53	104760.0000000000	104760.0000000000	1900	1916	1899	1915
59	54	-234000.0000000000	-234000.0000000000	1900	1916	1901	1917
59	55	-327960.0000000000	-327960.0000000000	1900	1916	1903	1919
59	56	139539.0000000000	139539.0000000000	1902	1918	1889	1905
59	57	-807591.0000000000	-807591.0000000000	1902	1918	1891	1907
59	58	-490194.0000000000	-490194.0000000000	1902	1918	1893	1909
59	59	-114234.0000000000	-114234.0000000000	1902	1918	1895	1911
59	60	328242.0000000000	328242.0000000000	1902	1918	1897	1913
59	61	210393.0000000000	210393.0000000000	1902	1918	1899	1915
59	62	-469950.0000000000	-469950.0000000000	1902	1918	1901	1917
59	63	-658653.0000000000	-658653.0000000000	1902	1918	1903	1919
60	0	-21448.0000000000	-21448.0000000000	1920	1936	1921	1937
60	1	93452.0000000000	93452.0000000000	1920	1936	1923	1939
60	2	-235928.0000000000	-235928.0000000000	1920	1936	1925	1941
60	3	-56684.0000000000	-56684.0000000000	1920	1936	1927	1943
60	4	387979.0000000000	387979.0000000000	1920	1936	1929	1945
60	5	279973.0000000000	279973.0000000000	1920	1936	1931	1947
60	6	-257759.0000000000	-257759.0000000000	1920	1936	1933	1949
60	7	-212948.0000000000	-212948.0000000000	1920	1936	1935	1951
60	8	-24584.0000000000	-24584.0000000000	1922	1938	1921	1937
60	9	107116.0000000000	107116.0000000000	1922	1938	1923	1939
60	10	-270424.0000000000	-270424.0000000000	1922	1938	1925	1941
60	11	-64972.0000000000	-64972.0000000000	1922	1938	1927	1943
60	12	444707.0000000000	444707.0000000000	1922	1938	1929	1945
60	13	320909.0000000000	320909.0000000000	1922	1938	1931	1947
60	14	-295447.0000000000	-295447.0000000000	1922	1938	1933	1949
60	15	-244084.0000000000	-244084.0000000000	1922	1938	1935	1951
60	16	6048.0000000000	6048.0000000000	1924	1940	1921	1937
60	17	-26352.0000000000	-26352.0000000000	1924	1940	1923	1939
60	18	66528.0000000000	66528.0000000000	1924	1940	1925	1941
60	19	15984.0000000000	15984.0000000000	1924	1940	1927	1943
60	20	-109404.0000000000	-109404.0000000000	1924	1940	1929	1945
60	21	-78948.0000000000	-78948.0000000000	1924	1940	1931	1947
60	22	72684.0000000000	72684.0000000000	1924	1940	1933	1949
60	23	60048.0000000000	60048.0000000000	1924	1940	1935	1951
60	24	-28280.0000000000	-28280.0000000000	1926	1942	1921	1937
60	25	123220.0000000000	123220.0000000000	1926	1942	1923	1939
60	26	-311080.0000000000	-311080.0000000000	1926	1942	1925	1941
60	27	-74740.0000000000	-74740.0000000000	1926	1942	1927	1943
60	28	511565.0000000000	511565.0000000000	1926	1942	1929	1945
60	29	369155.0000000000	369155.0000000000	1926	1942	1931	1947
60	30	-339865.0000000000	-339865.0000000000	1926	1942	1933	1949
60	31	-280780.0000000000	-280780.0000000000	1926	1942	1935	1951
60	32	54656.0000000000	54656.0000000000	1928	1944	1921	1937
60	33	-238144.0000000000	-238144.0000000000	1928	1944	1923	1939
60	34	601216.0000000000	601216.0000000000	1928	1944	1925	1941
60	35	144448.0000000000	144448.0000000000	1928	1944	1927	1943
60	36	-988688.0000000000	-988688.0000000000	1928	1944	1929	1945
60	37	-713456.0000000000	-713456.0000000000	1928	1944	1931	1947
60	38	656848.0000000000	656848.0000000000	1928	1944	1933	1949
60	39	542656.0000000000	542656.0000000000	1928	1944	1935	1951
60	40	47040.0000000000	47040.0000000000	1930	1946	1921	1937
60	41	-204960.0000000000	-204960.0000000000	1930	1946	1923	1939
60	42	517440.0000000000	517440.0000000000	1930	1946	1925	1941
60	43	124320.0000000000	124320.0000000000	1930	1946	1927	1943
60	44	-850920.0000000000	-850920.0000000000	1930	1946	1929	1945
60	45	-614040.0000000000	-614040.0000000000	1930	1946	1931	1947
60	46	565320.0000000000	565320.0000000000	1930	1946	1933	1949
60	47	467040.0000000000	467040.0000000000	1930	1946	1935	1951
60	48	-896.0000000000	-896.0000000000	1932	1948	1921	1937
60	49	3904.0000000000	3904.0000000000	1932	1948	1923	1939
60	50	-9856.0000000000	-9856.0000000000	1932	1948	1925	1941
60	51	-2368.0000000000	-2368.0000000000	1932	1948	1927	1943
60	52	16208.0000000000	16208.0000000000	1932	1948	1929	1945
60	53	11696.0000000000	11696.0000000000	1932	1948	1931	1947
60	54	-10768.0000000000	-10768.0000000000	1932	1948	1933	1949
60	55	-8896.0000000000	-8896.0000000000	1932	1948	1935	1951
60	56	5712.0000000000	5712.0000000000	1934	1950	1921	1937
60	57	-24888.0000000000	-24888.0000000000	1934	1950	1923	1939
60	58	62832.0000000000	62832.0000000000	1934	1950	1925	1941
60	59	15096.0000000000	15096.0000000000	1934	1950	1927	1943
60	60	-103326.0000000000	-103326.0000000000	1934	1950	1929	1945
60	61	-74562.0000000000	-74562.0000000000	1934	1950	1931	1947
60	62	68646.0000000000	68646.0000000000	1934	1950	1933	1949
60	63	56712.0000000000	56712.0000000000	1934	1950	1935	1951
61	0	177906.0000000000	177906.0000000000	1952	1968	1953	1969
61	1	335250.0000000000	335250.0000000000	1952	1968	1955	1971
61	2	186250.0000000000	186250.0000000000	1952	1968	1957	1973
61	3	102214.0000000000	102214.0000000000	1952	1968	1959	1975
61	4	65262.0000000000	65262.0000000000	1952	1968	1961	1977
61	5	-11324.0000000000	-11324.0000000000	1952	1968	1963	1979
61	6	-40230.0000000000	-40230.0000000000	1952	1968	1965	1981
61	7	174926.0000000000	174926.0000000000	1952	1968	1967	1983
61	8	-106863.0000000000	-106863.0000000000	1954	1970	1953	1969
61	9	-201375.0000000000	-201375.0000000000	1954	1970	1955	1971
61	10	-111875.0000000000	-111875.0000000000	1954	1970	1957	1973
61	11	-61397.0000000000	-61397.0000000000	1954	1970	1959	1975
61	12	-39201.0000000000	-39201.0000000000	1954	1970	1961	1977
61	13	6802.0000000000	6802.0000000000	1954	1970	1963	1979
61	14	24165.0000000000	24165.0000000000	1954	1970	1965	1981
61	15	-105073.0000000000	-105073.0000000000	1954	1970	1967	1983
61	16	181488.0000000000	181488.0000000000	1956	1972	1953	1969
61	17	342000.0000000000	342000.0000000000	1956	1972	1955	1971
61	18	190000.0000000000	190000.0000000000	1956	1972	1957	1973
61	19	104272.0000000000	104272.0000000000	1956	1972	1959	1975
61	20	66576.0000000000	66576.0000000000	1956	1972	1961	1977
61	21	-11552.0000000000	-11552.0000000000	1956	1972	1963	1979
61	22	-41040.0000000000	-41040.0000000000	1956	1972	1965	1981
61	23	178448.0000000000	178448.0000000000	1956	1972	1967	1983
61	24	73431.0000000000	73431.0000000000	1958	1974	1953	1969
61	25	138375.0000000000	138375.0000000000	1958	1974	1955	1971
61	26	76875.0000000000	76875.0000000000	1958	1974	1957	1973
61	27	42189.0000000000	42189.0000000000	1958	1974	1959	1975
61	28	26937.0000000000	26937.0000000000	1958	1974	1961	1977
61	29	-4674.0000000000	-4674.0000000000	1958	1974	1963	1979
61	30	-16605.0000000000	-16605.0000000000	1958	1974	1965	1981
61	31	72201.0000000000	72201.0000000000	1958	1974	1967	1983
61	32	-437601.0000000000	-437601.0000000000	1960	1976	1953	1969
61	33	-824625.0000000000	-824625.0000000000	1960	1976	1955	1971
61	34	-458125.0000000000	-458125.0000000000	1960	1976	1957	1973
61	35	-251419.0000000000	-251419.0000000000	1960	1976	1959	1975
61	36	-160527.0000000000	-160527.0000000000	1960	1976	1961	1977
61	37	27854.0000000000	27854.0000000000	1960	1976	1963	1979
61	38	98955.0000000000	98955.0000000000	1960	1976	1965	1981
61	39	-430271.0000000000	-430271.0000000000	1960	1976	1967	1983
61	40	238203.0000000000	238203.0000000000	1962	1978	1953	1969
61	41	448875.0000000000	448875.0000000000	1962	1978	1955	1971
61	42	249375.0000000000	249375.0000000000	1962	1978	1957	1973
61	43	136857.0000000000	136857.0000000000	1962	1978	1959	1975
61	44	87381.0000000000	87381.0000000000	1962	1978	1961	1977
61	45	-15162.0000000000	-15162.0000000000	1962	1978	1963	1979
61	46	-53865.0000000000	-53865.0000000000	1962	1978	1965	1981
61	47	234213.0000000000	234213.0000000000	1962	1978	1967	1983
61	48	666252.0000000000	666252.0000000000	1964	1980	1953	1969
61	49	1255500.0000000000	1255500.0000000000	1964	1980	1955	1971
61	50	697500.0000000000	697500.0000000000	1964	1980	1957	1973
61	51	382788.0000000000	382788.0000000000	1964	1980	1959	1975
61	52	244404.0000000000	244404.0000000000	1964	1980	1961	1977
61	53	-42408.0000000000	-42408.0000000000	1964	1980	1963	1979
61	54	-150660.0000000000	-150660.0000000000	1964	1980	1965	1981
61	55	655092.0000000000	655092.0000000000	1964	1980	1967	1983
61	56	-54924.0000000000	-54924.0000000000	1966	1982	1953	1969
61	57	-103500.0000000000	-103500.0000000000	1966	1982	1955	1971
61	58	-57500.0000000000	-57500.0000000000	1966	1982	1957	1973
61	59	-31556.0000000000	-31556.0000000000	1966	1982	1959	1975
61	60	-20148.0000000000	-20148.0000000000	1966	1982	1961	1977
61	61	3496.0000000000	3496.0000000000	1966	1982	1963	1979
61	62	12420.0000000000	12420.0000000000	1966	1982	1965	1981
61	63	-54004.0000000000	-54004.0000000000	1966	1982	1967	1983
62	0	-16695.0000000000	-16695.0000000000	1984	2000	1985	2001
62	1	9964.0000000000	9964.0000000000	1984	2000	1987	2003
62	2	1908.0000000000	1908.0000000000	1984	2000	1989	2005
62	3	11395.0000000000	11395.0000000000	1984	2000	1991	2007
62	4	-24698.0000000000	-24698.0000000000	1984	2000	1993	2009
62	5	36358.0000000000	36358.0000000000	1984	2000	1995	2011
62	6	7579.0000000000	7579.0000000000	1984	2000	1997	2013
62	7	-16271.0000000000	-16271.0000000000	1984	2000	1999	2015
62	8	237195.0000000000	237195.0000000000	1986	2002	1985	2001
62	9	-141564.0000000000	-141564.0000000000	1986	2002	1987	2003
62	10	-27108.0000000000	-27108.0000000000	1986	2002	1989	2005
62	11	-161895.0000000000	-161895.0000000000	1986	2002	1991	2007
62	12	350898.0000000000	350898.0000000000	1986	2002	1993	2009
62	13	-516558.0000000000	-516558.0000000000	1986	2002	1995	2011
62	14	-107679.0000000000	-107679.0000000000	1986	2002	1997	2013
62	15	231171.0000000000	231171.0000000000	1986	2002	1999	2015
62	16	-35280.0000000000	-35280.0000000000	1988	2004	1985	2001
62	17	21056.0000000000	21056.0000000000	1988	2004	1987	2003
62	18	4032.0000000000	4032.0000000000	1988	2004	1989	2005
62	19	24080.0000000000	24080.0000000000	1988	2004	1991	2007
62	20	-52192.0000000000	-52192.0000000000	1988	2004	1993	2009
62	21	76832.0000000000	76832.0000000000	1988	2004	1995	2011
62	22	16016.0000000000	16016.0000000000	1988	2004	1997	2013
62	23	-34384.0000000000	-34384.0000000000	1988	2004	1999	2015
62	24	55440.0000000000	55440.0000000000	1990	2006	1985	2001
62	25	-33088.0000000000	-33088.0000000000	1990	2006	1987	2003
62	26	-6336.0000000000	-6336.0000000000	1990	2006	1989	2005
62	27	-37840.0000000000	-37840.0000000000	1990	2006	1991	2007
62	28	82016.0000000000	82016.0000000000	1990	2006	1993	2009
62	29	-120736.0000000000	-120736.0000000000	1990	2006	1995	2011
62	30	-25168.0000000000	-25168.0000000000	1990	2006	1997	2013
62	31	54032.0000000000	54032.0000000000	1990	2006	1999	2015
62	32	104895.0000000000	104895.0000000000	1992	2008	1985	2001
62	33	-62604.0000000000	-62604.0000000000	1992	2008	1987	2003
62	34	-11988.0000000000	-11988.0000000000	1992	2008	1989	2005
62	35	-71595.0000000000	-71595.0000000000	1992	2008	1991	2007
62	36	155178.0000000000	155178.0000000000	1992	2008	1993	2009
62	37	-228438.0000000000	-228438.0000000000	1992	2008	1995	2011
62	38	-47619.0000000000	-47619.0000000000	1992	2008	1997	2013
62	39	102231.0000000000	102231.0000000000	1992	2008	1999	2015
62	40	-175770.0000000000	-175770.0000000000	1994	2010	1985	2001
62	41	104904.0000000000	104904.0000000000	1994	2010	1987	2003
62	42	20088.0000000000	20088.0000000000	1994	2010	1989	2005
62	43	119970.0000000000	119970.0000000000	1994	2010	1991	2007
62	44	-260028.0000000000	-260028.0000000000	1994	2010	1993	2009
62	45	382788.0000000000	382788.0000000000	1994	2010	1995	2011
62	46	79794.0000000000	79794.0000000000	1994	2010	1997	2013
62	47	-171306.0000000000	-171306.0000000000	1994	2010	1999	2015
62	48	-36540.0000000000	-36540.0000000000	1996	2012	1985	2001
62	49	21808.0000000000	21808.0000000000	1996	2012	1987	2003
62	50	4176.0000000000	4176.0000000000	1996	2012	1989	2005
62	51	24940.0000000000	24940.0000000000	1996	2012	1991	2007
62	52	-54056.0000000000	-54056.0000000000	1996	2012	1993	2009
62	53	79576.0000000000	79576.0000000000	1996	2012	1995	2011
62	54	16588.0000000000	16588.0000000000	1996	2012	1997	2013
62	55	-35612.0000000000	-35612.0000000000	1996	2012	1999	2015
62	56	-162540.0000000000	-162540.0000000000	1998	2014	1985	2001
62	57	97008.0000000000	97008.0000000000	1998	2014	1987	2003
62	58	18576.0000000000	18576.0000000000	1998	2014	1989	2005
62	59	110940.0000000000	110940.0000000000	1998	2014	1991	2007
62	60	-240456.0000000000	-240456.0000000000	1998	2014	1993	2009
62	61	353976.0000000000	353976.0000000000	1998	2014	1995	2011
62	62	73788.0000000000	73788.0000000000	1998	2014	1997	2013
62	63	-158412.0000000000	-158412.0000000000	1998	2014	1999	2015
63	0	-56416.0000000000	-56416.0000000000	2016	2032	2017	2033
63	1	-103544.0000000000	-103544.0000000000	2016	2032	2019	2035
63	2	392160.0000000000	392160.0000000000	2016	2032	2021	2037
63	3	187136.0000000000	187136.0000000000	2016	2032	2023	2039
63	4	-59168.0000000000	-59168.0000000000	2016	2032	2025	2041
63	5	-31992.0000000000	-31992.0000000000	2016	2032	2027	2043
63	6	-101480.0000000000	-101480.0000000000	2016	2032	2029	2045
63	7	-184384.0000000000	-184384.0000000000	2016	2032	2031	2047
63	8	-40672.0000000000	-40672.0000000000	2018	2034	2017	2033
63	9	-74648.0000000000	-74648.0000000000	2018	2034	2019	2035
63	10	282720.0000000000	282720.0000000000	2018	2034	2021	2037
63	11	134912.0000000000	134912.0000000000	2018	2034	2023	2039
63	12	-42656.0000000000	-42656.0000000000	2018	2034	2025	2041
63	13	-23064.0000000000	-23064.0000000000	2018	2034	2027	2043
63	14	-73160.0000000000	-73160.0000000000	2018	2034	2029	2045
63	15	-132928.0000000000	-132928.0000000000	2018	2034	2031	2047
63	16	162688.0000000000	162688.0000000000	2020	2036	2017	2033
63	17	298592.0000000000	298592.0000000000	2020	2036	2019	2035
63	18	-1130880.0000000000	-1130880.0000000000	2020	2036	2021	2037
63	19	-539648.0000000000	-539648.0000000000	2020	2036	2023	2039
63	20	170624.0000000000	170624.0000000000	2020	2036	2025	2041
63	21	92256.0000000000	92256.0000000000	2020	2036	2027	2043
63	22	292640.0000000000	292640.0000000000	2020	2036	2029	2045
63	23	531712.0000000000	531712.0000000000	2020	2036	2031	2047
63	24	-16072.0000000000	-16072.0000000000	2022	2038	2017	2033
63	25	-29498.0000000000	-29498.0000000000	2022	2038	2019	2035
63	26	111720.0000000000	111720.0000000000	2022	2038	2021	2037
63	27	53312.0000000000	53312.0000000000	2022	2038	2023	2039
63	28	-16856.0000000000	-16856.0000000000	2022	2038	2025	2041
63	29	-9114.0000000000	-9114.0000000000	2022	2038	2027	2043
63	30	-28910.0000000000	-28910.0000000000	2022	2038	2029	2045
63	31	-52528.0000000000	-52528.0000000000	2022	2038	2031	2047
63	32	-81344.0000000000	-81344.0000000000	2024	2040	2017	2033
63	33	-149296.0000000000	-149296.0000000000	2024	2040	2019	2035
63	34	565440.0000000000	565440.0000000000	2024	2040	2021	2037
63	35	269824.0000000000	269824.0000000000	2024	2040	2023	2039
63	36	-85312.0000000000	-85312.0000000000	2024	2040	2025	2041
63	37	-46128.0000000000	-46128.0000000000	2024	2040	2027	2043
63	38	-146320.0000000000	-146320.0000000000	2024	2040	2029	2045
63	39	-265856.0000000000	-265856.0000000000	2024	2040	2031	2047
63	40	-57892.0000000000	-57892.0000000000	2026	2042	2017	2033
63	41	-106253.0000000000	-106253.0000000000	2026	2042	2019	2035
63	42	402420.0000000000	402420.0000000000	2026	2042	2021	2037
63	43	192032.0000000000	192032.0000000000	2026	2042	2023	2039
63	44	-60716.0000000000	-60716.0000000000	2026	2042	2025	2041
63	45	-32829.0000000000	-32829.0000000000	2026	2042	2027	2043
63	46	-104135.0000000000	-104135.0000000000	2026	2042	2029	2045
63	47	-189208.0000000000	-189208.0000000000	2026	2042	2031	2047
63	48	-130544.0000000000	-130544.0000000000	2028	2044	2017	2033
63	49	-239596.0000000000	-239596.0000000000	2028	2044	2019	2035
63	50	907440.0000000000	907440.0000000000	2028	2044	2021	2037
63	51	433024.0000000000	433024.0000000000	2028	2044	2023	2039
63	52	-136912.0000000000	-136912.0000000000	2028	2044	2025	2041
63	53	-74028.0000000000	-74028.0000000000	2028	2044	2027	2043
63	54	-234820.0000000000	-234820.0000000000	2028	2044	2029	2045
63	55	-426656.0000000000	-426656.0000000000	2028	2044	2031	2047
63	56	-41984.0000000000	-41984.0000000000	2030	2046	2017	2033
63	57	-77056.0000000000	-77056.0000000000	2030	2046	2019	2035
63	58	291840.0000000000	291840.0000000000	2030	2046	2021	2037
63	59	139264.0000000000	139264.0000000000	2030	2046	2023	2039
63	60	-44032.0000000000	-44032.0000000000	2030	2046	2025	2041
63	61	-23808.0000000000	-23808.0000000000	2030	2046	2027	2043
63	62	-75520.0000000000	-75520.0000000000	2030	2046	2029	2045
63	63	-137216.0000000000	-137216.0000000000	2030	2046	2031	2047
64	0	-23056.0000000000	-23056.0000000000	2048	2064	2049	2065
64	1	274052.0000000000	274052.0000000000	2048	2064	2051	2067
64	2	-92224.0000000000	-92224.0000000000	2048	2064	2053	2069
64	3	-142004.0000000000	-142004.0000000000	2048	2064	2055	2071
64	4	-155104.0000000000	-155104.0000000000	2048	2064	2057	2073
64	5	163488.0000000000	163488.0000000000	2048	2064	2059	2075
64	6	574304.0000000000	574304.0000000000	2048	2064	2061	2077
64	7	691680.0000000000	691680.0000000000	2048	2064	2063	2079
64	8	9504.0000000000	9504.0000000000	2050	2066	2049	2065
64	9	-112968.0000000000	-112968.0000000000	2050	2066	2051	2067
64	10	38016.0000000000	38016.0000000000	2050	2066	2053	2069
64	11	58536.0000000000	58536.0000000000	2050	2066	2055	2071
64	12	63936.0000000000	63936.0000000000	2050	2066	2057	2073
64	13	-67392.0000000000	-67392.0000000000	2050	2066	2059	2075
64	14	-236736.0000000000	-236736.0000000000	2050	2066	2061	2077
64	15	-285120.0000000000	-285120.0000000000	2050	2066	2063	2079
64	16	21472.0000000000	21472.0000000000	2052	2068	2049	2065
64	17	-255224.0000000000	-255224.0000000000	2052	2068	2051	2067
64	18	85888.0000000000	85888.0000000000	2052	2068	2053	2069
64	19	132248.0000000000	132248.0000000000	2052	2068	2055	2071
64	20	144448.0000000000	144448.0000000000	2052	2068	2057	2073
64	21	-152256.0000000000	-152256.0000000000	2052	2068	2059	2075
64	22	-534848.0000000000	-534848.0000000000	2052	2068	2061	2077
64	23	-644160.0000000000	-644160.0000000000	2052	2068	2063	2079
64	24	2640.0000000000	2640.0000000000	2054	2070	2049	2065
64	25	-31380.0000000000	-31380.0000000000	2054	2070	2051	2067
64	26	10560.0000000000	10560.0000000000	2054	2070	2053	2069
64	27	16260.0000000000	16260.0000000000	2054	2070	2055	2071
64	28	17760.0000000000	17760.0000000000	2054	2070	2057	2073
64	29	-18720.0000000000	-18720.0000000000	2054	2070	2059	2075
64	30	-65760.0000000000	-65760.0000000000	2054	2070	2061	2077
64	31	-79200.0000000000	-79200.0000000000	2054	2070	2063	2079
64	32	-15180.0000000000	-15180.0000000000	2056	2072	2049	2065
64	33	180435.0000000000	180435.0000000000	2056	2072	2051	2067
64	34	-60720.0000000000	-60720.0000000000	2056	2072	2053	2069
64	35	-93495.0000000000	-93495.0000000000	2056	2072	2055	2071
64	36	-102120.0000000000	-102120.0000000000	2056	2072	2057	2073
64	37	107640.0000000000	107640.0000000000	2056	2072	2059	2075
64	38	378120.0000000000	378120.0000000000	2056	2072	2061	2077
64	39	455400.0000000000	455400.0000000000	2056	2072	2063	2079
64	40	13860.0000000000	13860.0000000000	2058	2074	2049	2065
64	41	-164745.0000000000	-164745.0000000000	2058	2074	2051	2067
64	42	55440.0000000000	55440.0000000000	2058	2074	2053	2069
64	43	85365.0000000000	85365.0000000000	2058	2074	2055	2071
64	44	93240.0000000000	93240.0000000000	2058	2074	2057	2073
64	45	-98280.0000000000	-98280.0000000000	2058	2074	2059	2075
64	46	-345240.0000000000	-345240.0000000000	2058	2074	2061	2077
64	47	-415800.0000000000	-415800.0000000000	2058	2074	2063	2079
64	48	-880.0000000000	-880.0000000000	2060	2076	2049	2065
64	49	10460.0000000000	10460.0000000000	2060	2076	2051	2067
64	50	-3520.0000000000	-3520.0000000000	2060	2076	2053	2069
64	51	-5420.0000000000	-5420.0000000000	2060	2076	2055	2071
64	52	-5920.0000000000	-5920.0000000000	2060	2076	2057	2073
64	53	6240.0000000000	6240.0000000000	2060	2076	2059	2075
64	54	21920.0000000000	21920.0000000000	2060	2076	2061	2077
64	55	26400.0000000000	26400.0000000000	2060	2076	2063	2079
64	56	31064.0000000000	31064.0000000000	2062	2078	2049	2065
64	57	-369238.0000000000	-369238.0000000000	2062	2078	2051	2067
64	58	124256.0000000000	124256.0000000000	2062	2078	2053	2069
64	59	191326.0000000000	191326.0000000000	2062	2078	2055	2071
64	60	208976.0000000000	208976.0000000000	2062	2078	2057	2073
64	61	-220272.0000000000	-220272.0000000000	2062	2078	2059	2075
64	62	-773776.0000000000	-773776.0000000000	2062	2078	2061	2077
64	63	-931920.0000000000	-931920.0000000000	2062	2078	2063	2079
65	0	-382365.0000000000	-382365.0000000000	2080	2096	2081	2097
65	1	-192705.0000000000	-192705.0000000000	2080	2096	2083	2099
65	2	304065.0000000000	304065.0000000000	2080	2096	2085	2101
65	3	400635.0000000000	400635.0000000000	2080	2096	2087	2103
65	4	-201405.0000000000	-201405.0000000000	2080	2096	2089	2105
65	5	-925245.0000000000	-925245.0000000000	2080	2096	2091	2107
65	6	51765.0000000000	51765.0000000000	2080	2096	2093	2109
65	7	133110.0000000000	133110.0000000000	2080	2096	2095	2111
65	8	-167889.0000000000	-167889.0000000000	2082	2098	2081	2097
65	9	-84613.0000000000	-84613.0000000000	2082	2098	2083	2099
65	10	133509.0000000000	133509.0000000000	2082	2098	2085	2101
65	11	175911.0000000000	175911.0000000000	2082	2098	2087	2103
65	12	-88433.0000000000	-88433.0000000000	2082	2098	2089	2105
65	13	-406257.0000000000	-406257.0000000000	2082	2098	2091	2107
65	14	22729.0000000000	22729.0000000000	2082	2098	2093	2109
65	15	58446.0000000000	58446.0000000000	2082	2098	2095	2111
65	16	232056.0000000000	232056.0000000000	2084	2100	2081	2097
65	17	116952.0000000000	116952.0000000000	2084	2100	2083	2099
65	18	-184536.0000000000	-184536.0000000000	2084	2100	2085	2101
65	19	-243144.0000000000	-243144.0000000000	2084	2100	2087	2103
65	20	122232.0000000000	122232.0000000000	2084	2100	2089	2105
65	21	561528.0000000000	561528.0000000000	2084	2100	2091	2107
65	22	-31416.0000000000	-31416.0000000000	2084	2100	2093	2109
65	23	-80784.0000000000	-80784.0000000000	2084	2100	2095	2111
65	24	-14064.0000000000	-14064.0000000000	2086	2102	2081	2097
65	25	-7088.0000000000	-7088.0000000000	2086	2102	2083	2099
65	26	11184.0000000000	11184.0000000000	2086	2102	2085	2101
65	27	14736.0000000000	14736.0000000000	2086	2102	2087	2103
65	28	-7408.0000000000	-7408.0000000000	2086	2102	2089	2105
65	29	-34032.0000000000	-34032.0000000000	2086	2102	2091	2107
65	30	1904.0000000000	1904.0000000000	2086	2102	2093	2109
65	31	4896.0000000000	4896.0000000000	2086	2102	2095	2111
65	32	-575745.0000000000	-575745.0000000000	2088	2104	2081	2097
65	33	-290165.0000000000	-290165.0000000000	2088	2104	2083	2099
65	34	457845.0000000000	457845.0000000000	2088	2104	2085	2101
65	35	603255.0000000000	603255.0000000000	2088	2104	2087	2103
65	36	-303265.0000000000	-303265.0000000000	2088	2104	2089	2105
65	37	-1393185.0000000000	-1393185.0000000000	2088	2104	2091	2107
65	38	77945.0000000000	77945.0000000000	2088	2104	2093	2109
65	39	200430.0000000000	200430.0000000000	2088	2104	2095	2111
65	40	-1269276.0000000000	-1269276.0000000000	2090	2106	2081	2097
65	41	-639692.0000000000	-639692.0000000000	2090	2106	2083	2099
65	42	1009356.0000000000	1009356.0000000000	2090	2106	2085	2101
65	43	1329924.0000000000	1329924.0000000000	2090	2106	2087	2103
65	44	-668572.0000000000	-668572.0000000000	2090	2106	2089	2105
65	45	-3071388.0000000000	-3071388.0000000000	2090	2106	2091	2107
65	46	171836.0000000000	171836.0000000000	2090	2106	2093	2109
65	47	441864.0000000000	441864.0000000000	2090	2106	2095	2111
65	48	-168768.0000000000	-168768.0000000000	2092	2108	2081	2097
65	49	-85056.0000000000	-85056.0000000000	2092	2108	2083	2099
65	50	134208.0000000000	134208.0000000000	2092	2108	2085	2101
65	51	176832.0000000000	176832.0000000000	2092	2108	2087	2103
65	52	-88896.0000000000	-88896.0000000000	2092	2108	2089	2105
65	53	-408384.0000000000	-408384.0000000000	2092	2108	2091	2107
65	54	22848.0000000000	22848.0000000000	2092	2108	2093	2109
65	55	58752.0000000000	58752.0000000000	2092	2108	2095	2111
65	56	57135.0000000000	57135.0000000000	2094	2110	2081	2097
65	57	28795.0000000000	28795.0000000000	2094	2110	2083	2099
65	58	-45435.0000000000	-45435.0000000000	2094	2110	2085	2101
65	59	-59865.0000000000	-59865.0000000000	2094	2110	2087	2103
65	60	30095.0000000000	30095.0000000000	2094	2110	2089	2105
65	61	138255.0000000000	138255.0000000000	2094	2110	2091	2107
65	62	-7735.0000000000	-7735.0000000000	2094	2110	2093	2109
65	63	-19890.0000000000	-19890.0000000000	2094	2110	2095	2111
66	0	-331168.0000000000	-331168.0000000000	2112	2128	2113	2129
66	1	-106896.0000000000	-106896.0000000000	2112	2128	2115	2131
66	2	50304.0000000000	50304.0000000000	2112	2128	2117	2133
66	3	-255974.0000000000	-255974.0000000000	2112	2128	2119	2135
66	4	-29606.0000000000	-29606.0000000000	2112	2128	2121	2137
66	5	-105062.0000000000	-105062.0000000000	2112	2128	2123	2139
66	6	12314.0000000000	12314.0000000000	2112	2128	2125	2141
66	7	1834.0000000000	1834.0000000000	2112	2128	2127	2143
66	8	891120.0000000000	891120.0000000000	2114	2130	2113	2129
66	9	287640.0000000000	287640.0000000000	2114	2130	2115	2131
66	10	-135360.0000000000	-135360.0000000000	2114	2130	2117	2133
66	11	688785.0000000000	688785.0000000000	2114	2130	2119	2135
66	12	79665.0000000000	79665.0000000000	2114	2130	2121	2137
66	13	282705.0000000000	282705.0000000000	2114	2130	2123	2139
66	14	-33135.0000000000	-33135.0000000000	2114	2130	2125	2141
66	15	-4935.0000000000	-4935.0000000000	2114	2130	2127	2143
66	16	763456.0000000000	763456.0000000000	2116	2132	2113	2129
66	17	246432.0000000000	246432.0000000000	2116	2132	2115	2131
66	18	-115968.0000000000	-115968.0000000000	2116	2132	2117	2133
66	19	590108.0000000000	590108.0000000000	2116	2132	2119	2135
66	20	68252.0000000000	68252.0000000000	2116	2132	2121	2137
66	21	242204.0000000000	242204.0000000000	2116	2132	2123	2139
66	22	-28388.0000000000	-28388.0000000000	2116	2132	2125	2141
66	23	-4228.0000000000	-4228.0000000000	2116	2132	2127	2143
66	24	-795056.0000000000	-795056.0000000000	2118	2134	2113	2129
66	25	-256632.0000000000	-256632.0000000000	2118	2134	2115	2131
66	26	120768.0000000000	120768.0000000000	2118	2134	2117	2133
66	27	-614533.0000000000	-614533.0000000000	2118	2134	2119	2135
66	28	-71077.0000000000	-71077.0000000000	2118	2134	2121	2137
66	29	-252229.0000000000	-252229.0000000000	2118	2134	2123	2139
66	30	29563.0000000000	29563.0000000000	2118	2134	2125	2141
66	31	4403.0000000000	4403.0000000000	2118	2134	2127	2143
66	32	-1336048.0000000000	-1336048.0000000000	2120	2136	2113	2129
66	33	-431256.0000000000	-431256.0000000000	2120	2136	2115	2131
66	34	202944.0000000000	202944.0000000000	2120	2136	2117	2133
66	35	-1032689.0000000000	-1032689.0000000000	2120	2136	2119	2135
66	36	-119441.0000000000	-119441.0000000000	2120	2136	2121	2137
66	37	-423857.0000000000	-423857.0000000000	2120	2136	2123	2139
66	38	49679.0000000000	49679.0000000000	2120	2136	2125	2141
66	39	7399.0000000000	7399.0000000000	2120	2136	2127	2143
66	40	123872.0000000000	123872.0000000000	2122	2138	2113	2129
66	41	39984.0000000000	39984.0000000000	2122	2138	2115	2131
66	42	-18816.0000000000	-18816.0000000000	2122	2138	2117	2133
66	43	95746.0000000000	95746.0000000000	2122	2138	2119	2135
66	44	11074.0000000000	11074.0000000000	2122	2138	2121	2137
66	45	39298.0000000000	39298.0000000000	2122	2138	2123	2139
66	46	-4606.0000000000	-4606.0000000000	2122	2138	2125	2141
66	47	-686.0000000000	-686.0000000000	2122	2138	2127	2143
66	48	-1324672.0000000000	-1324672.0000000000	2124	2140	2113	2129
66	49	-427584.0000000000	-427584.0000000000	2124	2140	2115	2131
66	50	201216.0000000000	201216.0000000000	2124	2140	2117	2133
66	51	-1023896.0000000000	-1023896.0000000000	2124	2140	2119	2135
66	52	-118424.0000000000	-118424.0000000000	2124	2140	2121	2137
66	53	-420248.0000000000	-420248.0000000000	2124	2140	2123	2139
66	54	49256.0000000000	49256.0000000000	2124	2140	2125	2141
66	55	7336.0000000000	7336.0000000000	2124	2140	2127	2143
66	56	573856.0000000000	573856.0000000000	2126	2142	2113	2129
66	57	185232.0000000000	185232.0000000000	2126	2142	2115	2131
66	58	-87168.0000000000	-87168.0000000000	2126	2142	2117	2133
66	59	443558.0000000000	443558.0000000000	2126	2142	2119	2135
66	60	51302.0000000000	51302.0000000000	2126	2142	2121	2137
66	61	182054.0000000000	182054.0000000000	2126	2142	2123	2139
66	62	-21338.0000000000	-21338.0000000000	2126	2142	2125	2141
66	63	-3178.0000000000	-3178.0000000000	2126	2142	2127	2143
67	0	-95100.0000000000	-95100.0000000000	2144	2160	2145	2161
67	1	-14582.0000000000	-14582.0000000000	2144	2160	2147	2163
67	2	-517978.0000000000	-517978.0000000000	2144	2160	2149	2165
67	3	-14582.0000000000	-14582.0000000000	2144	2160	2151	2167
67	4	-115388.0000000000	-115388.0000000000	2144	2160	2153	2169
67	5	-386740.0000000000	-386740.0000000000	2144	2160	2155	2171
67	6	401956.0000000000	401956.0000000000	2144	2160	2157	2173
67	7	-29164.0000000000	-29164.0000000000	2144	2160	2159	2175
67	8	-18450.0000000000	-18450.0000000000	2146	2162	2145	2161
67	9	-2829.0000000000	-2829.0000000000	2146	2162	2147	2163
67	10	-100491.0000000000	-100491.0000000000	2146	2162	2149	2165
67	11	-2829.0000000000	-2829.0000000000	2146	2162	2151	2167
67	12	-22386.0000000000	-22386.0000000000	2146	2162	2153	2169
67	13	-75030.0000000000	-75030.0000000000	2146	2162	2155	2171
67	14	77982.0000000000	77982.0000000000	2146	2162	2157	2173
67	15	-5658.0000000000	-5658.0000000000	2146	2162	2159	2175
67	16	-42000.0000000000	-42000.0000000000	2148	2164	2145	2161
67	17	-6440.0000000000	-6440.0000000000	2148	2164	2147	2163
67	18	-228760.0000000000	-228760.0000000000	2148	2164	2149	2165
67	19	-6440.0000000000	-6440.0000000000	2148	2164	2151	2167
67	20	-50960.0000000000	-50960.0000000000	2148	2164	2153	2169
67	21	-170800.0000000000	-170800.0000000000	2148	2164	2155	2171
67	22	177520.0000000000	177520.0000000000	2148	2164	2157	2173
67	23	-12880.0000000000	-12880.0000000000	2148	2164	2159	2175
67	24	43650.0000000000	43650.0000000000	2150	2166	2145	2161
67	25	6693.0000000000	6693.0000000000	2150	2166	2147	2163
67	26	237747.0000000000	237747.0000000000	2150	2166	2149	2165
67	27	6693.0000000000	6693.0000000000	2150	2166	2151	2167
67	28	52962.0000000000	52962.0000000000	2150	2166	2153	2169
67	29	177510.0000000000	177510.0000000000	2150	2166	2155	2171
67	30	-184494.0000000000	-184494.0000000000	2150	2166	2157	2173
67	31	13386.0000000000	13386.0000000000	2150	2166	2159	2175
67	32	3600.0000000000	3600.0000000000	2152	2168	2145	2161
67	33	552.0000000000	552.0000000000	2152	2168	2147	2163
67	34	19608.0000000000	19608.0000000000	2152	2168	2149	2165
67	35	552.0000000000	552.0000000000	2152	2168	2151	2167
67	36	4368.0000000000	4368.0000000000	2152	2168	2153	2169
67	37	14640.0000000000	14640.0000000000	2152	2168	2155	2171
67	38	-15216.0000000000	-15216.0000000000	2152	2168	2157	2173
67	39	1104.0000000000	1104.0000000000	2152	2168	2159	2175
67	40	-130650.0000000000	-130650.0000000000	2154	2170	2145	2161
67	41	-20033.0000000000	-20033.0000000000	2154	2170	2147	2163
67	42	-711607.0000000000	-711607.0000000000	2154	2170	2149	2165
67	43	-20033.0000000000	-20033.0000000000	2154	2170	2151	2167
67	44	-158522.0000000000	-158522.0000000000	2154	2170	2153	2169
67	45	-531310.0000000000	-531310.0000000000	2154	2170	2155	2171
67	46	552214.0000000000	552214.0000000000	2154	2170	2157	2173
67	47	-40066.0000000000	-40066.0000000000	2154	2170	2159	2175
67	48	-123600.0000000000	-123600.0000000000	2156	2172	2145	2161
67	49	-18952.0000000000	-18952.0000000000	2156	2172	2147	2163
67	50	-673208.0000000000	-673208.0000000000	2156	2172	2149	2165
67	51	-18952.0000000000	-18952.0000000000	2156	2172	2151	2167
67	52	-149968.0000000000	-149968.0000000000	2156	2172	2153	2169
67	53	-502640.0000000000	-502640.0000000000	2156	2172	2155	2171
67	54	522416.0000000000	522416.0000000000	2156	2172	2157	2173
67	55	-37904.0000000000	-37904.0000000000	2156	2172	2159	2175
67	56	-12150.0000000000	-12150.0000000000	2158	2174	2145	2161
67	57	-1863.0000000000	-1863.0000000000	2158	2174	2147	2163
67	58	-66177.0000000000	-66177.0000000000	2158	2174	2149	2165
67	59	-1863.0000000000	-1863.0000000000	2158	2174	2151	2167
67	60	-14742.0000000000	-14742.0000000000	2158	2174	2153	2169
67	61	-49410.0000000000	-49410.0000000000	2158	2174	2155	2171
67	62	51354.0000000000	51354.0000000000	2158	2174	2157	2173
67	63	-3726.0000000000	-3726.0000000000	2158	2174	2159	2175
68	0	-375.0000000000	-375.0000000000	2176	2192	2177	2193
68	1	-21125.0000000000	-21125.0000000000	2176	2192	2179	2195
68	2	60500.0000000000	60500.0000000000	2176	2192	2181	2197
68	3	38375.0000000000	38375.0000000000	2176	2192	2183	2199
68	4	-19750.0000000000	-19750.0000000000	2176	2192	2185	2201
68	5	97750.0000000000	97750.0000000000	2176	2192	2187	2203
68	6	-12750.0000000000	-12750.0000000000	2176	2192	2189	2205
68	7	36625.0000000000	36625.0000000000	2176	2192	2191	2207
68	8	633.0000000000	633.0000000000	2178	2194	2177	2193
68	9	35659.0000000000	35659.0000000000	2178	2194	2179	2195
68	10	-102124.0000000000	-102124.0000000000	2178	2194	2181	2197
68	11	-64777.0000000000	-64777.0000000000	2178	2194	2183	2199
68	12	33338.0000000000	33338.0000000000	2178	2194	2185	2201
68	13	-165002.0000000000	-165002.0000000000	2178	2194	2187	2203
68	14	21522.0000000000	21522.0000000000	2178	2194	2189	2205
68	15	-61823.0000000000	-61823.0000000000	2178	2194	2191	2207
68	16	-864.0000000000	-864.0000000000	2180	2196	2177	2193
68	17	-48672.0000000000	-48672.0000000000	2180	2196	2179	2195
68	18	139392.0000000000	139392.0000000000	2180	2196	2181	2197
68	19	88416.0000000000	88416.0000000000	2180	2196	2183	2199
68	20	-45504.0000000000	-45504.0000000000	2180	2196	2185	2201
68	21	225216.0000000000	225216.0000000000	2180	2196	2187	2203
68	22	-29376.0000000000	-29376.0000000000	2180	2196	2189	2205
68	23	84384.0000000000	84384.0000000000	2180	2196	2191	2207
68	24	-453.0000000000	-453.0000000000	2182	2198	2177	2193
68	25	-25519.0000000000	-25519.0000000000	2182	2198	2179	2195
68	26	73084.0000000000	73084.0000000000	2182	2198	2181	2197
68	27	46357.0000000000	46357.0000000000	2182	2198	2183	2199
68	28	-23858.0000000000	-23858.0000000000	2182	2198	2185	2201
68	29	118082.0000000000	118082.0000000000	2182	2198	2187	2203
68	30	-15402.0000000000	-15402.0000000000	2182	2198	2189	2205
68	31	44243.0000000000	44243.0000000000	2182	2198	2191	2207
68	32	-1656.0000000000	-1656.0000000000	2184	2200	2177	2193
68	33	-93288.0000000000	-93288.0000000000	2184	2200	2179	2195
68	34	267168.0000000000	267168.0000000000	2184	2200	2181	2197
68	35	169464.0000000000	169464.0000000000	2184	2200	2183	2199
68	36	-87216.0000000000	-87216.0000000000	2184	2200	2185	2201
68	37	431664.0000000000	431664.0000000000	2184	2200	2187	2203
68	38	-56304.0000000000	-56304.0000000000	2184	2200	2189	2205
68	39	161736.0000000000	161736.0000000000	2184	2200	2191	2207
68	40	270.0000000000	270.0000000000	2186	2202	2177	2193
68	41	15210.0000000000	15210.0000000000	2186	2202	2179	2195
68	42	-43560.0000000000	-43560.0000000000	2186	2202	2181	2197
68	43	-27630.0000000000	-27630.0000000000	2186	2202	2183	2199
68	44	14220.0000000000	14220.0000000000	2186	2202	2185	2201
68	45	-70380.0000000000	-70380.0000000000	2186	2202	2187	2203
68	46	9180.0000000000	9180.0000000000	2186	2202	2189	2205
68	47	-26370.0000000000	-26370.0000000000	2186	2202	2191	2207
68	48	-960.0000000000	-960.0000000000	2188	2204	2177	2193
68	49	-54080.0000000000	-54080.0000000000	2188	2204	2179	2195
68	50	154880.0000000000	154880.0000000000	2188	2204	2181	2197
68	51	98240.0000000000	98240.0000000000	2188	2204	2183	2199
68	52	-50560.0000000000	-50560.0000000000	2188	2204	2185	2201
68	53	250240.0000000000	250240.0000000000	2188	2204	2187	2203
68	54	-32640.0000000000	-32640.0000000000	2188	2204	2189	2205
68	55	93760.0000000000	93760.0000000000	2188	2204	2191	2207
68	56	720.0000000000	720.0000000000	2190	2206	2177	2193
68	57	40560.0000000000	40560.0000000000	2190	2206	2179	2195
68	58	-116160.0000000000	-116160.0000000000	2190	2206	2181	2197
68	59	-73680.0000000000	-73680.0000000000	2190	2206	2183	2199
68	60	37920.0000000000	37920.0000000000	2190	2206	2185	2201
68	61	-187680.0000000000	-187680.0000000000	2190	2206	2187	2203
68	62	24480.0000000000	24480.0000000000	2190	2206	2189	2205
68	63	-70320.0000000000	-70320.0000000000	2190	2206	2191	2207
69	0	-242720.0000000000	-242720.0000000000	2208	2224	2209	2225
69	1	1028896.0000000000	1028896.0000000000	2208	2224	2211	2227
69	2	322048.0000000000	322048.0000000000	2208	2224	2213	2229
69	3	-99456.0000000000	-99456.0000000000	2208	2224	2215	2231
69	4	448736.0000000000	448736.0000000000	2208	2224	2217	2233
69	5	556480.0000000000	556480.0000000000	2208	2224	2219	2235
69	6	178784.0000000000	178784.0000000000	2208	2224	2221	2237
69	7	-925888.0000000000	-925888.0000000000	2208	2224	2223	2239
69	8	-233085.0000000000	-233085.0000000000	2210	2226	2209	2225
69	9	988053.0000000000	988053.0000000000	2210	2226	2211	2227
69	10	309264.0000000000	309264.0000000000	2210	2226	2213	2229
69	11	-95508.0000000000	-95508.0000000000	2210	2226	2215	2231
69	12	430923.0000000000	430923.0000000000	2210	2226	2217	2233
69	13	534390.0000000000	534390.0000000000	2210	2226	2219	2235
69	14	171687.0000000000	171687.0000000000	2210	2226	2221	2237
69	15	-889134.0000000000	-889134.0000000000	2210	2226	2223	2239
69	16	-82820.0000000000	-82820.0000000000	2212	2228	2209	2225
69	17	351076.0000000000	351076.0000000000	2212	2228	2211	2227
69	18	109888.0000000000	109888.0000000000	2212	2228	2213	2229
69	19	-33936.0000000000	-33936.0000000000	2212	2228	2215	2231
69	20	153116.0000000000	153116.0000000000	2212	2228	2217	2233
69	21	189880.0000000000	189880.0000000000	2212	2228	2219	2235
69	22	61004.0000000000	61004.0000000000	2212	2228	2221	2237
69	23	-315928.0000000000	-315928.0000000000	2212	2228	2223	2239
69	24	200900.0000000000	200900.0000000000	2214	2230	2209	2225
69	25	-851620.0000000000	-851620.0000000000	2214	2230	2211	2227
69	26	-266560.0000000000	-266560.0000000000	2214	2230	2213	2229
69	27	82320.0000000000	82320.0000000000	2214	2230	2215	2231
69	28	-371420.0000000000	-371420.0000000000	2214	2230	2217	2233
69	29	-460600.0000000000	-460600.0000000000	2214	2230	2219	2235
69	30	-147980.0000000000	-147980.0000000000	2214	2230	2221	2237
69	31	766360.0000000000	766360.0000000000	2214	2230	2223	2239
69	32	127920.0000000000	127920.0000000000	2216	2232	2209	2225
69	33	-542256.0000000000	-542256.0000000000	2216	2232	2211	2227
69	34	-169728.0000000000	-169728.0000000000	2216	2232	2213	2229
69	35	52416.0000000000	52416.0000000000	2216	2232	2215	2231
69	36	-236496.0000000000	-236496.0000000000	2216	2232	2217	2233
69	37	-293280.0000000000	-293280.0000000000	2216	2232	2219	2235
69	38	-94224.0000000000	-94224.0000000000	2216	2232	2221	2237
69	39	487968.0000000000	487968.0000000000	2216	2232	2223	2239
69	40	18450.0000000000	18450.0000000000	2218	2234	2209	2225
69	41	-78210.0000000000	-78210.0000000000	2218	2234	2211	2227
69	42	-24480.0000000000	-24480.0000000000	2218	2234	2213	2229
69	43	7560.0000000000	7560.0000000000	2218	2234	2215	2231
69	44	-34110.0000000000	-34110.0000000000	2218	2234	2217	2233
69	45	-42300.0000000000	-42300.0000000000	2218	2234	2219	2235
69	46	-13590.0000000000	-13590.0000000000	2218	2234	2221	2237
69	47	70380.0000000000	70380.0000000000	2218	2234	2223	2239
69	48	-108240.0000000000	-108240.0000000000	2220	2236	2209	2225
69	49	458832.0000000000	458832.0000000000	2220	2236	2211	2227
69	50	143616.0000000000	143616.0000000000	2220	2236	2213	2229
69	51	-44352.0000000000	-44352.0000000000	2220	2236	2215	2231
69	52	200112.0000000000	200112.0000000000	2220	2236	2217	2233
69	53	248160.0000000000	248160.0000000000	2220	2236	2219	2235
69	54	79728.0000000000	79728.0000000000	2220	2236	2221	2237
69	55	-412896.0000000000	-412896.0000000000	2220	2236	2223	2239
69	56	410.0000000000	410.0000000000	2222	2238	2209	2225
69	57	-1738.0000000000	-1738.0000000000	2222	2238	2211	2227
69	58	-544.0000000000	-544.0000000000	2222	2238	2213	2229
69	59	168.0000000000	168.0000000000	2222	2238	2215	2231
69	60	-758.0000000000	-758.0000000000	2222	2238	2217	2233
69	61	-940.0000000000	-940.0000000000	2222	2238	2219	2235
69	62	-302.0000000000	-302.0000000000	2222	2238	2221	2237
69	63	1564.0000000000	1564.0000000000	2222	2238	2223	2239
70	0	-527275.0000000000	-527275.0000000000	2240	2256	2241	2257
70	1	-240695.0000000000	-240695.0000000000	2240	2256	2243	2259
70	2	-717255.0000000000	-717255.0000000000	2240	2256	2245	2261
70	3	3220.0000000000	3220.0000000000	2240	2256	2247	2263
70	4	486220.0000000000	486220.0000000000	2240	2256	2249	2265
70	5	-483000.0000000000	-483000.0000000000	2240	2256	2251	2267
70	6	412160.0000000000	412160.0000000000	2240	2256	2253	2269
70	7	-128800.0000000000	-128800.0000000000	2240	2256	2255	2271
70	8	-369420.0000000000	-369420.0000000000	2242	2258	2241	2257
70	9	-168636.0000000000	-168636.0000000000	2242	2258	2243	2259
70	10	-502524.0000000000	-502524.0000000000	2242	2258	2245	2261
70	11	2256.0000000000	2256.0000000000	2242	2258	2247	2263
70	12	340656.0000000000	340656.0000000000	2242	2258	2249	2265
70	13	-338400.0000000000	-338400.0000000000	2242	2258	2251	2267
70	14	288768.0000000000	288768.0000000000	2242	2258	2253	2269
70	15	-90240.0000000000	-90240.0000000000	2242	2258	2255	2271
70	16	34060.0000000000	34060.0000000000	2244	2260	2241	2257
70	17	15548.0000000000	15548.0000000000	2244	2260	2243	2259
70	18	46332.0000000000	46332.0000000000	2244	2260	2245	2261
70	19	-208.0000000000	-208.0000000000	2244	2260	2247	2263
70	20	-31408.0000000000	-31408.0000000000	2244	2260	2249	2265
70	21	31200.0000000000	31200.0000000000	2244	2260	2251	2267
70	22	-26624.0000000000	-26624.0000000000	2244	2260	2253	2269
70	23	8320.0000000000	8320.0000000000	2244	2260	2255	2271
70	24	157855.0000000000	157855.0000000000	2246	2262	2241	2257
70	25	72059.0000000000	72059.0000000000	2246	2262	2243	2259
70	26	214731.0000000000	214731.0000000000	2246	2262	2245	2261
70	27	-964.0000000000	-964.0000000000	2246	2262	2247	2263
70	28	-145564.0000000000	-145564.0000000000	2246	2262	2249	2265
70	29	144600.0000000000	144600.0000000000	2246	2262	2251	2267
70	30	-123392.0000000000	-123392.0000000000	2246	2262	2253	2269
70	31	38560.0000000000	38560.0000000000	2246	2262	2255	2271
70	32	-277720.0000000000	-277720.0000000000	2248	2264	2241	2257
70	33	-126776.0000000000	-126776.0000000000	2248	2264	2243	2259
70	34	-377784.0000000000	-377784.0000000000	2248	2264	2245	2261
70	35	1696.0000000000	1696.0000000000	2248	2264	2247	2263
70	36	256096.0000000000	256096.0000000000	2248	2264	2249	2265
70	37	-254400.0000000000	-254400.0000000000	2248	2264	2251	2267
70	38	217088.0000000000	217088.0000000000	2248	2264	2253	2269
70	39	-67840.0000000000	-67840.0000000000	2248	2264	2255	2271
70	40	142135.0000000000	142135.0000000000	2250	2266	2241	2257
70	41	64883.0000000000	64883.0000000000	2250	2266	2243	2259
70	42	193347.0000000000	193347.0000000000	2250	2266	2245	2261
70	43	-868.0000000000	-868.0000000000	2250	2266	2247	2263
70	44	-131068.0000000000	-131068.0000000000	2250	2266	2249	2265
70	45	130200.0000000000	130200.0000000000	2250	2266	2251	2267
70	46	-111104.0000000000	-111104.0000000000	2250	2266	2253	2269
70	47	34720.0000000000	34720.0000000000	2250	2266	2255	2271
70	48	-450640.0000000000	-450640.0000000000	2252	2268	2241	2257
70	49	-205712.0000000000	-205712.0000000000	2252	2268	2243	2259
70	50	-613008.0000000000	-613008.0000000000	2252	2268	2245	2261
70	51	2752.0000000000	2752.0000000000	2252	2268	2247	2263
70	52	415552.0000000000	415552.0000000000	2252	2268	2249	2265
70	53	-412800.0000000000	-412800.0000000000	2252	2268	2251	2267
70	54	352256.0000000000	352256.0000000000	2252	2268	2253	2269
70	55	-110080.0000000000	-110080.0000000000	2252	2268	2255	2271
70	56	-429025.0000000000	-429025.0000000000	2254	2270	2241	2257
70	57	-195845.0000000000	-195845.0000000000	2254	2270	2243	2259
70	58	-583605.0000000000	-583605.0000000000	2254	2270	2245	2261
70	59	2620.0000000000	2620.0000000000	2254	2270	2247	2263
70	60	395620.0000000000	395620.0000000000	2254	2270	2249	2265
70	61	-393000.0000000000	-393000.0000000000	2254	2270	2251	2267
70	62	335360.0000000000	335360.0000000000	2254	2270	2253	2269
70	63	-104800.0000000000	-104800.0000000000	2254	2270	2255	2271
71	0	114692.0000000000	114692.0000000000	2272	2288	2273	2289
71	1	-171497.0000000000	-171497.0000000000	2272	2288	2275	2291
71	2	-129299.0000000000	-129299.0000000000	2272	2288	2277	2293
71	3	438751.0000000000	438751.0000000000	2272	2288	2279	2295
71	4	450112.0000000000	450112.0000000000	2272	2288	2281	2297
71	5	-647036.0000000000	-647036.0000000000	2272	2288	2283	2299
71	6	-826648.0000000000	-826648.0000000000	2272	2288	2285	2301
71	7	-320813.0000000000	-320813.0000000000	2272	2288	2287	2303
71	8	-86920.0000000000	-86920.0000000000	2274	2290	2273	2289
71	9	129970.0000000000	129970.0000000000	2274	2290	2275	2291
71	10	97990.0000000000	97990.0000000000	2274	2290	2277	2293
71	11	-332510.0000000000	-332510.0000000000	2274	2290	2279	2295
71	12	-341120.0000000000	-341120.0000000000	2274	2290	2281	2297
71	13	490360.0000000000	490360.0000000000	2274	2290	2283	2299
71	14	626480.0000000000	626480.0000000000	2274	2290	2285	2301
71	15	243130.0000000000	243130.0000000000	2274	2290	2287	2303
71	16	-66992.0000000000	-66992.0000000000	2276	2292	2273	2289
71	17	100172.0000000000	100172.0000000000	2276	2292	2275	2291
71	18	75524.0000000000	75524.0000000000	2276	2292	2277	2293
71	19	-256276.0000000000	-256276.0000000000	2276	2292	2279	2295
71	20	-262912.0000000000	-262912.0000000000	2276	2292	2281	2297
71	21	377936.0000000000	377936.0000000000	2276	2292	2283	2299
71	22	482848.0000000000	482848.0000000000	2276	2292	2285	2301
71	23	187388.0000000000	187388.0000000000	2276	2292	2287	2303
71	24	-78864.0000000000	-78864.0000000000	2278	2294	2273	2289
71	25	117924.0000000000	117924.0000000000	2278	2294	2275	2291
71	26	88908.0000000000	88908.0000000000	2278	2294	2277	2293
71	27	-301692.0000000000	-301692.0000000000	2278	2294	2279	2295
71	28	-309504.0000000000	-309504.0000000000	2278	2294	2281	2297
71	29	444912.0000000000	444912.0000000000	2278	2294	2283	2299
71	30	568416.0000000000	568416.0000000000	2278	2294	2285	2301
71	31	220596.0000000000	220596.0000000000	2278	2294	2287	2303
71	32	-89676.0000000000	-89676.0000000000	2280	2296	2273	2289
71	33	134091.0000000000	134091.0000000000	2280	2296	2275	2291
71	34	101097.0000000000	101097.0000000000	2280	2296	2277	2293
71	35	-343053.0000000000	-343053.0000000000	2280	2296	2279	2295
71	36	-351936.0000000000	-351936.0000000000	2280	2296	2281	2297
71	37	505908.0000000000	505908.0000000000	2280	2296	2283	2299
71	38	646344.0000000000	646344.0000000000	2280	2296	2285	2301
71	39	250839.0000000000	250839.0000000000	2280	2296	2287	2303
71	40	-242952.0000000000	-242952.0000000000	2282	2298	2273	2289
71	41	363282.0000000000	363282.0000000000	2282	2298	2275	2291
71	42	273894.0000000000	273894.0000000000	2282	2298	2277	2293
71	43	-929406.0000000000	-929406.0000000000	2282	2298	2279	2295
71	44	-953472.0000000000	-953472.0000000000	2282	2298	2281	2297
71	45	1370616.0000000000	1370616.0000000000	2282	2298	2283	2299
71	46	1751088.0000000000	1751088.0000000000	2282	2298	2285	2301
71	47	679578.0000000000	679578.0000000000	2282	2298	2287	2303
71	48	-199280.0000000000	-199280.0000000000	2284	2300	2273	2289
71	49	297980.0000000000	297980.0000000000	2284	2300	2275	2291
71	50	224660.0000000000	224660.0000000000	2284	2300	2277	2293
71	51	-762340.0000000000	-762340.0000000000	2284	2300	2279	2295
71	52	-782080.0000000000	-782080.0000000000	2284	2300	2281	2297
71	53	1124240.0000000000	1124240.0000000000	2284	2300	2283	2299
71	54	1436320.0000000000	1436320.0000000000	2284	2300	2285	2301
71	55	557420.0000000000	557420.0000000000	2284	2300	2287	2303
71	56	45580.0000000000	45580.0000000000	2286	2302	2273	2289
71	57	-68155.0000000000	-68155.0000000000	2286	2302	2275	2291
71	58	-51385.0000000000	-51385.0000000000	2286	2302	2277	2293
71	59	174365.0000000000	174365.0000000000	2286	2302	2279	2295
71	60	178880.0000000000	178880.0000000000	2286	2302	2281	2297
71	61	-257140.0000000000	-257140.0000000000	2286	2302	2283	2299
71	62	-328520.0000000000	-328520.0000000000	2286	2302	2285	2301
71	63	-127495.0000000000	-127495.0000000000	2286	2302	2287	2303
72	0	438960.0000000000	438960.0000000000	2304	2320	2305	2321
72	1	1072104.0000000000	1072104.0000000000	2304	2320	2307	2323
72	2	680016.0000000000	680016.0000000000	2304	2320	2309	2325
72	3	-69936.0000000000	-69936.0000000000	2304	2320	2311	2327
72	4	-356376.0000000000	-356376.0000000000	2304	2320	2313	2329
72	5	-592968.0000000000	-592968.0000000000	2304	2320	2315	2331
72	6	37944.0000000000	37944.0000000000	2304	2320	2317	2333
72	7	317688.0000000000	317688.0000000000	2304	2320	2319	2335
72	8	5900.0000000000	5900.0000000000	2306	2322	2305	2321
72	9	14410.0000000000	14410.0000000000	2306	2322	2307	2323
72	10	9140.0000000000	9140.0000000000	2306	2322	2309	2325
72	11	-940.0000000000	-940.0000000000	2306	2322	2311	2327
72	12	-4790.0000000000	-4790.0000000000	2306	2322	2313	2329
72	13	-7970.0000000000	-7970.0000000000	2306	2322	2315	2331
72	14	510.0000000000	510.0000000000	2306	2322	2317	2333
72	15	4270.0000000000	4270.0000000000	2306	2322	2319	2335
72	16	21240.0000000000	21240.0000000000	2308	2324	2305	2321
72	17	51876.0000000000	51876.0000000000	2308	2324	2307	2323
72	18	32904.0000000000	32904.0000000000	2308	2324	2309	2325
72	19	-3384.0000000000	-3384.0000000000	2308	2324	2311	2327
72	20	-17244.0000000000	-17244.0000000000	2308	2324	2313	2329
72	21	-28692.0000000000	-28692.0000000000	2308	2324	2315	2331
72	22	1836.0000000000	1836.0000000000	2308	2324	2317	2333
72	23	15372.0000000000	15372.0000000000	2308	2324	2319	2335
72	24	502090.0000000000	502090.0000000000	2310	2326	2305	2321
72	25	1226291.0000000000	1226291.0000000000	2310	2326	2307	2323
72	26	777814.0000000000	777814.0000000000	2310	2326	2309	2325
72	27	-79994.0000000000	-79994.0000000000	2310	2326	2311	2327
72	28	-407629.0000000000	-407629.0000000000	2310	2326	2313	2329
72	29	-678247.0000000000	-678247.0000000000	2310	2326	2315	2331
72	30	43401.0000000000	43401.0000000000	2310	2326	2317	2333
72	31	363377.0000000000	363377.0000000000	2310	2326	2319	2335
72	32	-454890.0000000000	-454890.0000000000	2312	2328	2305	2321
72	33	-1111011.0000000000	-1111011.0000000000	2312	2328	2307	2323
72	34	-704694.0000000000	-704694.0000000000	2312	2328	2309	2325
72	35	72474.0000000000	72474.0000000000	2312	2328	2311	2327
72	36	369309.0000000000	369309.0000000000	2312	2328	2313	2329
72	37	614487.0000000000	614487.0000000000	2312	2328	2315	2331
72	38	-39321.0000000000	-39321.0000000000	2312	2328	2317	2333
72	39	-329217.0000000000	-329217.0000000000	2312	2328	2319	2335
72	40	-500910.0000000000	-500910.0000000000	2314	2330	2305	2321
72	41	-1223409.0000000000	-1223409.0000000000	2314	2330	2307	2323
72	42	-775986.0000000000	-775986.0000000000	2314	2330	2309	2325
72	43	79806.0000000000	79806.0000000000	2314	2330	2311	2327
72	44	406671.0000000000	406671.0000000000	2314	2330	2313	2329
72	45	676653.0000000000	676653.0000000000	2314	2330	2315	2331
72	46	-43299.0000000000	-43299.0000000000	2314	2330	2317	2333
72	47	-362523.0000000000	-362523.0000000000	2314	2330	2319	2335
72	48	14160.0000000000	14160.0000000000	2316	2332	2305	2321
72	49	34584.0000000000	34584.0000000000	2316	2332	2307	2323
72	50	21936.0000000000	21936.0000000000	2316	2332	2309	2325
72	51	-2256.0000000000	-2256.0000000000	2316	2332	2311	2327
72	52	-11496.0000000000	-11496.0000000000	2316	2332	2313	2329
72	53	-19128.0000000000	-19128.0000000000	2316	2332	2315	2331
72	54	1224.0000000000	1224.0000000000	2316	2332	2317	2333
72	55	10248.0000000000	10248.0000000000	2316	2332	2319	2335
72	56	489700.0000000000	489700.0000000000	2318	2334	2305	2321
72	57	1196030.0000000000	1196030.0000000000	2318	2334	2307	2323
72	58	758620.0000000000	758620.0000000000	2318	2334	2309	2325
72	59	-78020.0000000000	-78020.0000000000	2318	2334	2311	2327
72	60	-397570.0000000000	-397570.0000000000	2318	2334	2313	2329
72	61	-661510.0000000000	-661510.0000000000	2318	2334	2315	2331
72	62	42330.0000000000	42330.0000000000	2318	2334	2317	2333
72	63	354410.0000000000	354410.0000000000	2318	2334	2319	2335
73	0	305040.0000000000	305040.0000000000	2336	2352	2337	2353
73	1	393700.0000000000	393700.0000000000	2336	2352	2339	2355
73	2	245520.0000000000	245520.0000000000	2336	2352	2341	2357
73	3	156240.0000000000	156240.0000000000	2336	2352	2343	2359
73	4	413540.0000000000	413540.0000000000	2336	2352	2345	2361
73	5	-258540.0000000000	-258540.0000000000	2336	2352	2347	2363
73	6	-189100.0000000000	-189100.0000000000	2336	2352	2349	2365
73	7	258540.0000000000	258540.0000000000	2336	2352	2351	2367
73	8	116112.0000000000	116112.0000000000	2338	2354	2337	2353
73	9	149860.0000000000	149860.0000000000	2338	2354	2339	2355
73	10	93456.0000000000	93456.0000000000	2338	2354	2341	2357
73	11	59472.0000000000	59472.0000000000	2338	2354	2343	2359
73	12	157412.0000000000	157412.0000000000	2338	2354	2345	2361
73	13	-98412.0000000000	-98412.0000000000	2338	2354	2347	2363
73	14	-71980.0000000000	-71980.0000000000	2338	2354	2349	2365
73	15	98412.0000000000	98412.0000000000	2338	2354	2351	2367
73	16	-255840.0000000000	-255840.0000000000	2340	2356	2337	2353
73	17	-330200.0000000000	-330200.0000000000	2340	2356	2339	2355
73	18	-205920.0000000000	-205920.0000000000	2340	2356	2341	2357
73	19	-131040.0000000000	-131040.0000000000	2340	2356	2343	2359
73	20	-346840.0000000000	-346840.0000000000	2340	2356	2345	2361
73	21	216840.0000000000	216840.0000000000	2340	2356	2347	2363
73	22	158600.0000000000	158600.0000000000	2340	2356	2349	2365
73	23	-216840.0000000000	-216840.0000000000	2340	2356	2351	2367
73	24	-246000.0000000000	-246000.0000000000	2342	2358	2337	2353
73	25	-317500.0000000000	-317500.0000000000	2342	2358	2339	2355
73	26	-198000.0000000000	-198000.0000000000	2342	2358	2341	2357
73	27	-126000.0000000000	-126000.0000000000	2342	2358	2343	2359
73	28	-333500.0000000000	-333500.0000000000	2342	2358	2345	2361
73	29	208500.0000000000	208500.0000000000	2342	2358	2347	2363
73	30	152500.0000000000	152500.0000000000	2342	2358	2349	2365
73	31	-208500.0000000000	-208500.0000000000	2342	2358	2351	2367
73	32	-322260.0000000000	-322260.0000000000	2344	2360	2337	2353
73	33	-415925.0000000000	-415925.0000000000	2344	2360	2339	2355
73	34	-259380.0000000000	-259380.0000000000	2344	2360	2341	2357
73	35	-165060.0000000000	-165060.0000000000	2344	2360	2343	2359
73	36	-436885.0000000000	-436885.0000000000	2344	2360	2345	2361
73	37	273135.0000000000	273135.0000000000	2344	2360	2347	2363
73	38	199775.0000000000	199775.0000000000	2344	2360	2349	2365
73	39	-273135.0000000000	-273135.0000000000	2344	2360	2351	2367
73	40	13284.0000000000	13284.0000000000	2346	2362	2337	2353
73	41	17145.0000000000	17145.0000000000	2346	2362	2339	2355
73	42	10692.0000000000	10692.0000000000	2346	2362	2341	2357
73	43	6804.0000000000	6804.0000000000	2346	2362	2343	2359
73	44	18009.0000000000	18009.0000000000	2346	2362	2345	2361
73	45	-11259.0000000000	-11259.0000000000	2346	2362	2347	2363
73	46	-8235.0000000000	-8235.0000000000	2346	2362	2349	2365
73	47	11259.0000000000	11259.0000000000	2346	2362	2351	2367
73	48	342432.0000000000	342432.0000000000	2348	2364	2337	2353
73	49	441960.0000000000	441960.0000000000	2348	2364	2339	2355
73	50	275616.0000000000	275616.0000000000	2348	2364	2341	2357
73	51	175392.0000000000	175392.0000000000	2348	2364	2343	2359
73	52	464232.0000000000	464232.0000000000	2348	2364	2345	2361
73	53	-290232.0000000000	-290232.0000000000	2348	2364	2347	2363
73	54	-212280.0000000000	-212280.0000000000	2348	2364	2349	2365
73	55	290232.0000000000	290232.0000000000	2348	2364	2351	2367
73	56	141696.0000000000	141696.0000000000	2350	2366	2337	2353
73	57	182880.0000000000	182880.0000000000	2350	2366	2339	2355
73	58	114048.0000000000	114048.0000000000	2350	2366	2341	2357
73	59	72576.0000000000	72576.0000000000	2350	2366	2343	2359
73	60	192096.0000000000	192096.0000000000	2350	2366	2345	2361
73	61	-120096.0000000000	-120096.0000000000	2350	2366	2347	2363
73	62	-87840.0000000000	-87840.0000000000	2350	2366	2349	2365
73	63	120096.0000000000	120096.0000000000	2350	2366	2351	2367
74	0	105860.0000000000	105860.0000000000	2368	2384	2369	2385
74	1	312220.0000000000	312220.0000000000	2368	2384	2371	2387
74	2	38592.0000000000	38592.0000000000	2368	2384	2373	2389
74	3	255404.0000000000	255404.0000000000	2368	2384	2375	2391
74	4	175004.0000000000	175004.0000000000	2368	2384	2377	2393
74	5	7236.0000000000	7236.0000000000	2368	2384	2379	2395
74	6	-287564.0000000000	-287564.0000000000	2368	2384	2381	2397
74	7	-41808.0000000000	-41808.0000000000	2368	2384	2383	2399
74	8	22910.0000000000	22910.0000000000	2370	2386	2369	2385
74	9	67570.0000000000	67570.0000000000	2370	2386	2371	2387
74	10	8352.0000000000	8352.0000000000	2370	2386	2373	2389
74	11	55274.0000000000	55274.0000000000	2370	2386	2375	2391
74	12	37874.0000000000	37874.0000000000	2370	2386	2377	2393
74	13	1566.0000000000	1566.0000000000	2370	2386	2379	2395
74	14	-62234.0000000000	-62234.0000000000	2370	2386	2381	2397
74	15	-9048.0000000000	-9048.0000000000	2370	2386	2383	2399
74	16	-63200.0000000000	-63200.0000000000	2372	2388	2369	2385
74	17	-186400.0000000000	-186400.0000000000	2372	2388	2371	2387
74	18	-23040.0000000000	-23040.0000000000	2372	2388	2373	2389
74	19	-152480.0000000000	-152480.0000000000	2372	2388	2375	2391
74	20	-104480.0000000000	-104480.0000000000	2372	2388	2377	2393
74	21	-4320.0000000000	-4320.0000000000	2372	2388	2379	2395
74	22	171680.0000000000	171680.0000000000	2372	2388	2381	2397
74	23	24960.0000000000	24960.0000000000	2372	2388	2383	2399
74	24	105465.0000000000	105465.0000000000	2374	2390	2369	2385
74	25	311055.0000000000	311055.0000000000	2374	2390	2371	2387
74	26	38448.0000000000	38448.0000000000	2374	2390	2373	2389
74	27	254451.0000000000	254451.0000000000	2374	2390	2375	2391
74	28	174351.0000000000	174351.0000000000	2374	2390	2377	2393
74	29	7209.0000000000	7209.0000000000	2374	2390	2379	2395
74	30	-286491.0000000000	-286491.0000000000	2374	2390	2381	2397
74	31	-41652.0000000000	-41652.0000000000	2374	2390	2383	2399
74	32	-28440.0000000000	-28440.0000000000	2376	2392	2369	2385
74	33	-83880.0000000000	-83880.0000000000	2376	2392	2371	2387
74	34	-10368.0000000000	-10368.0000000000	2376	2392	2373	2389
74	35	-68616.0000000000	-68616.0000000000	2376	2392	2375	2391
74	36	-47016.0000000000	-47016.0000000000	2376	2392	2377	2393
74	37	-1944.0000000000	-1944.0000000000	2376	2392	2379	2395
74	38	77256.0000000000	77256.0000000000	2376	2392	2381	2397
74	39	11232.0000000000	11232.0000000000	2376	2392	2383	2399
74	40	-154445.0000000000	-154445.0000000000	2378	2394	2369	2385
74	41	-455515.0000000000	-455515.0000000000	2378	2394	2371	2387
74	42	-56304.0000000000	-56304.0000000000	2378	2394	2373	2389
74	43	-372623.0000000000	-372623.0000000000	2378	2394	2375	2391
74	44	-255323.0000000000	-255323.0000000000	2378	2394	2377	2393
74	45	-10557.0000000000	-10557.0000000000	2378	2394	2379	2395
74	46	419543.0000000000	419543.0000000000	2378	2394	2381	2397
74	47	60996.0000000000	60996.0000000000	2378	2394	2383	2399
74	48	289140.0000000000	289140.0000000000	2380	2396	2369	2385
74	49	852780.0000000000	852780.0000000000	2380	2396	2371	2387
74	50	105408.0000000000	105408.0000000000	2380	2396	2373	2389
74	51	697596.0000000000	697596.0000000000	2380	2396	2375	2391
74	52	477996.0000000000	477996.0000000000	2380	2396	2377	2393
74	53	19764.0000000000	19764.0000000000	2380	2396	2379	2395
74	54	-785436.0000000000	-785436.0000000000	2380	2396	2381	2397
74	55	-114192.0000000000	-114192.0000000000	2380	2396	2383	2399
74	56	68335.0000000000	68335.0000000000	2382	2398	2369	2385
74	57	201545.0000000000	201545.0000000000	2382	2398	2371	2387
74	58	24912.0000000000	24912.0000000000	2382	2398	2373	2389
74	59	164869.0000000000	164869.0000000000	2382	2398	2375	2391
74	60	112969.0000000000	112969.0000000000	2382	2398	2377	2393
74	61	4671.0000000000	4671.0000000000	2382	2398	2379	2395
74	62	-185629.0000000000	-185629.0000000000	2382	2398	2381	2397
74	63	-26988.0000000000	-26988.0000000000	2382	2398	2383	2399
75	0	-117898.0000000000	-117898.0000000000	2400	2416	2401	2417
75	1	-72230.0000000000	-72230.0000000000	2400	2416	2403	2419
75	2	86210.0000000000	86210.0000000000	2400	2416	2405	2421
75	3	699.0000000000	699.0000000000	2400	2416	2407	2423
75	4	90870.0000000000	90870.0000000000	2400	2416	2409	2425
75	5	-253038.0000000000	-253038.0000000000	2400	2416	2411	2427
75	6	-128150.0000000000	-128150.0000000000	2400	2416	2413	2429
75	7	-63842.0000000000	-63842.0000000000	2400	2416	2415	2431
75	8	246928.0000000000	246928.0000000000	2402	2418	2401	2417
75	9	151280.0000000000	151280.0000000000	2402	2418	2403	2419
75	10	-180560.0000000000	-180560.0000000000	2402	2418	2405	2421
75	11	-1464.0000000000	-1464.0000000000	2402	2418	2407	2423
75	12	-190320.0000000000	-190320.0000000000	2402	2418	2409	2425
75	13	529968.0000000000	529968.0000000000	2402	2418	2411	2427
75	14	268400.0000000000	268400.0000000000	2402	2418	2413	2429
75	15	133712.0000000000	133712.0000000000	2402	2418	2415	2431
75	16	-97152.0000000000	-97152.0000000000	2404	2420	2401	2417
75	17	-59520.0000000000	-59520.0000000000	2404	2420	2403	2419
75	18	71040.0000000000	71040.0000000000	2404	2420	2405	2421
75	19	576.0000000000	576.0000000000	2404	2420	2407	2423
75	20	74880.0000000000	74880.0000000000	2404	2420	2409	2425
75	21	-208512.0000000000	-208512.0000000000	2404	2420	2411	2427
75	22	-105600.0000000000	-105600.0000000000	2404	2420	2413	2429
75	23	-52608.0000000000	-52608.0000000000	2404	2420	2415	2431
75	24	12144.0000000000	12144.0000000000	2406	2422	2401	2417
75	25	7440.0000000000	7440.0000000000	2406	2422	2403	2419
75	26	-8880.0000000000	-8880.0000000000	2406	2422	2405	2421
75	27	-72.0000000000	-72.0000000000	2406	2422	2407	2423
75	28	-9360.0000000000	-9360.0000000000	2406	2422	2409	2425
75	29	26064.0000000000	26064.0000000000	2406	2422	2411	2427
75	30	13200.0000000000	13200.0000000000	2406	2422	2413	2429
75	31	6576.0000000000	6576.0000000000	2406	2422	2415	2431
75	32	130042.0000000000	130042.0000000000	2408	2424	2401	2417
75	33	79670.0000000000	79670.0000000000	2408	2424	2403	2419
75	34	-95090.0000000000	-95090.0000000000	2408	2424	2405	2421
75	35	-771.0000000000	-771.0000000000	2408	2424	2407	2423
75	36	-100230.0000000000	-100230.0000000000	2408	2424	2409	2425
75	37	279102.0000000000	279102.0000000000	2408	2424	2411	2427
75	38	141350.0000000000	141350.0000000000	2408	2424	2413	2429
75	39	70418.0000000000	70418.0000000000	2408	2424	2415	2431
75	40	182666.0000000000	182666.0000000000	2410	2426	2401	2417
75	41	111910.0000000000	111910.0000000000	2410	2426	2403	2419
75	42	-133570.0000000000	-133570.0000000000	2410	2426	2405	2421
75	43	-1083.0000000000	-1083.0000000000	2410	2426	2407	2423
75	44	-140790.0000000000	-140790.0000000000	2410	2426	2409	2425
75	45	392046.0000000000	392046.0000000000	2410	2426	2411	2427
75	46	198550.0000000000	198550.0000000000	2410	2426	2413	2429
75	47	98914.0000000000	98914.0000000000	2410	2426	2415	2431
75	48	-72864.0000000000	-72864.0000000000	2412	2428	2401	2417
75	49	-44640.0000000000	-44640.0000000000	2412	2428	2403	2419
75	50	53280.0000000000	53280.0000000000	2412	2428	2405	2421
75	51	432.0000000000	432.0000000000	2412	2428	2407	2423
75	52	56160.0000000000	56160.0000000000	2412	2428	2409	2425
75	53	-156384.0000000000	-156384.0000000000	2412	2428	2411	2427
75	54	-79200.0000000000	-79200.0000000000	2412	2428	2413	2429
75	55	-39456.0000000000	-39456.0000000000	2412	2428	2415	2431
75	56	-9614.0000000000	-9614.0000000000	2414	2430	2401	2417
75	57	-5890.0000000000	-5890.0000000000	2414	2430	2403	2419
75	58	7030.0000000000	7030.0000000000	2414	2430	2405	2421
75	59	57.0000000000	57.0000000000	2414	2430	2407	2423
75	60	7410.0000000000	7410.0000000000	2414	2430	2409	2425
75	61	-20634.0000000000	-20634.0000000000	2414	2430	2411	2427
75	62	-10450.0000000000	-10450.0000000000	2414	2430	2413	2429
75	63	-5206.0000000000	-5206.0000000000	2414	2430	2415	2431
76	0	-262480.0000000000	-262480.0000000000	2432	2448	2433	2449
76	1	-82960.0000000000	-82960.0000000000	2432	2448	2435	2451
76	2	-119680.0000000000	-119680.0000000000	2432	2448	2437	2453
76	3	-193120.0000000000	-193120.0000000000	2432	2448	2439	2455
76	4	-141780.0000000000	-141780.0000000000	2432	2448	2441	2457
76	5	-61540.0000000000	-61540.0000000000	2432	2448	2443	2459
76	6	0.0000000000	0.0000000000	2432	2448	2445	2461
76	7	77520.0000000000	77520.0000000000	2432	2448	2447	2463
76	8	-3088.0000000000	-3088.0000000000	2434	2450	2433	2449
76	9	-976.0000000000	-976.0000000000	2434	2450	2435	2451
76	10	-1408.0000000000	-1408.0000000000	2434	2450	2437	2453
76	11	-2272.0000000000	-2272.0000000000	2434	2450	2439	2455
76	12	-1668.0000000000	-1668.0000000000	2434	2450	2441	2457
76	13	-724.0000000000	-724.0000000000	2434	2450	2443	2459
76	14	0.0000000000	0.0000000000	2434	2450	2445	2461
76	15	912.0000000000	912.0000000000	2434	2450	2447	2463
76	16	466288.0000000000	466288.0000000000	2436	2452	2433	2449
76	17	147376.0000000000	147376.0000000000	2436	2452	2435	2451
76	18	212608.0000000000	212608.0000000000	2436	2452	2437	2453
76	19	343072.0000000000	343072.0000000000	2436	2452	2439	2455
76	20	251868.0000000000	251868.0000000000	2436	2452	2441	2457
76	21	109324.0000000000	109324.0000000000	2436	2452	2443	2459
76	22	-0.0000000000	-0.0000000000	2436	2452	2445	2461
76	23	-137712.0000000000	-137712.0000000000	2436	2452	2447	2463
76	24	127380.0000000000	127380.0000000000	2438	2454	2433	2449
76	25	40260.0000000000	40260.0000000000	2438	2454	2435	2451
76	26	58080.0000000000	58080.0000000000	2438	2454	2437	2453
76	27	93720.0000000000	93720.0000000000	2438	2454	2439	2455
76	28	68805.0000000000	68805.0000000000	2438	2454	2441	2457
76	29	29865.0000000000	29865.0000000000	2438	2454	2443	2459
76	30	-0.0000000000	-0.0000000000	2438	2454	2445	2461
76	31	-37620.0000000000	-37620.0000000000	2438	2454	2447	2463
76	32	37056.0000000000	37056.0000000000	2440	2456	2433	2449
76	33	11712.0000000000	11712.0000000000	2440	2456	2435	2451
76	34	16896.0000000000	16896.0000000000	2440	2456	2437	2453
76	35	27264.0000000000	27264.0000000000	2440	2456	2439	2455
76	36	20016.0000000000	20016.0000000000	2440	2456	2441	2457
76	37	8688.0000000000	8688.0000000000	2440	2456	2443	2459
76	38	-0.0000000000	-0.0000000000	2440	2456	2445	2461
76	39	-10944.0000000000	-10944.0000000000	2440	2456	2447	2463
76	40	-518784.0000000000	-518784.0000000000	2442	2458	2433	2449
76	41	-163968.0000000000	-163968.0000000000	2442	2458	2435	2451
76	42	-236544.0000000000	-236544.0000000000	2442	2458	2437	2453
76	43	-381696.0000000000	-381696.0000000000	2442	2458	2439	2455
76	44	-280224.0000000000	-280224.0000000000	2442	2458	2441	2457
76	45	-121632.0000000000	-121632.0000000000	2442	2458	2443	2459
76	46	0.0000000000	0.0000000000	2442	2458	2445	2461
76	47	153216.0000000000	153216.0000000000	2442	2458	2447	2463
76	48	-83376.0000000000	-83376.0000000000	2444	2460	2433	2449
76	49	-26352.0000000000	-26352.0000000000	2444	2460	2435	2451
76	50	-38016.0000000000	-38016.0000000000	2444	2460	2437	2453
76	51	-61344.0000000000	-61344.0000000000	2444	2460	2439	2455
76	52	-45036.0000000000	-45036.0000000000	2444	2460	2441	2457
76	53	-19548.0000000000	-19548.0000000000	2444	2460	2443	2459
76	54	0.0000000000	0.0000000000	2444	2460	2445	2461
76	55	24624.0000000000	24624.0000000000	2444	2460	2447	2463
76	56	662376.0000000000	662376.0000000000	2446	2462	2433	2449
76	57	209352.0000000000	209352.0000000000	2446	2462	2435	2451
76	58	302016.0000000000	302016.0000000000	2446	2462	2437	2453
76	59	487344.0000000000	487344.0000000000	2446	2462	2439	2455
76	60	357786.0000000000	357786.0000000000	2446	2462	2441	2457
76	61	155298.0000000000	155298.0000000000	2446	2462	2443	2459
76	62	-0.0000000000	-0.0000000000	2446	2462	2445	2461
76	63	-195624.0000000000	-195624.0000000000	2446	2462	2447	2463
77	0	-9360.0000000000	-9360.0000000000	2464	2480	2465	2481
77	1	-880.0000000000	-880.0000000000	2464	2480	2467	2483
77	2	66640.0000000000	66640.0000000000	2464	2480	2469	2485
77	3	108640.0000000000	108640.0000000000	2464	2480	2471	2487
77	4	43440.0000000000	43440.0000000000	2464	2480	2473	2489
77	5	-53920.0000000000	-53920.0000000000	2464	2480	2475	2491
77	6	-72720.0000000000	-72720.0000000000	2464	2480	2477	2493
77	7	-88400.0000000000	-88400.0000000000	2464	2480	2479	2495
77	8	-57330.0000000000	-57330.0000000000	2466	2482	2465	2481
77	9	-5390.0000000000	-5390.0000000000	2466	2482	2467	2483
77	10	408170.0000000000	408170.0000000000	2466	2482	2469	2485
77	11	665420.0000000000	665420.0000000000	2466	2482	2471	2487
77	12	266070.0000000000	266070.0000000000	2466	2482	2473	2489
77	13	-330260.0000000000	-330260.0000000000	2466	2482	2475	2491
77	14	-445410.0000000000	-445410.0000000000	2466	2482	2477	2493
77	15	-541450.0000000000	-541450.0000000000	2466	2482	2479	2495
77	16	-8892.0000000000	-8892.0000000000	2468	2484	2465	2481
77	17	-836.0000000000	-836.0000000000	2468	2484	2467	2483
77	18	63308.0000000000	63308.0000000000	2468	2484	2469	2485
77	19	103208.0000000000	103208.0000000000	2468	2484	2471	2487
77	20	41268.0000000000	41268.0000000000	2468	2484	2473	2489
77	21	-51224.0000000000	-51224.0000000000	2468	2484	2475	2491
77	22	-69084.0000000000	-69084.0000000000	2468	2484	2477	2493
77	23	-83980.0000000000	-83980.0000000000	2468	2484	2479	2495
77	24	80730.0000000000	80730.0000000000	2470	2486	2465	2481
77	25	7590.0000000000	7590.0000000000	2470	2486	2467	2483
77	26	-574770.0000000000	-574770.0000000000	2470	2486	2469	2485
77	27	-937020.0000000000	-937020.0000000000	2470	2486	2471	2487
77	28	-374670.0000000000	-374670.0000000000	2470	2486	2473	2489
77	29	465060.0000000000	465060.0000000000	2470	2486	2475	2491
77	30	627210.0000000000	627210.0000000000	2470	2486	2477	2493
77	31	762450.0000000000	762450.0000000000	2470	2486	2479	2495
77	32	34281.0000000000	34281.0000000000	2472	2488	2465	2481
77	33	3223.0000000000	3223.0000000000	2472	2488	2467	2483
77	34	-244069.0000000000	-244069.0000000000	2472	2488	2469	2485
77	35	-397894.0000000000	-397894.0000000000	2472	2488	2471	2487
77	36	-159099.0000000000	-159099.0000000000	2472	2488	2473	2489
77	37	197482.0000000000	197482.0000000000	2472	2488	2475	2491
77	38	266337.0000000000	266337.0000000000	2472	2488	2477	2493
77	39	323765.0000000000	323765.0000000000	2472	2488	2479	2495
77	40	-54756.0000000000	-54756.0000000000	2474	2490	2465	2481
77	41	-5148.0000000000	-5148.0000000000	2474	2490	2467	2483
77	42	389844.0000000000	389844.0000000000	2474	2490	2469	2485
77	43	635544.0000000000	635544.0000000000	2474	2490	2471	2487
77	44	254124.0000000000	254124.0000000000	2474	2490	2473	2489
77	45	-315432.0000000000	-315432.0000000000	2474	2490	2475	2491
77	46	-425412.0000000000	-425412.0000000000	2474	2490	2477	2493
77	47	-517140.0000000000	-517140.0000000000	2474	2490	2479	2495
77	48	-54288.0000000000	-54288.0000000000	2476	2492	2465	2481
77	49	-5104.0000000000	-5104.0000000000	2476	2492	2467	2483
77	50	386512.0000000000	386512.0000000000	2476	2492	2469	2485
77	51	630112.0000000000	630112.0000000000	2476	2492	2471	2487
77	52	251952.0000000000	251952.0000000000	2476	2492	2473	2489
77	53	-312736.0000000000	-312736.0000000000	2476	2492	2475	2491
77	54	-421776.0000000000	-421776.0000000000	2476	2492	2477	2493
77	55	-512720.0000000000	-512720.0000000000	2476	2492	2479	2495
77	56	-23985.0000000000	-23985.0000000000	2478	2494	2465	2481
77	57	-2255.0000000000	-2255.0000000000	2478	2494	2467	2483
77	58	170765.0000000000	170765.0000000000	2478	2494	2469	2485
77	59	278390.0000000000	278390.0000000000	2478	2494	2471	2487
77	60	111315.0000000000	111315.0000000000	2478	2494	2473	2489
77	61	-138170.0000000000	-138170.0000000000	2478	2494	2475	2491
77	62	-186345.0000000000	-186345.0000000000	2478	2494	2477	2493
77	63	-226525.0000000000	-226525.0000000000	2478	2494	2479	2495
78	0	-15225.0000000000	-15225.0000000000	2496	2512	2497	2513
78	1	-2325.0000000000	-2325.0000000000	2496	2512	2499	2515
78	2	11900.0000000000	11900.0000000000	2496	2512	2501	2517
78	3	20600.0000000000	20600.0000000000	2496	2512	2503	2519
78	4	8075.0000000000	8075.0000000000	2496	2512	2505	2521
78	5	12125.0000000000	12125.0000000000	2496	2512	2507	2523
78	6	17175.0000000000	17175.0000000000	2496	2512	2509	2525
78	7	10525.0000000000	10525.0000000000	2496	2512	2511	2527
78	8	330687.0000000000	330687.0000000000	2498	2514	2497	2513
78	9	50499.0000000000	50499.0000000000	2498	2514	2499	2515
78	10	-258468.0000000000	-258468.0000000000	2498	2514	2501	2517
78	11	-447432.0000000000	-447432.0000000000	2498	2514	2503	2519
78	12	-175389.0000000000	-175389.0000000000	2498	2514	2505	2521
78	13	-263355.0000000000	-263355.0000000000	2498	2514	2507	2523
78	14	-373041.0000000000	-373041.0000000000	2498	2514	2509	2525
78	15	-228603.0000000000	-228603.0000000000	2498	2514	2511	2527
78	16	-68208.0000000000	-68208.0000000000	2500	2516	2497	2513
78	17	-10416.0000000000	-10416.0000000000	2500	2516	2499	2515
78	18	53312.0000000000	53312.0000000000	2500	2516	2501	2517
78	19	92288.0000000000	92288.0000000000	2500	2516	2503	2519
78	20	36176.0000000000	36176.0000000000	2500	2516	2505	2521
78	21	54320.0000000000	54320.0000000000	2500	2516	2507	2523
78	22	76944.0000000000	76944.0000000000	2500	2516	2509	2525
78	23	47152.0000000000	47152.0000000000	2500	2516	2511	2527
78	24	300237.0000000000	300237.0000000000	2502	2518	2497	2513
78	25	45849.0000000000	45849.0000000000	2502	2518	2499	2515
78	26	-234668.0000000000	-234668.0000000000	2502	2518	2501	2517
78	27	-406232.0000000000	-406232.0000000000	2502	2518	2503	2519
78	28	-159239.0000000000	-159239.0000000000	2502	2518	2505	2521
78	29	-239105.0000000000	-239105.0000000000	2502	2518	2507	2523
78	30	-338691.0000000000	-338691.0000000000	2502	2518	2509	2525
78	31	-207553.0000000000	-207553.0000000000	2502	2518	2511	2527
78	32	747852.0000000000	747852.0000000000	2504	2520	2497	2513
78	33	114204.0000000000	114204.0000000000	2504	2520	2499	2515
78	34	-584528.0000000000	-584528.0000000000	2504	2520	2501	2517
78	35	-1011872.0000000000	-1011872.0000000000	2504	2520	2503	2519
78	36	-396644.0000000000	-396644.0000000000	2504	2520	2505	2521
78	37	-595580.0000000000	-595580.0000000000	2504	2520	2507	2523
78	38	-843636.0000000000	-843636.0000000000	2504	2520	2509	2525
78	39	-516988.0000000000	-516988.0000000000	2504	2520	2511	2527
78	40	80388.0000000000	80388.0000000000	2506	2522	2497	2513
78	41	12276.0000000000	12276.0000000000	2506	2522	2499	2515
78	42	-62832.0000000000	-62832.0000000000	2506	2522	2501	2517
78	43	-108768.0000000000	-108768.0000000000	2506	2522	2503	2519
78	44	-42636.0000000000	-42636.0000000000	2506	2522	2505	2521
78	45	-64020.0000000000	-64020.0000000000	2506	2522	2507	2523
78	46	-90684.0000000000	-90684.0000000000	2506	2522	2509	2525
78	47	-55572.0000000000	-55572.0000000000	2506	2522	2511	2527
78	48	-823368.0000000000	-823368.0000000000	2508	2524	2497	2513
78	49	-125736.0000000000	-125736.0000000000	2508	2524	2499	2515
78	50	643552.0000000000	643552.0000000000	2508	2524	2501	2517
78	51	1114048.0000000000	1114048.0000000000	2508	2524	2503	2519
78	52	436696.0000000000	436696.0000000000	2508	2524	2505	2521
78	53	655720.0000000000	655720.0000000000	2508	2524	2507	2523
78	54	928824.0000000000	928824.0000000000	2508	2524	2509	2525
78	55	569192.0000000000	569192.0000000000	2508	2524	2511	2527
78	56	-310590.0000000000	-310590.0000000000	2510	2526	2497	2513
78	57	-47430.0000000000	-47430.0000000000	2510	2526	2499	2515
78	58	242760.0000000000	242760.0000000000	2510	2526	2501	2517
78	59	420240.0000000000	420240.0000000000	2510	2526	2503	2519
78	60	164730.0000000000	164730.0000000000	2510	2526	2505	2521
78	61	247350.0000000000	247350.0000000000	2510	2526	2507	2523
78	62	350370.0000000000	350370.0000000000	2510	2526	2509	2525
78	63	214710.0000000000	214710.0000000000	2510	2526	2511	2527
79	0	-73914.0000000000	-73914.0000000000	2528	2544	2529	2545
79	1	-54102.0000000000	-54102.0000000000	2528	2544	2531	2547
79	2	104648.0000000000	104648.0000000000	2528	2544	2533	2549
79	3	242824.0000000000	242824.0000000000	2528	2544	2535	2551
79	4	-24130.0000000000	-24130.0000000000	2528	2544	2537	2553
79	5	150368.0000000000	150368.0000000000	2528	2544	2539	2555
79	6	164592.0000000000	164592.0000000000	2528	2544	2541	2557
79	7	102616.0000000000	102616.0000000000	2528	2544	2543	2559
79	8	-406527.0000000000	-406527.0000000000	2530	2546	2529	2545
79	9	-297561.0000000000	-297561.0000000000	2530	2546	2531	2547
79	10	575564.0000000000	575564.0000000000	2530	2546	2533	2549
79	11	1335532.0000000000	1335532.0000000000	2530	2546	2535	2551
79	12	-132715.0000000000	-132715.0000000000	2530	2546	2537	2553
79	13	827024.0000000000	827024.0000000000	2530	2546	2539	2555
79	14	905256.0000000000	905256.0000000000	2530	2546	2541	2557
79	15	564388.0000000000	564388.0000000000	2530	2546	2543	2559
79	16	-215340.0000000000	-215340.0000000000	2532	2548	2529	2545
79	17	-157620.0000000000	-157620.0000000000	2532	2548	2531	2547
79	18	304880.0000000000	304880.0000000000	2532	2548	2533	2549
79	19	707440.0000000000	707440.0000000000	2532	2548	2535	2551
79	20	-70300.0000000000	-70300.0000000000	2532	2548	2537	2553
79	21	438080.0000000000	438080.0000000000	2532	2548	2539	2555
79	22	479520.0000000000	479520.0000000000	2532	2548	2541	2557
79	23	298960.0000000000	298960.0000000000	2532	2548	2543	2559
79	24	94866.0000000000	94866.0000000000	2534	2550	2529	2545
79	25	69438.0000000000	69438.0000000000	2534	2550	2531	2547
79	26	-134312.0000000000	-134312.0000000000	2534	2550	2533	2549
79	27	-311656.0000000000	-311656.0000000000	2534	2550	2535	2551
79	28	30970.0000000000	30970.0000000000	2534	2550	2537	2553
79	29	-192992.0000000000	-192992.0000000000	2534	2550	2539	2555
79	30	-211248.0000000000	-211248.0000000000	2534	2550	2541	2557
79	31	-131704.0000000000	-131704.0000000000	2534	2550	2543	2559
79	32	277032.0000000000	277032.0000000000	2536	2552	2529	2545
79	33	202776.0000000000	202776.0000000000	2536	2552	2531	2547
79	34	-392224.0000000000	-392224.0000000000	2536	2552	2533	2549
79	35	-910112.0000000000	-910112.0000000000	2536	2552	2535	2551
79	36	90440.0000000000	90440.0000000000	2536	2552	2537	2553
79	37	-563584.0000000000	-563584.0000000000	2536	2552	2539	2555
79	38	-616896.0000000000	-616896.0000000000	2536	2552	2541	2557
79	39	-384608.0000000000	-384608.0000000000	2536	2552	2543	2559
79	40	196425.0000000000	196425.0000000000	2538	2554	2529	2545
79	41	143775.0000000000	143775.0000000000	2538	2554	2531	2547
79	42	-278100.0000000000	-278100.0000000000	2538	2554	2533	2549
79	43	-645300.0000000000	-645300.0000000000	2538	2554	2535	2551
79	44	64125.0000000000	64125.0000000000	2538	2554	2537	2553
79	45	-399600.0000000000	-399600.0000000000	2538	2554	2539	2555
79	46	-437400.0000000000	-437400.0000000000	2538	2554	2541	2557
79	47	-272700.0000000000	-272700.0000000000	2538	2554	2543	2559
79	48	186240.0000000000	186240.0000000000	2540	2556	2529	2545
79	49	136320.0000000000	136320.0000000000	2540	2556	2531	2547
79	50	-263680.0000000000	-263680.0000000000	2540	2556	2533	2549
79	51	-611840.0000000000	-611840.0000000000	2540	2556	2535	2551
79	52	60800.0000000000	60800.0000000000	2540	2556	2537	2553
79	53	-378880.0000000000	-378880.0000000000	2540	2556	2539	2555
79	54	-414720.0000000000	-414720.0000000000	2540	2556	2541	2557
79	55	-258560.0000000000	-258560.0000000000	2540	2556	2543	2559
79	56	124548.0000000000	124548.0000000000	2542	2558	2529	2545
79	57	91164.0000000000	91164.0000000000	2542	2558	2531	2547
79	58	-176336.0000000000	-176336.0000000000	2542	2558	2533	2549
79	59	-409168.0000000000	-409168.0000000000	2542	2558	2535	2551
79	60	40660.0000000000	40660.0000000000	2542	2558	2537	2553
79	61	-253376.0000000000	-253376.0000000000	2542	2558	2539	2555
79	62	-277344.0000000000	-277344.0000000000	2542	2558	2541	2557
79	63	-172912.0000000000	-172912.0000000000	2542	2558	2543	2559
80	0	204920.0000000000	204920.0000000000	2560	2576	2561	2577
80	1	180245.0000000000	180245.0000000000	2560	2576	2563	2579
80	2	44415.0000000000	44415.0000000000	2560	2576	2565	2581
80	3	-179540.0000000000	-179540.0000000000	2560	2576	2567	2583
80	4	-166145.0000000000	-166145.0000000000	2560	2576	2569	2585
80	5	-191525.0000000000	-191525.0000000000	2560	2576	2571	2587
80	6	-2585.0000000000	-2585.0000000000	2560	2576	2573	2589
80	7	222075.0000000000	222075.0000000000	2560	2576	2575	2591
80	8	109000.0000000000	109000.0000000000	2562	2578	2561	2577
80	9	95875.0000000000	95875.0000000000	2562	2578	2563	2579
80	10	23625.0000000000	23625.0000000000	2562	2578	2565	2581
80	11	-95500.0000000000	-95500.0000000000	2562	2578	2567	2583
80	12	-88375.0000000000	-88375.0000000000	2562	2578	2569	2585
80	13	-101875.0000000000	-101875.0000000000	2562	2578	2571	2587
80	14	-1375.0000000000	-1375.0000000000	2562	2578	2573	2589
80	15	118125.0000000000	118125.0000000000	2562	2578	2575	2591
80	16	341824.0000000000	341824.0000000000	2564	2580	2561	2577
80	17	300664.0000000000	300664.0000000000	2564	2580	2563	2579
80	18	74088.0000000000	74088.0000000000	2564	2580	2565	2581
80	19	-299488.0000000000	-299488.0000000000	2564	2580	2567	2583
80	20	-277144.0000000000	-277144.0000000000	2564	2580	2569	2585
80	21	-319480.0000000000	-319480.0000000000	2564	2580	2571	2587
80	22	-4312.0000000000	-4312.0000000000	2564	2580	2573	2589
80	23	370440.0000000000	370440.0000000000	2564	2580	2575	2591
80	24	458672.0000000000	458672.0000000000	2566	2582	2561	2577
80	25	403442.0000000000	403442.0000000000	2566	2582	2563	2579
80	26	99414.0000000000	99414.0000000000	2566	2582	2565	2581
80	27	-401864.0000000000	-401864.0000000000	2566	2582	2567	2583
80	28	-371882.0000000000	-371882.0000000000	2566	2582	2569	2585
80	29	-428690.0000000000	-428690.0000000000	2566	2582	2571	2587
80	30	-5786.0000000000	-5786.0000000000	2566	2582	2573	2589
80	31	497070.0000000000	497070.0000000000	2566	2582	2575	2591
80	32	305200.0000000000	305200.0000000000	2568	2584	2561	2577
80	33	268450.0000000000	268450.0000000000	2568	2584	2563	2579
80	34	66150.0000000000	66150.0000000000	2568	2584	2565	2581
80	35	-267400.0000000000	-267400.0000000000	2568	2584	2567	2583
80	36	-247450.0000000000	-247450.0000000000	2568	2584	2569	2585
80	37	-285250.0000000000	-285250.0000000000	2568	2584	2571	2587
80	38	-3850.0000000000	-3850.0000000000	2568	2584	2573	2589
80	39	330750.0000000000	330750.0000000000	2568	2584	2575	2591
80	40	773464.0000000000	773464.0000000000	2570	2586	2561	2577
80	41	680329.0000000000	680329.0000000000	2570	2586	2563	2579
80	42	167643.0000000000	167643.0000000000	2570	2586	2565	2581
80	43	-677668.0000000000	-677668.0000000000	2570	2586	2567	2583
80	44	-627109.0000000000	-627109.0000000000	2570	2586	2569	2585
80	45	-722905.0000000000	-722905.0000000000	2570	2586	2571	2587
80	46	-9757.0000000000	-9757.0000000000	2570	2586	2573	2589
80	47	838215.0000000000	838215.0000000000	2570	2586	2575	2591
80	48	-83712.0000000000	-83712.0000000000	2572	2588	2561	2577
80	49	-73632.0000000000	-73632.0000000000	2572	2588	2563	2579
80	50	-18144.0000000000	-18144.0000000000	2572	2588	2565	2581
80	51	73344.0000000000	73344.0000000000	2572	2588	2567	2583
80	52	67872.0000000000	67872.0000000000	2572	2588	2569	2585
80	53	78240.0000000000	78240.0000000000	2572	2588	2571	2587
80	54	1056.0000000000	1056.0000000000	2572	2588	2573	2589
80	55	-90720.0000000000	-90720.0000000000	2572	2588	2575	2591
80	56	5232.0000000000	5232.0000000000	2574	2590	2561	2577
80	57	4602.0000000000	4602.0000000000	2574	2590	2563	2579
80	58	1134.0000000000	1134.0000000000	2574	2590	2565	2581
80	59	-4584.0000000000	-4584.0000000000	2574	2590	2567	2583
80	60	-4242.0000000000	-4242.0000000000	2574	2590	2569	2585
80	61	-4890.0000000000	-4890.0000000000	2574	2590	2571	2587
80	62	-66.0000000000	-66.0000000000	2574	2590	2573	2589
80	63	5670.0000000000	5670.0000000000	2574	2590	2575	2591
81	0	-803928.0000000000	-803928.0000000000	2592	2608	2593	2609
81	1	-155472.0000000000	-155472.0000000000	2592	2608	2595	2611
81	2	-912168.0000000000	-912168.0000000000	2592	2608	2597	2613
81	3	-1781040.0000000000	-1781040.0000000000	2592	2608	2599	2615
81	4	-1340208.0000000000	-1340208.0000000000	2592	2608	2601	2617
81	5	-1127664.0000000000	-1127664.0000000000	2592	2608	2603	2619
81	6	-64944.0000000000	-64944.0000000000	2592	2608	2605	2621
81	7	1217208.0000000000	1217208.0000000000	2592	2608	2607	2623
81	8	-794124.0000000000	-794124.0000000000	2594	2610	2593	2609
81	9	-153576.0000000000	-153576.0000000000	2594	2610	2595	2611
81	10	-901044.0000000000	-901044.0000000000	2594	2610	2597	2613
81	11	-1759320.0000000000	-1759320.0000000000	2594	2610	2599	2615
81	12	-1323864.0000000000	-1323864.0000000000	2594	2610	2601	2617
81	13	-1113912.0000000000	-1113912.0000000000	2594	2610	2603	2619
81	14	-64152.0000000000	-64152.0000000000	2594	2610	2605	2621
81	15	1202364.0000000000	1202364.0000000000	2594	2610	2607	2623
81	16	-267976.0000000000	-267976.0000000000	2596	2612	2593	2609
81	17	-51824.0000000000	-51824.0000000000	2596	2612	2595	2611
81	18	-304056.0000000000	-304056.0000000000	2596	2612	2597	2613
81	19	-593680.0000000000	-593680.0000000000	2596	2612	2599	2615
81	20	-446736.0000000000	-446736.0000000000	2596	2612	2601	2617
81	21	-375888.0000000000	-375888.0000000000	2596	2612	2603	2619
81	22	-21648.0000000000	-21648.0000000000	2596	2612	2605	2621
81	23	405736.0000000000	405736.0000000000	2596	2612	2607	2623
81	24	218956.0000000000	218956.0000000000	2598	2614	2593	2609
81	25	42344.0000000000	42344.0000000000	2598	2614	2595	2611
81	26	248436.0000000000	248436.0000000000	2598	2614	2597	2613
81	27	485080.0000000000	485080.0000000000	2598	2614	2599	2615
81	28	365016.0000000000	365016.0000000000	2598	2614	2601	2617
81	29	307128.0000000000	307128.0000000000	2598	2614	2603	2619
81	30	17688.0000000000	17688.0000000000	2598	2614	2605	2621
81	31	-331516.0000000000	-331516.0000000000	2598	2614	2607	2623
81	32	-140524.0000000000	-140524.0000000000	2600	2616	2593	2609
81	33	-27176.0000000000	-27176.0000000000	2600	2616	2595	2611
81	34	-159444.0000000000	-159444.0000000000	2600	2616	2597	2613
81	35	-311320.0000000000	-311320.0000000000	2600	2616	2599	2615
81	36	-234264.0000000000	-234264.0000000000	2600	2616	2601	2617
81	37	-197112.0000000000	-197112.0000000000	2600	2616	2603	2619
81	38	-11352.0000000000	-11352.0000000000	2600	2616	2605	2621
81	39	212764.0000000000	212764.0000000000	2600	2616	2607	2623
81	40	299839.0000000000	299839.0000000000	2602	2618	2593	2609
81	41	57986.0000000000	57986.0000000000	2602	2618	2595	2611
81	42	340209.0000000000	340209.0000000000	2602	2618	2597	2613
81	43	664270.0000000000	664270.0000000000	2602	2618	2599	2615
81	44	499854.0000000000	499854.0000000000	2602	2618	2601	2617
81	45	420582.0000000000	420582.0000000000	2602	2618	2603	2619
81	46	24222.0000000000	24222.0000000000	2602	2618	2605	2621
81	47	-453979.0000000000	-453979.0000000000	2602	2618	2607	2623
81	48	728764.0000000000	728764.0000000000	2604	2620	2593	2609
81	49	140936.0000000000	140936.0000000000	2604	2620	2595	2611
81	50	826884.0000000000	826884.0000000000	2604	2620	2597	2613
81	51	1614520.0000000000	1614520.0000000000	2604	2620	2599	2615
81	52	1214904.0000000000	1214904.0000000000	2604	2620	2601	2617
81	53	1022232.0000000000	1022232.0000000000	2604	2620	2603	2619
81	54	58872.0000000000	58872.0000000000	2604	2620	2605	2621
81	55	-1103404.0000000000	-1103404.0000000000	2604	2620	2607	2623
81	56	152779.0000000000	152779.0000000000	2606	2622	2593	2609
81	57	29546.0000000000	29546.0000000000	2606	2622	2595	2611
81	58	173349.0000000000	173349.0000000000	2606	2622	2597	2613
81	59	338470.0000000000	338470.0000000000	2606	2622	2599	2615
81	60	254694.0000000000	254694.0000000000	2606	2622	2601	2617
81	61	214302.0000000000	214302.0000000000	2606	2622	2603	2619
81	62	12342.0000000000	12342.0000000000	2606	2622	2605	2621
81	63	-231319.0000000000	-231319.0000000000	2606	2622	2607	2623
82	0	-100868.0000000000	-100868.0000000000	2624	2640	2625	2641
82	1	-84168.0000000000	-84168.0000000000	2624	2640	2627	2643
82	2	-7181.0000000000	-7181.0000000000	2624	2640	2629	2645
82	3	115731.0000000000	115731.0000000000	2624	2640	2631	2647
82	4	14863.0000000000	14863.0000000000	2624	2640	2633	2649
82	5	-105043.0000000000	-105043.0000000000	2624	2640	2635	2651
82	6	-140447.0000000000	-140447.0000000000	2624	2640	2637	2653
82	7	-97027.0000000000	-97027.0000000000	2624	2640	2639	2655
82	8	-477160.0000000000	-477160.0000000000	2626	2642	2625	2641
82	9	-398160.0000000000	-398160.0000000000	2626	2642	2627	2643
82	10	-33970.0000000000	-33970.0000000000	2626	2642	2629	2645
82	11	547470.0000000000	547470.0000000000	2626	2642	2631	2647
82	12	70310.0000000000	70310.0000000000	2626	2642	2633	2649
82	13	-496910.0000000000	-496910.0000000000	2626	2642	2635	2651
82	14	-664390.0000000000	-664390.0000000000	2626	2642	2637	2653
82	15	-458990.0000000000	-458990.0000000000	2626	2642	2639	2655
82	16	-77312.0000000000	-77312.0000000000	2628	2644	2625	2641
82	17	-64512.0000000000	-64512.0000000000	2628	2644	2627	2643
82	18	-5504.0000000000	-5504.0000000000	2628	2644	2629	2645
82	19	88704.0000000000	88704.0000000000	2628	2644	2631	2647
82	20	11392.0000000000	11392.0000000000	2628	2644	2633	2649
82	21	-80512.0000000000	-80512.0000000000	2628	2644	2635	2651
82	22	-107648.0000000000	-107648.0000000000	2628	2644	2637	2653
82	23	-74368.0000000000	-74368.0000000000	2628	2644	2639	2655
82	24	-149188.0000000000	-149188.0000000000	2630	2646	2625	2641
82	25	-124488.0000000000	-124488.0000000000	2630	2646	2627	2643
82	26	-10621.0000000000	-10621.0000000000	2630	2646	2629	2645
82	27	171171.0000000000	171171.0000000000	2630	2646	2631	2647
82	28	21983.0000000000	21983.0000000000	2630	2646	2633	2649
82	29	-155363.0000000000	-155363.0000000000	2630	2646	2635	2651
82	30	-207727.0000000000	-207727.0000000000	2630	2646	2637	2653
82	31	-143507.0000000000	-143507.0000000000	2630	2646	2639	2655
82	32	132276.0000000000	132276.0000000000	2632	2648	2625	2641
82	33	110376.0000000000	110376.0000000000	2632	2648	2627	2643
82	34	9417.0000000000	9417.0000000000	2632	2648	2629	2645
82	35	-151767.0000000000	-151767.0000000000	2632	2648	2631	2647
82	36	-19491.0000000000	-19491.0000000000	2632	2648	2633	2649
82	37	137751.0000000000	137751.0000000000	2632	2648	2635	2651
82	38	184179.0000000000	184179.0000000000	2632	2648	2637	2653
82	39	127239.0000000000	127239.0000000000	2632	2648	2639	2655
82	40	369648.0000000000	369648.0000000000	2634	2650	2625	2641
82	41	308448.0000000000	308448.0000000000	2634	2650	2627	2643
82	42	26316.0000000000	26316.0000000000	2634	2650	2629	2645
82	43	-424116.0000000000	-424116.0000000000	2634	2650	2631	2647
82	44	-54468.0000000000	-54468.0000000000	2634	2650	2633	2649
82	45	384948.0000000000	384948.0000000000	2634	2650	2635	2651
82	46	514692.0000000000	514692.0000000000	2634	2650	2637	2653
82	47	355572.0000000000	355572.0000000000	2634	2650	2639	2655
82	48	169120.0000000000	169120.0000000000	2636	2652	2625	2641
82	49	141120.0000000000	141120.0000000000	2636	2652	2627	2643
82	50	12040.0000000000	12040.0000000000	2636	2652	2629	2645
82	51	-194040.0000000000	-194040.0000000000	2636	2652	2631	2647
82	52	-24920.0000000000	-24920.0000000000	2636	2652	2633	2649
82	53	176120.0000000000	176120.0000000000	2636	2652	2635	2651
82	54	235480.0000000000	235480.0000000000	2636	2652	2637	2653
82	55	162680.0000000000	162680.0000000000	2636	2652	2639	2655
82	56	390788.0000000000	390788.0000000000	2638	2654	2625	2641
82	57	326088.0000000000	326088.0000000000	2638	2654	2627	2643
82	58	27821.0000000000	27821.0000000000	2638	2654	2629	2645
82	59	-448371.0000000000	-448371.0000000000	2638	2654	2631	2647
82	60	-57583.0000000000	-57583.0000000000	2638	2654	2633	2649
82	61	406963.0000000000	406963.0000000000	2638	2654	2635	2651
82	62	544127.0000000000	544127.0000000000	2638	2654	2637	2653
82	63	375907.0000000000	375907.0000000000	2638	2654	2639	2655
83	0	-870375.0000000000	-870375.0000000000	2656	2672	2657	2673
83	1	-471625.0000000000	-471625.0000000000	2656	2672	2659	2675
83	2	140250.0000000000	140250.0000000000	2656	2672	2661	2677
83	3	138875.0000000000	138875.0000000000	2656	2672	2663	2679
83	4	144375.0000000000	144375.0000000000	2656	2672	2665	2681
83	5	926750.0000000000	926750.0000000000	2656	2672	2667	2683
83	6	251625.0000000000	251625.0000000000	2656	2672	2669	2685
83	7	452375.0000000000	452375.0000000000	2656	2672	2671	2687
83	8	-433605.0000000000	-433605.0000000000	2658	2674	2657	2673
83	9	-234955.0000000000	-234955.0000000000	2658	2674	2659	2675
83	10	69870.0000000000	69870.0000000000	2658	2674	2661	2677
83	11	69185.0000000000	69185.0000000000	2658	2674	2663	2679
83	12	71925.0000000000	71925.0000000000	2658	2674	2665	2681
83	13	461690.0000000000	461690.0000000000	2658	2674	2667	2683
83	14	125355.0000000000	125355.0000000000	2658	2674	2669	2685
83	15	225365.0000000000	225365.0000000000	2658	2674	2671	2687
83	16	739344.0000000000	739344.0000000000	2660	2676	2657	2673
83	17	400624.0000000000	400624.0000000000	2660	2676	2659	2675
83	18	-119136.0000000000	-119136.0000000000	2660	2676	2661	2677
83	19	-117968.0000000000	-117968.0000000000	2660	2676	2663	2679
83	20	-122640.0000000000	-122640.0000000000	2660	2676	2665	2681
83	21	-787232.0000000000	-787232.0000000000	2660	2676	2667	2683
83	22	-213744.0000000000	-213744.0000000000	2660	2676	2669	2685
83	23	-384272.0000000000	-384272.0000000000	2660	2676	2671	2687
83	24	757068.0000000000	757068.0000000000	2662	2678	2657	2673
83	25	410228.0000000000	410228.0000000000	2662	2678	2659	2675
83	26	-121992.0000000000	-121992.0000000000	2662	2678	2661	2677
83	27	-120796.0000000000	-120796.0000000000	2662	2678	2663	2679
83	28	-125580.0000000000	-125580.0000000000	2662	2678	2665	2681
83	29	-806104.0000000000	-806104.0000000000	2662	2678	2667	2683
83	30	-218868.0000000000	-218868.0000000000	2662	2678	2669	2685
83	31	-393484.0000000000	-393484.0000000000	2662	2678	2671	2687
83	32	443100.0000000000	443100.0000000000	2664	2680	2657	2673
83	33	240100.0000000000	240100.0000000000	2664	2680	2659	2675
83	34	-71400.0000000000	-71400.0000000000	2664	2680	2661	2677
83	35	-70700.0000000000	-70700.0000000000	2664	2680	2663	2679
83	36	-73500.0000000000	-73500.0000000000	2664	2680	2665	2681
83	37	-471800.0000000000	-471800.0000000000	2664	2680	2667	2683
83	38	-128100.0000000000	-128100.0000000000	2664	2680	2669	2685
83	39	-230300.0000000000	-230300.0000000000	2664	2680	2671	2687
83	40	-155718.0000000000	-155718.0000000000	2666	2682	2657	2673
83	41	-84378.0000000000	-84378.0000000000	2666	2682	2659	2675
83	42	25092.0000000000	25092.0000000000	2666	2682	2661	2677
83	43	24846.0000000000	24846.0000000000	2666	2682	2663	2679
83	44	25830.0000000000	25830.0000000000	2666	2682	2665	2681
83	45	165804.0000000000	165804.0000000000	2666	2682	2667	2683
83	46	45018.0000000000	45018.0000000000	2666	2682	2669	2685
83	47	80934.0000000000	80934.0000000000	2666	2682	2671	2687
83	48	-339288.0000000000	-339288.0000000000	2668	2684	2657	2673
83	49	-183848.0000000000	-183848.0000000000	2668	2684	2659	2675
83	50	54672.0000000000	54672.0000000000	2668	2684	2661	2677
83	51	54136.0000000000	54136.0000000000	2668	2684	2663	2679
83	52	56280.0000000000	56280.0000000000	2668	2684	2665	2681
83	53	361264.0000000000	361264.0000000000	2668	2684	2667	2683
83	54	98088.0000000000	98088.0000000000	2668	2684	2669	2685
83	55	176344.0000000000	176344.0000000000	2668	2684	2671	2687
83	56	39246.0000000000	39246.0000000000	2670	2686	2657	2673
83	57	21266.0000000000	21266.0000000000	2670	2686	2659	2675
83	58	-6324.0000000000	-6324.0000000000	2670	2686	2661	2677
83	59	-6262.0000000000	-6262.0000000000	2670	2686	2663	2679
83	60	-6510.0000000000	-6510.0000000000	2670	2686	2665	2681
83	61	-41788.0000000000	-41788.0000000000	2670	2686	2667	2683
83	62	-11346.0000000000	-11346.0000000000	2670	2686	2669	2685
83	63	-20398.0000000000	-20398.0000000000	2670	2686	2671	2687
84	0	12936.0000000000	12936.0000000000	2688	2704	2689	2705
84	1	-1496.0000000000	-1496.0000000000	2688	2704	2691	2707
84	2	-40480.0000000000	-40480.0000000000	2688	2704	2693	2709
84	3	7040.0000000000	7040.0000000000	2688	2704	2695	2711
84	4	14168.0000000000	14168.0000000000	2688	2704	2697	2713
84	5	19888.0000000000	19888.0000000000	2688	2704	2699	2715
84	6	-14960.0000000000	-14960.0000000000	2688	2704	2701	2717
84	7	16984.0000000000	16984.0000000000	2688	2704	2703	2719
84	8	96873.0000000000	96873.0000000000	2690	2706	2689	2705
84	9	-11203.0000000000	-11203.0000000000	2690	2706	2691	2707
84	10	-303140.0000000000	-303140.0000000000	2690	2706	2693	2709
84	11	52720.0000000000	52720.0000000000	2690	2706	2695	2711
84	12	106099.0000000000	106099.0000000000	2690	2706	2697	2713
84	13	148934.0000000000	148934.0000000000	2690	2706	2699	2715
84	14	-112030.0000000000	-112030.0000000000	2690	2706	2701	2717
84	15	127187.0000000000	127187.0000000000	2690	2706	2703	2719
84	16	61740.0000000000	61740.0000000000	2692	2708	2689	2705
84	17	-7140.0000000000	-7140.0000000000	2692	2708	2691	2707
84	18	-193200.0000000000	-193200.0000000000	2692	2708	2693	2709
84	19	33600.0000000000	33600.0000000000	2692	2708	2695	2711
84	20	67620.0000000000	67620.0000000000	2692	2708	2697	2713
84	21	94920.0000000000	94920.0000000000	2692	2708	2699	2715
84	22	-71400.0000000000	-71400.0000000000	2692	2708	2701	2717
84	23	81060.0000000000	81060.0000000000	2692	2708	2703	2719
84	24	-2352.0000000000	-2352.0000000000	2694	2710	2689	2705
84	25	272.0000000000	272.0000000000	2694	2710	2691	2707
84	26	7360.0000000000	7360.0000000000	2694	2710	2693	2709
84	27	-1280.0000000000	-1280.0000000000	2694	2710	2695	2711
84	28	-2576.0000000000	-2576.0000000000	2694	2710	2697	2713
84	29	-3616.0000000000	-3616.0000000000	2694	2710	2699	2715
84	30	2720.0000000000	2720.0000000000	2694	2710	2701	2717
84	31	-3088.0000000000	-3088.0000000000	2694	2710	2703	2719
84	32	-1911.0000000000	-1911.0000000000	2696	2712	2689	2705
84	33	221.0000000000	221.0000000000	2696	2712	2691	2707
84	34	5980.0000000000	5980.0000000000	2696	2712	2693	2709
84	35	-1040.0000000000	-1040.0000000000	2696	2712	2695	2711
84	36	-2093.0000000000	-2093.0000000000	2696	2712	2697	2713
84	37	-2938.0000000000	-2938.0000000000	2696	2712	2699	2715
84	38	2210.0000000000	2210.0000000000	2696	2712	2701	2717
84	39	-2509.0000000000	-2509.0000000000	2696	2712	2703	2719
84	40	14553.0000000000	14553.0000000000	2698	2714	2689	2705
84	41	-1683.0000000000	-1683.0000000000	2698	2714	2691	2707
84	42	-45540.0000000000	-45540.0000000000	2698	2714	2693	2709
84	43	7920.0000000000	7920.0000000000	2698	2714	2695	2711
84	44	15939.0000000000	15939.0000000000	2698	2714	2697	2713
84	45	22374.0000000000	22374.0000000000	2698	2714	2699	2715
84	46	-16830.0000000000	-16830.0000000000	2698	2714	2701	2717
84	47	19107.0000000000	19107.0000000000	2698	2714	2703	2719
84	48	18816.0000000000	18816.0000000000	2700	2716	2689	2705
84	49	-2176.0000000000	-2176.0000000000	2700	2716	2691	2707
84	50	-58880.0000000000	-58880.0000000000	2700	2716	2693	2709
84	51	10240.0000000000	10240.0000000000	2700	2716	2695	2711
84	52	20608.0000000000	20608.0000000000	2700	2716	2697	2713
84	53	28928.0000000000	28928.0000000000	2700	2716	2699	2715
84	54	-21760.0000000000	-21760.0000000000	2700	2716	2701	2717
84	55	24704.0000000000	24704.0000000000	2700	2716	2703	2719
84	56	44835.0000000000	44835.0000000000	2702	2718	2689	2705
84	57	-5185.0000000000	-5185.0000000000	2702	2718	2691	2707
84	58	-140300.0000000000	-140300.0000000000	2702	2718	2693	2709
84	59	24400.0000000000	24400.0000000000	2702	2718	2695	2711
84	60	49105.0000000000	49105.0000000000	2702	2718	2697	2713
84	61	68930.0000000000	68930.0000000000	2702	2718	2699	2715
84	62	-51850.0000000000	-51850.0000000000	2702	2718	2701	2717
84	63	58865.0000000000	58865.0000000000	2702	2718	2703	2719
85	0	15776.0000000000	15776.0000000000	2720	2736	2721	2737
85	1	-18768.0000000000	-18768.0000000000	2720	2736	2723	2739
85	2	-31348.0000000000	-31348.0000000000	2720	2736	2725	2741
85	3	-6256.0000000000	-6256.0000000000	2720	2736	2727	2743
85	4	-33932.0000000000	-33932.0000000000	2720	2736	2729	2745
85	5	31348.0000000000	31348.0000000000	2720	2736	2731	2747
85	6	-10200.0000000000	-10200.0000000000	2720	2736	2733	2749
85	7	-5032.0000000000	-5032.0000000000	2720	2736	2735	2751
85	8	21576.0000000000	21576.0000000000	2722	2738	2721	2737
85	9	-25668.0000000000	-25668.0000000000	2722	2738	2723	2739
85	10	-42873.0000000000	-42873.0000000000	2722	2738	2725	2741
85	11	-8556.0000000000	-8556.0000000000	2722	2738	2727	2743
85	12	-46407.0000000000	-46407.0000000000	2722	2738	2729	2745
85	13	42873.0000000000	42873.0000000000	2722	2738	2731	2747
85	14	-13950.0000000000	-13950.0000000000	2722	2738	2733	2749
85	15	-6882.0000000000	-6882.0000000000	2722	2738	2735	2751
85	16	6496.0000000000	6496.0000000000	2724	2740	2721	2737
85	17	-7728.0000000000	-7728.0000000000	2724	2740	2723	2739
85	18	-12908.0000000000	-12908.0000000000	2724	2740	2725	2741
85	19	-2576.0000000000	-2576.0000000000	2724	2740	2727	2743
85	20	-13972.0000000000	-13972.0000000000	2724	2740	2729	2745
85	21	12908.0000000000	12908.0000000000	2724	2740	2731	2747
85	22	-4200.0000000000	-4200.0000000000	2724	2740	2733	2749
85	23	-2072.0000000000	-2072.0000000000	2724	2740	2735	2751
85	24	-46168.0000000000	-46168.0000000000	2726	2742	2721	2737
85	25	54924.0000000000	54924.0000000000	2726	2742	2723	2739
85	26	91739.0000000000	91739.0000000000	2726	2742	2725	2741
85	27	18308.0000000000	18308.0000000000	2726	2742	2727	2743
85	28	99301.0000000000	99301.0000000000	2726	2742	2729	2745
85	29	-91739.0000000000	-91739.0000000000	2726	2742	2731	2747
85	30	29850.0000000000	29850.0000000000	2726	2742	2733	2749
85	31	14726.0000000000	14726.0000000000	2726	2742	2735	2751
85	32	48024.0000000000	48024.0000000000	2728	2744	2721	2737
85	33	-57132.0000000000	-57132.0000000000	2728	2744	2723	2739
85	34	-95427.0000000000	-95427.0000000000	2728	2744	2725	2741
85	35	-19044.0000000000	-19044.0000000000	2728	2744	2727	2743
85	36	-103293.0000000000	-103293.0000000000	2728	2744	2729	2745
85	37	95427.0000000000	95427.0000000000	2728	2744	2731	2747
85	38	-31050.0000000000	-31050.0000000000	2728	2744	2733	2749
85	39	-15318.0000000000	-15318.0000000000	2728	2744	2735	2751
85	40	150104.0000000000	150104.0000000000	2730	2746	2721	2737
85	41	-178572.0000000000	-178572.0000000000	2730	2746	2723	2739
85	42	-298267.0000000000	-298267.0000000000	2730	2746	2725	2741
85	43	-59524.0000000000	-59524.0000000000	2730	2746	2727	2743
85	44	-322853.0000000000	-322853.0000000000	2730	2746	2729	2745
85	45	298267.0000000000	298267.0000000000	2730	2746	2731	2747
85	46	-97050.0000000000	-97050.0000000000	2730	2746	2733	2749
85	47	-47878.0000000000	-47878.0000000000	2730	2746	2735	2751
85	48	-19488.0000000000	-19488.0000000000	2732	2748	2721	2737
85	49	23184.0000000000	23184.0000000000	2732	2748	2723	2739
85	50	38724.0000000000	38724.0000000000	2732	2748	2725	2741
85	51	7728.0000000000	7728.0000000000	2732	2748	2727	2743
85	52	41916.0000000000	41916.0000000000	2732	2748	2729	2745
85	53	-38724.0000000000	-38724.0000000000	2732	2748	2731	2747
85	54	12600.0000000000	12600.0000000000	2732	2748	2733	2749
85	55	6216.0000000000	6216.0000000000	2732	2748	2735	2751
85	56	4408.0000000000	4408.0000000000	2734	2750	2721	2737
85	57	-5244.0000000000	-5244.0000000000	2734	2750	2723	2739
85	58	-8759.0000000000	-8759.0000000000	2734	2750	2725	2741
85	59	-1748.0000000000	-1748.0000000000	2734	2750	2727	2743
85	60	-9481.0000000000	-9481.0000000000	2734	2750	2729	2745
85	61	8759.0000000000	8759.0000000000	2734	2750	2731	2747
85	62	-2850.0000000000	-2850.0000000000	2734	2750	2733	2749
85	63	-1406.0000000000	-1406.0000000000	2734	2750	2735	2751
86	0	119248.0000000000	119248.0000000000	2752	2768	2753	2769
86	1	-111360.0000000000	-111360.0000000000	2752	2768	2755	2771
86	2	28304.0000000000	28304.0000000000	2752	2768	2757	2773
86	3	-25984.0000000000	-25984.0000000000	2752	2768	2759	2775
86	4	155440.0000000000	155440.0000000000	2752	2768	2761	2777
86	5	83984.0000000000	83984.0000000000	2752	2768	2763	2779
86	6	-219008.0000000000	-219008.0000000000	2752	2768	2765	2781
86	7	-80272.0000000000	-80272.0000000000	2752	2768	2767	2783
86	8	44204.0000000000	44204.0000000000	2754	2770	2753	2769
86	9	-41280.0000000000	-41280.0000000000	2754	2770	2755	2771
86	10	10492.0000000000	10492.0000000000	2754	2770	2757	2773
86	11	-9632.0000000000	-9632.0000000000	2754	2770	2759	2775
86	12	57620.0000000000	57620.0000000000	2754	2770	2761	2777
86	13	31132.0000000000	31132.0000000000	2754	2770	2763	2779
86	14	-81184.0000000000	-81184.0000000000	2754	2770	2765	2781
86	15	-29756.0000000000	-29756.0000000000	2754	2770	2767	2783
86	16	-90464.0000000000	-90464.0000000000	2756	2772	2753	2769
86	17	84480.0000000000	84480.0000000000	2756	2772	2755	2771
86	18	-21472.0000000000	-21472.0000000000	2756	2772	2757	2773
86	19	19712.0000000000	19712.0000000000	2756	2772	2759	2775
86	20	-117920.0000000000	-117920.0000000000	2756	2772	2761	2777
86	21	-63712.0000000000	-63712.0000000000	2756	2772	2763	2779
86	22	166144.0000000000	166144.0000000000	2756	2772	2765	2781
86	23	60896.0000000000	60896.0000000000	2756	2772	2767	2783
86	24	-99459.0000000000	-99459.0000000000	2758	2774	2753	2769
86	25	92880.0000000000	92880.0000000000	2758	2774	2755	2771
86	26	-23607.0000000000	-23607.0000000000	2758	2774	2757	2773
86	27	21672.0000000000	21672.0000000000	2758	2774	2759	2775
86	28	-129645.0000000000	-129645.0000000000	2758	2774	2761	2777
86	29	-70047.0000000000	-70047.0000000000	2758	2774	2763	2779
86	30	182664.0000000000	182664.0000000000	2758	2774	2765	2781
86	31	66951.0000000000	66951.0000000000	2758	2774	2767	2783
86	32	132612.0000000000	132612.0000000000	2760	2776	2753	2769
86	33	-123840.0000000000	-123840.0000000000	2760	2776	2755	2771
86	34	31476.0000000000	31476.0000000000	2760	2776	2757	2773
86	35	-28896.0000000000	-28896.0000000000	2760	2776	2759	2775
86	36	172860.0000000000	172860.0000000000	2760	2776	2761	2777
86	37	93396.0000000000	93396.0000000000	2760	2776	2763	2779
86	38	-243552.0000000000	-243552.0000000000	2760	2776	2765	2781
86	39	-89268.0000000000	-89268.0000000000	2760	2776	2767	2783
86	40	48316.0000000000	48316.0000000000	2762	2778	2753	2769
86	41	-45120.0000000000	-45120.0000000000	2762	2778	2755	2771
86	42	11468.0000000000	11468.0000000000	2762	2778	2757	2773
86	43	-10528.0000000000	-10528.0000000000	2762	2778	2759	2775
86	44	62980.0000000000	62980.0000000000	2762	2778	2761	2777
86	45	34028.0000000000	34028.0000000000	2762	2778	2763	2779
86	46	-88736.0000000000	-88736.0000000000	2762	2778	2765	2781
86	47	-32524.0000000000	-32524.0000000000	2762	2778	2767	2783
86	48	-210740.0000000000	-210740.0000000000	2764	2780	2753	2769
86	49	196800.0000000000	196800.0000000000	2764	2780	2755	2771
86	50	-50020.0000000000	-50020.0000000000	2764	2780	2757	2773
86	51	45920.0000000000	45920.0000000000	2764	2780	2759	2775
86	52	-274700.0000000000	-274700.0000000000	2764	2780	2761	2777
86	53	-148420.0000000000	-148420.0000000000	2764	2780	2763	2779
86	54	387040.0000000000	387040.0000000000	2764	2780	2765	2781
86	55	141860.0000000000	141860.0000000000	2764	2780	2767	2783
86	56	-68362.0000000000	-68362.0000000000	2766	2782	2753	2769
86	57	63840.0000000000	63840.0000000000	2766	2782	2755	2771
86	58	-16226.0000000000	-16226.0000000000	2766	2782	2757	2773
86	59	14896.0000000000	14896.0000000000	2766	2782	2759	2775
86	60	-89110.0000000000	-89110.0000000000	2766	2782	2761	2777
86	61	-48146.0000000000	-48146.0000000000	2766	2782	2763	2779
86	62	125552.0000000000	125552.0000000000	2766	2782	2765	2781
86	63	46018.0000000000	46018.0000000000	2766	2782	2767	2783
87	0	16896.0000000000	16896.0000000000	2784	2800	2785	2801
87	1	-35264.0000000000	-35264.0000000000	2784	2800	2787	2803
87	2	16576.0000000000	16576.0000000000	2784	2800	2789	2805
87	3	2240.0000000000	2240.0000000000	2784	2800	2791	2807
87	4	19008.0000000000	19008.0000000000	2784	2800	2793	2809
87	5	-58752.0000000000	-58752.0000000000	2784	2800	2795	2811
87	6	-33088.0000000000	-33088.0000000000	2784	2800	2797	2813
87	7	-39552.0000000000	-39552.0000000000	2784	2800	2799	2815
87	8	-227304.0000000000	-227304.0000000000	2786	2802	2785	2801
87	9	474411.0000000000	474411.0000000000	2786	2802	2787	2803
87	10	-222999.0000000000	-222999.0000000000	2786	2802	2789	2805
87	11	-30135.0000000000	-30135.0000000000	2786	2802	2791	2807
87	12	-255717.0000000000	-255717.0000000000	2786	2802	2793	2809
87	13	790398.0000000000	790398.0000000000	2786	2802	2795	2811
87	14	445137.0000000000	445137.0000000000	2786	2802	2797	2813
87	15	532098.0000000000	532098.0000000000	2786	2802	2799	2815
87	16	107712.0000000000	107712.0000000000	2788	2804	2785	2801
87	17	-224808.0000000000	-224808.0000000000	2788	2804	2787	2803
87	18	105672.0000000000	105672.0000000000	2788	2804	2789	2805
87	19	14280.0000000000	14280.0000000000	2788	2804	2791	2807
87	20	121176.0000000000	121176.0000000000	2788	2804	2793	2809
87	21	-374544.0000000000	-374544.0000000000	2788	2804	2795	2811
87	22	-210936.0000000000	-210936.0000000000	2788	2804	2797	2813
87	23	-252144.0000000000	-252144.0000000000	2788	2804	2799	2815
87	24	133320.0000000000	133320.0000000000	2790	2806	2785	2801
87	25	-278255.0000000000	-278255.0000000000	2790	2806	2787	2803
87	26	130795.0000000000	130795.0000000000	2790	2806	2789	2805
87	27	17675.0000000000	17675.0000000000	2790	2806	2791	2807
87	28	149985.0000000000	149985.0000000000	2790	2806	2793	2809
87	29	-463590.0000000000	-463590.0000000000	2790	2806	2795	2811
87	30	-261085.0000000000	-261085.0000000000	2790	2806	2797	2813
87	31	-312090.0000000000	-312090.0000000000	2790	2806	2799	2815
87	32	-86328.0000000000	-86328.0000000000	2792	2808	2785	2801
87	33	180177.0000000000	180177.0000000000	2792	2808	2787	2803
87	34	-84693.0000000000	-84693.0000000000	2792	2808	2789	2805
87	35	-11445.0000000000	-11445.0000000000	2792	2808	2791	2807
87	36	-97119.0000000000	-97119.0000000000	2792	2808	2793	2809
87	37	300186.0000000000	300186.0000000000	2792	2808	2795	2811
87	38	169059.0000000000	169059.0000000000	2792	2808	2797	2813
87	39	202086.0000000000	202086.0000000000	2792	2808	2799	2815
87	40	-285648.0000000000	-285648.0000000000	2794	2810	2785	2801
87	41	596182.0000000000	596182.0000000000	2794	2810	2787	2803
87	42	-280238.0000000000	-280238.0000000000	2794	2810	2789	2805
87	43	-37870.0000000000	-37870.0000000000	2794	2810	2791	2807
87	44	-321354.0000000000	-321354.0000000000	2794	2810	2793	2809
87	45	993276.0000000000	993276.0000000000	2794	2810	2795	2811
87	46	559394.0000000000	559394.0000000000	2794	2810	2797	2813
87	47	668676.0000000000	668676.0000000000	2794	2810	2799	2815
87	48	-182688.0000000000	-182688.0000000000	2796	2812	2785	2801
87	49	381292.0000000000	381292.0000000000	2796	2812	2787	2803
87	50	-179228.0000000000	-179228.0000000000	2796	2812	2789	2805
87	51	-24220.0000000000	-24220.0000000000	2796	2812	2791	2807
87	52	-205524.0000000000	-205524.0000000000	2796	2812	2793	2809
87	53	635256.0000000000	635256.0000000000	2796	2812	2795	2811
87	54	357764.0000000000	357764.0000000000	2796	2812	2797	2813
87	55	427656.0000000000	427656.0000000000	2796	2812	2799	2815
87	56	-178200.0000000000	-178200.0000000000	2798	2814	2785	2801
87	57	371925.0000000000	371925.0000000000	2798	2814	2787	2803
87	58	-174825.0000000000	-174825.0000000000	2798	2814	2789	2805
87	59	-23625.0000000000	-23625.0000000000	2798	2814	2791	2807
87	60	-200475.0000000000	-200475.0000000000	2798	2814	2793	2809
87	61	619650.0000000000	619650.0000000000	2798	2814	2795	2811
87	62	348975.0000000000	348975.0000000000	2798	2814	2797	2813
87	63	417150.0000000000	417150.0000000000	2798	2814	2799	2815
88	0	-552720.0000000000	-552720.0000000000	2816	2832	2817	2833
88	1	-222075.0000000000	-222075.0000000000	2816	2832	2819	2835
88	2	321480.0000000000	321480.0000000000	2816	2832	2821	2837
88	3	146640.0000000000	146640.0000000000	2816	2832	2823	2839
88	4	192465.0000000000	192465.0000000000	2816	2832	2825	2841
88	5	145230.0000000000	145230.0000000000	2816	2832	2827	2843
88	6	-669750.0000000000	-669750.0000000000	2816	2832	2829	2845
88	7	-387045.0000000000	-387045.0000000000	2816	2832	2831	2847
88	8	-748720.0000000000	-748720.0000000000	2818	2834	2817	2833
88	9	-300825.0000000000	-300825.0000000000	2818	2834	2819	2835
88	10	435480.0000000000	435480.0000000000	2818	2834	2821	2837
88	11	198640.0000000000	198640.0000000000	2818	2834	2823	2839
88	12	260715.0000000000	260715.0000000000	2818	2834	2825	2841
88	13	196730.0000000000	196730.0000000000	2818	2834	2827	2843
88	14	-907250.0000000000	-907250.0000000000	2818	2834	2829	2845
88	15	-524295.0000000000	-524295.0000000000	2818	2834	2831	2847
88	16	-508032.0000000000	-508032.0000000000	2820	2836	2817	2833
88	17	-204120.0000000000	-204120.0000000000	2820	2836	2819	2835
88	18	295488.0000000000	295488.0000000000	2820	2836	2821	2837
88	19	134784.0000000000	134784.0000000000	2820	2836	2823	2839
88	20	176904.0000000000	176904.0000000000	2820	2836	2825	2841
88	21	133488.0000000000	133488.0000000000	2820	2836	2827	2843
88	22	-615600.0000000000	-615600.0000000000	2820	2836	2829	2845
88	23	-355752.0000000000	-355752.0000000000	2820	2836	2831	2847
88	24	152880.0000000000	152880.0000000000	2822	2838	2817	2833
88	25	61425.0000000000	61425.0000000000	2822	2838	2819	2835
88	26	-88920.0000000000	-88920.0000000000	2822	2838	2821	2837
88	27	-40560.0000000000	-40560.0000000000	2822	2838	2823	2839
88	28	-53235.0000000000	-53235.0000000000	2822	2838	2825	2841
88	29	-40170.0000000000	-40170.0000000000	2822	2838	2827	2843
88	30	185250.0000000000	185250.0000000000	2822	2838	2829	2845
88	31	107055.0000000000	107055.0000000000	2822	2838	2831	2847
88	32	-231280.0000000000	-231280.0000000000	2824	2840	2817	2833
88	33	-92925.0000000000	-92925.0000000000	2824	2840	2819	2835
88	34	134520.0000000000	134520.0000000000	2824	2840	2821	2837
88	35	61360.0000000000	61360.0000000000	2824	2840	2823	2839
88	36	80535.0000000000	80535.0000000000	2824	2840	2825	2841
88	37	60770.0000000000	60770.0000000000	2824	2840	2827	2843
88	38	-280250.0000000000	-280250.0000000000	2824	2840	2829	2845
88	39	-161955.0000000000	-161955.0000000000	2824	2840	2831	2847
88	40	-443744.0000000000	-443744.0000000000	2826	2842	2817	2833
88	41	-178290.0000000000	-178290.0000000000	2826	2842	2819	2835
88	42	258096.0000000000	258096.0000000000	2826	2842	2821	2837
88	43	117728.0000000000	117728.0000000000	2826	2842	2823	2839
88	44	154518.0000000000	154518.0000000000	2826	2842	2825	2841
88	45	116596.0000000000	116596.0000000000	2826	2842	2827	2843
88	46	-537700.0000000000	-537700.0000000000	2826	2842	2829	2845
88	47	-310734.0000000000	-310734.0000000000	2826	2842	2831	2847
88	48	-153664.0000000000	-153664.0000000000	2828	2844	2817	2833
88	49	-61740.0000000000	-61740.0000000000	2828	2844	2819	2835
88	50	89376.0000000000	89376.0000000000	2828	2844	2821	2837
88	51	40768.0000000000	40768.0000000000	2828	2844	2823	2839
88	52	53508.0000000000	53508.0000000000	2828	2844	2825	2841
88	53	40376.0000000000	40376.0000000000	2828	2844	2827	2843
88	54	-186200.0000000000	-186200.0000000000	2828	2844	2829	2845
88	55	-107604.0000000000	-107604.0000000000	2828	2844	2831	2847
88	56	-393568.0000000000	-393568.0000000000	2830	2846	2817	2833
88	57	-158130.0000000000	-158130.0000000000	2830	2846	2819	2835
88	58	228912.0000000000	228912.0000000000	2830	2846	2821	2837
88	59	104416.0000000000	104416.0000000000	2830	2846	2823	2839
88	60	137046.0000000000	137046.0000000000	2830	2846	2825	2841
88	61	103412.0000000000	103412.0000000000	2830	2846	2827	2843
88	62	-476900.0000000000	-476900.0000000000	2830	2846	2829	2845
88	63	-275598.0000000000	-275598.0000000000	2830	2846	2831	2847
89	0	161552.0000000000	161552.0000000000	2848	2864	2849	2865
89	1	224768.0000000000	224768.0000000000	2848	2864	2851	2867
89	2	-484656.0000000000	-484656.0000000000	2848	2864	2853	2869
89	3	-284033.0000000000	-284033.0000000000	2848	2864	2855	2871
89	4	402563.0000000000	402563.0000000000	2848	2864	2857	2873
89	5	-71996.0000000000	-71996.0000000000	2848	2864	2859	2875
89	6	59704.0000000000	59704.0000000000	2848	2864	2861	2877
89	7	-7024.0000000000	-7024.0000000000	2848	2864	2863	2879
89	8	140208.0000000000	140208.0000000000	2850	2866	2849	2865
89	9	195072.0000000000	195072.0000000000	2850	2866	2851	2867
89	10	-420624.0000000000	-420624.0000000000	2850	2866	2853	2869
89	11	-246507.0000000000	-246507.0000000000	2850	2866	2855	2871
89	12	349377.0000000000	349377.0000000000	2850	2866	2857	2873
89	13	-62484.0000000000	-62484.0000000000	2850	2866	2859	2875
89	14	51816.0000000000	51816.0000000000	2850	2866	2861	2877
89	15	-6096.0000000000	-6096.0000000000	2850	2866	2863	2879
89	16	-76544.0000000000	-76544.0000000000	2852	2868	2849	2865
89	17	-106496.0000000000	-106496.0000000000	2852	2868	2851	2867
89	18	229632.0000000000	229632.0000000000	2852	2868	2853	2869
89	19	134576.0000000000	134576.0000000000	2852	2868	2855	2871
89	20	-190736.0000000000	-190736.0000000000	2852	2868	2857	2873
89	21	34112.0000000000	34112.0000000000	2852	2868	2859	2875
89	22	-28288.0000000000	-28288.0000000000	2852	2868	2861	2877
89	23	3328.0000000000	3328.0000000000	2852	2868	2863	2879
89	24	334512.0000000000	334512.0000000000	2854	2870	2849	2865
89	25	465408.0000000000	465408.0000000000	2854	2870	2851	2867
89	26	-1003536.0000000000	-1003536.0000000000	2854	2870	2853	2869
89	27	-588123.0000000000	-588123.0000000000	2854	2870	2855	2871
89	28	833553.0000000000	833553.0000000000	2854	2870	2857	2873
89	29	-149076.0000000000	-149076.0000000000	2854	2870	2859	2875
89	30	123624.0000000000	123624.0000000000	2854	2870	2861	2877
89	31	-14544.0000000000	-14544.0000000000	2854	2870	2863	2879
89	32	103040.0000000000	103040.0000000000	2856	2872	2849	2865
89	33	143360.0000000000	143360.0000000000	2856	2872	2851	2867
89	34	-309120.0000000000	-309120.0000000000	2856	2872	2853	2869
89	35	-181160.0000000000	-181160.0000000000	2856	2872	2855	2871
89	36	256760.0000000000	256760.0000000000	2856	2872	2857	2873
89	37	-45920.0000000000	-45920.0000000000	2856	2872	2859	2875
89	38	38080.0000000000	38080.0000000000	2856	2872	2861	2877
89	39	-4480.0000000000	-4480.0000000000	2856	2872	2863	2879
89	40	115920.0000000000	115920.0000000000	2858	2874	2849	2865
89	41	161280.0000000000	161280.0000000000	2858	2874	2851	2867
89	42	-347760.0000000000	-347760.0000000000	2858	2874	2853	2869
89	43	-203805.0000000000	-203805.0000000000	2858	2874	2855	2871
89	44	288855.0000000000	288855.0000000000	2858	2874	2857	2873
89	45	-51660.0000000000	-51660.0000000000	2858	2874	2859	2875
89	46	42840.0000000000	42840.0000000000	2858	2874	2861	2877
89	47	-5040.0000000000	-5040.0000000000	2858	2874	2863	2879
89	48	85376.0000000000	85376.0000000000	2860	2876	2849	2865
89	49	118784.0000000000	118784.0000000000	2860	2876	2851	2867
89	50	-256128.0000000000	-256128.0000000000	2860	2876	2853	2869
89	51	-150104.0000000000	-150104.0000000000	2860	2876	2855	2871
89	52	212744.0000000000	212744.0000000000	2860	2876	2857	2873
89	53	-38048.0000000000	-38048.0000000000	2860	2876	2859	2875
89	54	31552.0000000000	31552.0000000000	2860	2876	2861	2877
89	55	-3712.0000000000	-3712.0000000000	2860	2876	2863	2879
89	56	89056.0000000000	89056.0000000000	2862	2878	2849	2865
89	57	123904.0000000000	123904.0000000000	2862	2878	2851	2867
89	58	-267168.0000000000	-267168.0000000000	2862	2878	2853	2869
89	59	-156574.0000000000	-156574.0000000000	2862	2878	2855	2871
89	60	221914.0000000000	221914.0000000000	2862	2878	2857	2873
89	61	-39688.0000000000	-39688.0000000000	2862	2878	2859	2875
89	62	32912.0000000000	32912.0000000000	2862	2878	2861	2877
89	63	-3872.0000000000	-3872.0000000000	2862	2878	2863	2879
90	0	-82984.0000000000	-82984.0000000000	2880	2896	2881	2897
90	1	17664.0000000000	17664.0000000000	2880	2896	2883	2899
90	2	4600.0000000000	4600.0000000000	2880	2896	2885	2901
90	3	11040.0000000000	11040.0000000000	2880	2896	2887	2903
90	4	113528.0000000000	113528.0000000000	2880	2896	2889	2905
90	5	30176.0000000000	30176.0000000000	2880	2896	2891	2907
90	6	29992.0000000000	29992.0000000000	2880	2896	2893	2909
90	7	55200.0000000000	55200.0000000000	2880	2896	2895	2911
90	8	-588104.0000000000	-588104.0000000000	2882	2898	2881	2897
90	9	125184.0000000000	125184.0000000000	2882	2898	2883	2899
90	10	32600.0000000000	32600.0000000000	2882	2898	2885	2901
90	11	78240.0000000000	78240.0000000000	2882	2898	2887	2903
90	12	804568.0000000000	804568.0000000000	2882	2898	2889	2905
90	13	213856.0000000000	213856.0000000000	2882	2898	2891	2907
90	14	212552.0000000000	212552.0000000000	2882	2898	2893	2909
90	15	391200.0000000000	391200.0000000000	2882	2898	2895	2911
90	16	-93808.0000000000	-93808.0000000000	2884	2900	2881	2897
90	17	19968.0000000000	19968.0000000000	2884	2900	2883	2899
90	18	5200.0000000000	5200.0000000000	2884	2900	2885	2901
90	19	12480.0000000000	12480.0000000000	2884	2900	2887	2903
90	20	128336.0000000000	128336.0000000000	2884	2900	2889	2905
90	21	34112.0000000000	34112.0000000000	2884	2900	2891	2907
90	22	33904.0000000000	33904.0000000000	2884	2900	2893	2909
90	23	62400.0000000000	62400.0000000000	2884	2900	2895	2911
90	24	405900.0000000000	405900.0000000000	2886	2902	2881	2897
90	25	-86400.0000000000	-86400.0000000000	2886	2902	2883	2899
90	26	-22500.0000000000	-22500.0000000000	2886	2902	2885	2901
90	27	-54000.0000000000	-54000.0000000000	2886	2902	2887	2903
90	28	-555300.0000000000	-555300.0000000000	2886	2902	2889	2905
90	29	-147600.0000000000	-147600.0000000000	2886	2902	2891	2907
90	30	-146700.0000000000	-146700.0000000000	2886	2902	2893	2909
90	31	-270000.0000000000	-270000.0000000000	2886	2902	2895	2911
90	32	113652.0000000000	113652.0000000000	2888	2904	2881	2897
90	33	-24192.0000000000	-24192.0000000000	2888	2904	2883	2899
90	34	-6300.0000000000	-6300.0000000000	2888	2904	2885	2901
90	35	-15120.0000000000	-15120.0000000000	2888	2904	2887	2903
90	36	-155484.0000000000	-155484.0000000000	2888	2904	2889	2905
90	37	-41328.0000000000	-41328.0000000000	2888	2904	2891	2907
90	38	-41076.0000000000	-41076.0000000000	2888	2904	2893	2909
90	39	-75600.0000000000	-75600.0000000000	2888	2904	2895	2911
90	40	-182204.0000000000	-182204.0000000000	2890	2906	2881	2897
90	41	38784.0000000000	38784.0000000000	2890	2906	2883	2899
90	42	10100.0000000000	10100.0000000000	2890	2906	2885	2901
90	43	24240.0000000000	24240.0000000000	2890	2906	2887	2903
90	44	249268.0000000000	249268.0000000000	2890	2906	2889	2905
90	45	66256.0000000000	66256.0000000000	2890	2906	2891	2907
90	46	65852.0000000000	65852.0000000000	2890	2906	2893	2909
90	47	121200.0000000000	121200.0000000000	2890	2906	2895	2911
90	48	-1804.0000000000	-1804.0000000000	2892	2908	2881	2897
90	49	384.0000000000	384.0000000000	2892	2908	2883	2899
90	50	100.0000000000	100.0000000000	2892	2908	2885	2901
90	51	240.0000000000	240.0000000000	2892	2908	2887	2903
90	52	2468.0000000000	2468.0000000000	2892	2908	2889	2905
90	53	656.0000000000	656.0000000000	2892	2908	2891	2907
90	54	652.0000000000	652.0000000000	2892	2908	2893	2909
90	55	1200.0000000000	1200.0000000000	2892	2908	2895	2911
90	56	-187165.0000000000	-187165.0000000000	2894	2910	2881	2897
90	57	39840.0000000000	39840.0000000000	2894	2910	2883	2899
90	58	10375.0000000000	10375.0000000000	2894	2910	2885	2901
90	59	24900.0000000000	24900.0000000000	2894	2910	2887	2903
90	60	256055.0000000000	256055.0000000000	2894	2910	2889	2905
90	61	68060.0000000000	68060.0000000000	2894	2910	2891	2907
90	62	67645.0000000000	67645.0000000000	2894	2910	2893	2909
90	63	124500.0000000000	124500.0000000000	2894	2910	2895	2911
91	0	-33210.0000000000	-33210.0000000000	2912	2928	2913	2929
91	1	-99138.0000000000	-99138.0000000000	2912	2928	2915	2931
91	2	-109470.0000000000	-109470.0000000000	2912	2928	2917	2933
91	3	9471.0000000000	9471.0000000000	2912	2928	2919	2935
91	4	194586.0000000000	194586.0000000000	2912	2928	2921	2937
91	5	26814.0000000000	26814.0000000000	2912	2928	2923	2939
91	6	-2214.0000000000	-2214.0000000000	2912	2928	2925	2941
91	7	65805.0000000000	65805.0000000000	2912	2928	2927	2943
91	8	-180900.0000000000	-180900.0000000000	2914	2930	2913	2929
91	9	-540020.0000000000	-540020.0000000000	2914	2930	2915	2931
91	10	-596300.0000000000	-596300.0000000000	2914	2930	2917	2933
91	11	51590.0000000000	51590.0000000000	2914	2930	2919	2935
91	12	1059940.0000000000	1059940.0000000000	2914	2930	2921	2937
91	13	146060.0000000000	146060.0000000000	2914	2930	2923	2939
91	14	-12060.0000000000	-12060.0000000000	2914	2930	2925	2941
91	15	358450.0000000000	358450.0000000000	2914	2930	2927	2943
91	16	-178200.0000000000	-178200.0000000000	2916	2932	2913	2929
91	17	-531960.0000000000	-531960.0000000000	2916	2932	2915	2931
91	18	-587400.0000000000	-587400.0000000000	2916	2932	2917	2933
91	19	50820.0000000000	50820.0000000000	2916	2932	2919	2935
91	20	1044120.0000000000	1044120.0000000000	2916	2932	2921	2937
91	21	143880.0000000000	143880.0000000000	2916	2932	2923	2939
91	22	-11880.0000000000	-11880.0000000000	2916	2932	2925	2941
91	23	353100.0000000000	353100.0000000000	2916	2932	2927	2943
91	24	10800.0000000000	10800.0000000000	2918	2934	2913	2929
91	25	32240.0000000000	32240.0000000000	2918	2934	2915	2931
91	26	35600.0000000000	35600.0000000000	2918	2934	2917	2933
91	27	-3080.0000000000	-3080.0000000000	2918	2934	2919	2935
91	28	-63280.0000000000	-63280.0000000000	2918	2934	2921	2937
91	29	-8720.0000000000	-8720.0000000000	2918	2934	2923	2939
91	30	720.0000000000	720.0000000000	2918	2934	2925	2941
91	31	-21400.0000000000	-21400.0000000000	2918	2934	2927	2943
91	32	-29160.0000000000	-29160.0000000000	2920	2936	2913	2929
91	33	-87048.0000000000	-87048.0000000000	2920	2936	2915	2931
91	34	-96120.0000000000	-96120.0000000000	2920	2936	2917	2933
91	35	8316.0000000000	8316.0000000000	2920	2936	2919	2935
91	36	170856.0000000000	170856.0000000000	2920	2936	2921	2937
91	37	23544.0000000000	23544.0000000000	2920	2936	2923	2939
91	38	-1944.0000000000	-1944.0000000000	2920	2936	2925	2941
91	39	57780.0000000000	57780.0000000000	2920	2936	2927	2943
91	40	53190.0000000000	53190.0000000000	2922	2938	2913	2929
91	41	158782.0000000000	158782.0000000000	2922	2938	2915	2931
91	42	175330.0000000000	175330.0000000000	2922	2938	2917	2933
91	43	-15169.0000000000	-15169.0000000000	2922	2938	2919	2935
91	44	-311654.0000000000	-311654.0000000000	2922	2938	2921	2937
91	45	-42946.0000000000	-42946.0000000000	2922	2938	2923	2939
91	46	3546.0000000000	3546.0000000000	2922	2938	2925	2941
91	47	-105395.0000000000	-105395.0000000000	2922	2938	2927	2943
91	48	20520.0000000000	20520.0000000000	2924	2940	2913	2929
91	49	61256.0000000000	61256.0000000000	2924	2940	2915	2931
91	50	67640.0000000000	67640.0000000000	2924	2940	2917	2933
91	51	-5852.0000000000	-5852.0000000000	2924	2940	2919	2935
91	52	-120232.0000000000	-120232.0000000000	2924	2940	2921	2937
91	53	-16568.0000000000	-16568.0000000000	2924	2940	2923	2939
91	54	1368.0000000000	1368.0000000000	2924	2940	2925	2941
91	55	-40660.0000000000	-40660.0000000000	2924	2940	2927	2943
91	56	-94230.0000000000	-94230.0000000000	2926	2942	2913	2929
91	57	-281294.0000000000	-281294.0000000000	2926	2942	2915	2931
91	58	-310610.0000000000	-310610.0000000000	2926	2942	2917	2933
91	59	26873.0000000000	26873.0000000000	2926	2942	2919	2935
91	60	552118.0000000000	552118.0000000000	2926	2942	2921	2937
91	61	76082.0000000000	76082.0000000000	2926	2942	2923	2939
91	62	-6282.0000000000	-6282.0000000000	2926	2942	2925	2941
91	63	186715.0000000000	186715.0000000000	2926	2942	2927	2943
92	0	-193440.0000000000	-193440.0000000000	2944	2960	2945	2961
92	1	-399900.0000000000	-399900.0000000000	2944	2960	2947	2963
92	2	-431520.0000000000	-431520.0000000000	2944	2960	2949	2965
92	3	119040.0000000000	119040.0000000000	2944	2960	2951	2967
92	4	572260.0000000000	572260.0000000000	2944	2960	2953	2969
92	5	52080.0000000000	52080.0000000000	2944	2960	2955	2971
92	6	-287060.0000000000	-287060.0000000000	2944	2960	2957	2973
92	7	168020.0000000000	168020.0000000000	2944	2960	2959	2975
92	8	-273624.0000000000	-273624.0000000000	2946	2962	2945	2961
92	9	-565665.0000000000	-565665.0000000000	2946	2962	2947	2963
92	10	-610392.0000000000	-610392.0000000000	2946	2962	2949	2965
92	11	168384.0000000000	168384.0000000000	2946	2962	2951	2967
92	12	809471.0000000000	809471.0000000000	2946	2962	2953	2969
92	13	73668.0000000000	73668.0000000000	2946	2962	2955	2971
92	14	-406051.0000000000	-406051.0000000000	2946	2962	2957	2973
92	15	237667.0000000000	237667.0000000000	2946	2962	2959	2975
92	16	119808.0000000000	119808.0000000000	2948	2964	2945	2961
92	17	247680.0000000000	247680.0000000000	2948	2964	2947	2963
92	18	267264.0000000000	267264.0000000000	2948	2964	2949	2965
92	19	-73728.0000000000	-73728.0000000000	2948	2964	2951	2967
92	20	-354432.0000000000	-354432.0000000000	2948	2964	2953	2969
92	21	-32256.0000000000	-32256.0000000000	2948	2964	2955	2971
92	22	177792.0000000000	177792.0000000000	2948	2964	2957	2973
92	23	-104064.0000000000	-104064.0000000000	2948	2964	2959	2975
92	24	25584.0000000000	25584.0000000000	2950	2966	2945	2961
92	25	52890.0000000000	52890.0000000000	2950	2966	2947	2963
92	26	57072.0000000000	57072.0000000000	2950	2966	2949	2965
92	27	-15744.0000000000	-15744.0000000000	2950	2966	2951	2967
92	28	-75686.0000000000	-75686.0000000000	2950	2966	2953	2969
92	29	-6888.0000000000	-6888.0000000000	2950	2966	2955	2971
92	30	37966.0000000000	37966.0000000000	2950	2966	2957	2973
92	31	-22222.0000000000	-22222.0000000000	2950	2966	2959	2975
92	32	-278304.0000000000	-278304.0000000000	2952	2968	2945	2961
92	33	-575340.0000000000	-575340.0000000000	2952	2968	2947	2963
92	34	-620832.0000000000	-620832.0000000000	2952	2968	2949	2965
92	35	171264.0000000000	171264.0000000000	2952	2968	2951	2967
92	36	823316.0000000000	823316.0000000000	2952	2968	2953	2969
92	37	74928.0000000000	74928.0000000000	2952	2968	2955	2971
92	38	-412996.0000000000	-412996.0000000000	2952	2968	2957	2973
92	39	241732.0000000000	241732.0000000000	2952	2968	2959	2975
92	40	-34008.0000000000	-34008.0000000000	2954	2970	2945	2961
92	41	-70305.0000000000	-70305.0000000000	2954	2970	2947	2963
92	42	-75864.0000000000	-75864.0000000000	2954	2970	2949	2965
92	43	20928.0000000000	20928.0000000000	2954	2970	2951	2967
92	44	100607.0000000000	100607.0000000000	2954	2970	2953	2969
92	45	9156.0000000000	9156.0000000000	2954	2970	2955	2971
92	46	-50467.0000000000	-50467.0000000000	2954	2970	2957	2973
92	47	29539.0000000000	29539.0000000000	2954	2970	2959	2975
92	48	-360672.0000000000	-360672.0000000000	2956	2972	2945	2961
92	49	-745620.0000000000	-745620.0000000000	2956	2972	2947	2963
92	50	-804576.0000000000	-804576.0000000000	2956	2972	2949	2965
92	51	221952.0000000000	221952.0000000000	2956	2972	2951	2967
92	52	1066988.0000000000	1066988.0000000000	2956	2972	2953	2969
92	53	97104.0000000000	97104.0000000000	2956	2972	2955	2971
92	54	-535228.0000000000	-535228.0000000000	2956	2972	2957	2973
92	55	313276.0000000000	313276.0000000000	2956	2972	2959	2975
92	56	-381888.0000000000	-381888.0000000000	2958	2974	2945	2961
92	57	-789480.0000000000	-789480.0000000000	2958	2974	2947	2963
92	58	-851904.0000000000	-851904.0000000000	2958	2974	2949	2965
92	59	235008.0000000000	235008.0000000000	2958	2974	2951	2967
92	60	1129752.0000000000	1129752.0000000000	2958	2974	2953	2969
92	61	102816.0000000000	102816.0000000000	2958	2974	2955	2971
92	62	-566712.0000000000	-566712.0000000000	2958	2974	2957	2973
92	63	331704.0000000000	331704.0000000000	2958	2974	2959	2975
93	0	764010.0000000000	764010.0000000000	2976	2992	2977	2993
93	1	785559.0000000000	785559.0000000000	2976	2992	2979	2995
93	2	-481261.0000000000	-481261.0000000000	2976	2992	2981	2997
93	3	108398.0000000000	108398.0000000000	2976	2992	2983	2999
93	4	92726.0000000000	92726.0000000000	2976	2992	2985	3001
93	5	-461018.0000000000	-461018.0000000000	2976	2992	2987	3003
93	6	-333683.0000000000	-333683.0000000000	2976	2992	2989	3005
93	7	-218102.0000000000	-218102.0000000000	2976	2992	2991	3007
93	8	383760.0000000000	383760.0000000000	2978	2994	2977	2993
93	9	394584.0000000000	394584.0000000000	2978	2994	2979	2995
93	10	-241736.0000000000	-241736.0000000000	2978	2994	2981	2997
93	11	54448.0000000000	54448.0000000000	2978	2994	2983	2999
93	12	46576.0000000000	46576.0000000000	2978	2994	2985	3001
93	13	-231568.0000000000	-231568.0000000000	2978	2994	2987	3003
93	14	-167608.0000000000	-167608.0000000000	2978	2994	2989	3005
93	15	-109552.0000000000	-109552.0000000000	2978	2994	2991	3007
93	16	-921960.0000000000	-921960.0000000000	2980	2996	2977	2993
93	17	-947964.0000000000	-947964.0000000000	2980	2996	2979	2995
93	18	580756.0000000000	580756.0000000000	2980	2996	2981	2997
93	19	-130808.0000000000	-130808.0000000000	2980	2996	2983	2999
93	20	-111896.0000000000	-111896.0000000000	2980	2996	2985	3001
93	21	556328.0000000000	556328.0000000000	2980	2996	2987	3003
93	22	402668.0000000000	402668.0000000000	2980	2996	2989	3005
93	23	263192.0000000000	263192.0000000000	2980	2996	2991	3007
93	24	-976950.0000000000	-976950.0000000000	2982	2998	2977	2993
93	25	-1004505.0000000000	-1004505.0000000000	2982	2998	2979	2995
93	26	615395.0000000000	615395.0000000000	2982	2998	2981	2997
93	27	-138610.0000000000	-138610.0000000000	2982	2998	2983	2999
93	28	-118570.0000000000	-118570.0000000000	2982	2998	2985	3001
93	29	589510.0000000000	589510.0000000000	2982	2998	2987	3003
93	30	426685.0000000000	426685.0000000000	2982	2998	2989	3005
93	31	278890.0000000000	278890.0000000000	2982	2998	2991	3007
93	32	-148590.0000000000	-148590.0000000000	2984	3000	2977	2993
93	33	-152781.0000000000	-152781.0000000000	2984	3000	2979	2995
93	34	93599.0000000000	93599.0000000000	2984	3000	2981	2997
93	35	-21082.0000000000	-21082.0000000000	2984	3000	2983	2999
93	36	-18034.0000000000	-18034.0000000000	2984	3000	2985	3001
93	37	89662.0000000000	89662.0000000000	2984	3000	2987	3003
93	38	64897.0000000000	64897.0000000000	2984	3000	2989	3005
93	39	42418.0000000000	42418.0000000000	2984	3000	2991	3007
93	40	389610.0000000000	389610.0000000000	2986	3002	2977	2993
93	41	400599.0000000000	400599.0000000000	2986	3002	2979	2995
93	42	-245421.0000000000	-245421.0000000000	2986	3002	2981	2997
93	43	55278.0000000000	55278.0000000000	2986	3002	2983	2999
93	44	47286.0000000000	47286.0000000000	2986	3002	2985	3001
93	45	-235098.0000000000	-235098.0000000000	2986	3002	2987	3003
93	46	-170163.0000000000	-170163.0000000000	2986	3002	2989	3005
93	47	-111222.0000000000	-111222.0000000000	2986	3002	2991	3007
93	48	266760.0000000000	266760.0000000000	2988	3004	2977	2993
93	49	274284.0000000000	274284.0000000000	2988	3004	2979	2995
93	50	-168036.0000000000	-168036.0000000000	2988	3004	2981	2997
93	51	37848.0000000000	37848.0000000000	2988	3004	2983	2999
93	52	32376.0000000000	32376.0000000000	2988	3004	2985	3001
93	53	-160968.0000000000	-160968.0000000000	2988	3004	2987	3003
93	54	-116508.0000000000	-116508.0000000000	2988	3004	2989	3005
93	55	-76152.0000000000	-76152.0000000000	2988	3004	2991	3007
93	56	-413010.0000000000	-413010.0000000000	2990	3006	2977	2993
93	57	-424659.0000000000	-424659.0000000000	2990	3006	2979	2995
93	58	260161.0000000000	260161.0000000000	2990	3006	2981	2997
93	59	-58598.0000000000	-58598.0000000000	2990	3006	2983	2999
93	60	-50126.0000000000	-50126.0000000000	2990	3006	2985	3001
93	61	249218.0000000000	249218.0000000000	2990	3006	2987	3003
93	62	180383.0000000000	180383.0000000000	2990	3006	2989	3005
93	63	117902.0000000000	117902.0000000000	2990	3006	2991	3007
94	0	684.0000000000	684.0000000000	3008	3024	3009	3025
94	1	-22800.0000000000	-22800.0000000000	3008	3024	3011	3027
94	2	147744.0000000000	147744.0000000000	3008	3024	3013	3029
94	3	-28956.0000000000	-28956.0000000000	3008	3024	3015	3031
94	4	25080.0000000000	25080.0000000000	3008	3024	3017	3033
94	5	-71364.0000000000	-71364.0000000000	3008	3024	3019	3035
94	6	-97128.0000000000	-97128.0000000000	3008	3024	3021	3037
94	7	-232788.0000000000	-232788.0000000000	3008	3024	3023	3039
94	8	786.0000000000	786.0000000000	3010	3026	3009	3025
94	9	-26200.0000000000	-26200.0000000000	3010	3026	3011	3027
94	10	169776.0000000000	169776.0000000000	3010	3026	3013	3029
94	11	-33274.0000000000	-33274.0000000000	3010	3026	3015	3031
94	12	28820.0000000000	28820.0000000000	3010	3026	3017	3033
94	13	-82006.0000000000	-82006.0000000000	3010	3026	3019	3035
94	14	-111612.0000000000	-111612.0000000000	3010	3026	3021	3037
94	15	-267502.0000000000	-267502.0000000000	3010	3026	3023	3039
94	16	-228.0000000000	-228.0000000000	3012	3028	3009	3025
94	17	7600.0000000000	7600.0000000000	3012	3028	3011	3027
94	18	-49248.0000000000	-49248.0000000000	3012	3028	3013	3029
94	19	9652.0000000000	9652.0000000000	3012	3028	3015	3031
94	20	-8360.0000000000	-8360.0000000000	3012	3028	3017	3033
94	21	23788.0000000000	23788.0000000000	3012	3028	3019	3035
94	22	32376.0000000000	32376.0000000000	3012	3028	3021	3037
94	23	77596.0000000000	77596.0000000000	3012	3028	3023	3039
94	24	-537.0000000000	-537.0000000000	3014	3030	3009	3025
94	25	17900.0000000000	17900.0000000000	3014	3030	3011	3027
94	26	-115992.0000000000	-115992.0000000000	3014	3030	3013	3029
94	27	22733.0000000000	22733.0000000000	3014	3030	3015	3031
94	28	-19690.0000000000	-19690.0000000000	3014	3030	3017	3033
94	29	56027.0000000000	56027.0000000000	3014	3030	3019	3035
94	30	76254.0000000000	76254.0000000000	3014	3030	3021	3037
94	31	182759.0000000000	182759.0000000000	3014	3030	3023	3039
94	32	837.0000000000	837.0000000000	3016	3032	3009	3025
94	33	-27900.0000000000	-27900.0000000000	3016	3032	3011	3027
94	34	180792.0000000000	180792.0000000000	3016	3032	3013	3029
94	35	-35433.0000000000	-35433.0000000000	3016	3032	3015	3031
94	36	30690.0000000000	30690.0000000000	3016	3032	3017	3033
94	37	-87327.0000000000	-87327.0000000000	3016	3032	3019	3035
94	38	-118854.0000000000	-118854.0000000000	3016	3032	3021	3037
94	39	-284859.0000000000	-284859.0000000000	3016	3032	3023	3039
94	40	1419.0000000000	1419.0000000000	3018	3034	3009	3025
94	41	-47300.0000000000	-47300.0000000000	3018	3034	3011	3027
94	42	306504.0000000000	306504.0000000000	3018	3034	3013	3029
94	43	-60071.0000000000	-60071.0000000000	3018	3034	3015	3031
94	44	52030.0000000000	52030.0000000000	3018	3034	3017	3033
94	45	-148049.0000000000	-148049.0000000000	3018	3034	3019	3035
94	46	-201498.0000000000	-201498.0000000000	3018	3034	3021	3037
94	47	-482933.0000000000	-482933.0000000000	3018	3034	3023	3039
94	48	-348.0000000000	-348.0000000000	3020	3036	3009	3025
94	49	11600.0000000000	11600.0000000000	3020	3036	3011	3027
94	50	-75168.0000000000	-75168.0000000000	3020	3036	3013	3029
94	51	14732.0000000000	14732.0000000000	3020	3036	3015	3031
94	52	-12760.0000000000	-12760.0000000000	3020	3036	3017	3033
94	53	36308.0000000000	36308.0000000000	3020	3036	3019	3035
94	54	49416.0000000000	49416.0000000000	3020	3036	3021	3037
94	55	118436.0000000000	118436.0000000000	3020	3036	3023	3039
94	56	1113.0000000000	1113.0000000000	3022	3038	3009	3025
94	57	-37100.0000000000	-37100.0000000000	3022	3038	3011	3027
94	58	240408.0000000000	240408.0000000000	3022	3038	3013	3029
94	59	-47117.0000000000	-47117.0000000000	3022	3038	3015	3031
94	60	40810.0000000000	40810.0000000000	3022	3038	3017	3033
94	61	-116123.0000000000	-116123.0000000000	3022	3038	3019	3035
94	62	-158046.0000000000	-158046.0000000000	3022	3038	3021	3037
94	63	-378791.0000000000	-378791.0000000000	3022	3038	3023	3039
95	0	81600.0000000000	81600.0000000000	3040	3056	3041	3057
95	1	118800.0000000000	118800.0000000000	3040	3056	3043	3059
95	2	22050.0000000000	22050.0000000000	3040	3056	3045	3061
95	3	51000.0000000000	51000.0000000000	3040	3056	3047	3063
95	4	-165600.0000000000	-165600.0000000000	3040	3056	3049	3065
95	5	-126000.0000000000	-126000.0000000000	3040	3056	3051	3067
95	6	4800.0000000000	4800.0000000000	3040	3056	3053	3069
95	7	-32400.0000000000	-32400.0000000000	3040	3056	3055	3071
95	8	332384.0000000000	332384.0000000000	3042	3058	3041	3057
95	9	483912.0000000000	483912.0000000000	3042	3058	3043	3059
95	10	89817.0000000000	89817.0000000000	3042	3058	3045	3061
95	11	207740.0000000000	207740.0000000000	3042	3058	3047	3063
95	12	-674544.0000000000	-674544.0000000000	3042	3058	3049	3065
95	13	-513240.0000000000	-513240.0000000000	3042	3058	3051	3067
95	14	19552.0000000000	19552.0000000000	3042	3058	3053	3069
95	15	-131976.0000000000	-131976.0000000000	3042	3058	3055	3071
95	16	202368.0000000000	202368.0000000000	3044	3060	3041	3057
95	17	294624.0000000000	294624.0000000000	3044	3060	3043	3059
95	18	54684.0000000000	54684.0000000000	3044	3060	3045	3061
95	19	126480.0000000000	126480.0000000000	3044	3060	3047	3063
95	20	-410688.0000000000	-410688.0000000000	3044	3060	3049	3065
95	21	-312480.0000000000	-312480.0000000000	3044	3060	3051	3067
95	22	11904.0000000000	11904.0000000000	3044	3060	3053	3069
95	23	-80352.0000000000	-80352.0000000000	3044	3060	3055	3071
95	24	467296.0000000000	467296.0000000000	3046	3062	3041	3057
95	25	680328.0000000000	680328.0000000000	3046	3062	3043	3059
95	26	126273.0000000000	126273.0000000000	3046	3062	3045	3061
95	27	292060.0000000000	292060.0000000000	3046	3062	3047	3063
95	28	-948336.0000000000	-948336.0000000000	3046	3062	3049	3065
95	29	-721560.0000000000	-721560.0000000000	3046	3062	3051	3067
95	30	27488.0000000000	27488.0000000000	3046	3062	3053	3069
95	31	-185544.0000000000	-185544.0000000000	3046	3062	3055	3071
95	32	217600.0000000000	217600.0000000000	3048	3064	3041	3057
95	33	316800.0000000000	316800.0000000000	3048	3064	3043	3059
95	34	58800.0000000000	58800.0000000000	3048	3064	3045	3061
95	35	136000.0000000000	136000.0000000000	3048	3064	3047	3063
95	36	-441600.0000000000	-441600.0000000000	3048	3064	3049	3065
95	37	-336000.0000000000	-336000.0000000000	3048	3064	3051	3067
95	38	12800.0000000000	12800.0000000000	3048	3064	3053	3069
95	39	-86400.0000000000	-86400.0000000000	3048	3064	3055	3071
95	40	-329120.0000000000	-329120.0000000000	3050	3066	3041	3057
95	41	-479160.0000000000	-479160.0000000000	3050	3066	3043	3059
95	42	-88935.0000000000	-88935.0000000000	3050	3066	3045	3061
95	43	-205700.0000000000	-205700.0000000000	3050	3066	3047	3063
95	44	667920.0000000000	667920.0000000000	3050	3066	3049	3065
95	45	508200.0000000000	508200.0000000000	3050	3066	3051	3067
95	46	-19360.0000000000	-19360.0000000000	3050	3066	3053	3069
95	47	130680.0000000000	130680.0000000000	3050	3066	3055	3071
95	48	-478720.0000000000	-478720.0000000000	3052	3068	3041	3057
95	49	-696960.0000000000	-696960.0000000000	3052	3068	3043	3059
95	50	-129360.0000000000	-129360.0000000000	3052	3068	3045	3061
95	51	-299200.0000000000	-299200.0000000000	3052	3068	3047	3063
95	52	971520.0000000000	971520.0000000000	3052	3068	3049	3065
95	53	739200.0000000000	739200.0000000000	3052	3068	3051	3067
95	54	-28160.0000000000	-28160.0000000000	3052	3068	3053	3069
95	55	190080.0000000000	190080.0000000000	3052	3068	3055	3071
95	56	-303552.0000000000	-303552.0000000000	3054	3070	3041	3057
95	57	-441936.0000000000	-441936.0000000000	3054	3070	3043	3059
95	58	-82026.0000000000	-82026.0000000000	3054	3070	3045	3061
95	59	-189720.0000000000	-189720.0000000000	3054	3070	3047	3063
95	60	616032.0000000000	616032.0000000000	3054	3070	3049	3065
95	61	468720.0000000000	468720.0000000000	3054	3070	3051	3067
95	62	-17856.0000000000	-17856.0000000000	3054	3070	3053	3069
95	63	120528.0000000000	120528.0000000000	3054	3070	3055	3071
